%time,field.data
5982448000000,0
5982448000000,0
5982448000000,0
5982448000000,0
5982448000000,0
5982448000000,0
5982448000000,0
5982448000000,0
5982482000000,0
5982482000000,0
5982482000000,0
5982499000000,0
5982499000000,0
5982499000000,0
5982499000000,0
5982499000000,0
5982533000000,0
5982533000000,0
5982533000000,0
5982533000000,0
5982533000000,0
5982533000000,0
5982533000000,0
5982533000000,0
5982533000000,0
5982533000000,0
5982550000000,0
5982550000000,0
5982550000000,0
5982550000000,0
5982550000000,0
5982550000000,0
5982550000000,0
5982550000000,0
5982550000000,0
5982550000000,0
5982550000000,0
5982567000000,0
5982567000000,0
5982567000000,0
5982567000000,0
5982567000000,0
5982567000000,0
5982567000000,0
5982567000000,0
5982567000000,0
5982567000000,0
5982567000000,0
5982567000000,0
5982601000000,0
5982601000000,0
5982601000000,0
5982601000000,0
5982601000000,0
5982601000000,0
5982601000000,0
5982601000000,0
5982601000000,0
5982635000000,0
5982635000000,0
5982635000000,0
5982635000000,0
5982635000000,0
5982635000000,0
5982635000000,0
5982635000000,0
5982635000000,0
5982652000000,0
5982652000000,0
5982652000000,0
5982652000000,0
5982652000000,0
5982652000000,0
5982652000000,0
5982652000000,0
5982652000000,0
5982652000000,0
5982652000000,0
5982652000000,0
5982652000000,0
5982652000000,0
5982652000000,0
5982687000000,0
5982687000000,0
5982687000000,0
5982687000000,0
5982687000000,0
5982687000000,0
5982687000000,0
5982687000000,0
5982687000000,0
5982704000000,0
5982704000000,0
5982704000000,0
5982721000000,0
5982721000000,0
5982721000000,0
5982721000000,0
5982721000000,0
5982738000000,0
5982738000000,0
5982738000000,0
5982755000000,0
5982755000000,0
5982755000000,0
5982755000000,0
5982755000000,0
5982755000000,0
5982755000000,0
5982755000000,0
5982755000000,0
5982755000000,0
5982755000000,0
5982755000000,0
5982755000000,0
5982755000000,0
5982755000000,0
5982755000000,0
5982755000000,0
5982755000000,0
5982772000000,0
5982772000000,0
5982772000000,0
5982772000000,0
5982772000000,0
5982772000000,0
5982772000000,0
5982772000000,0
5982772000000,0
5982772000000,0
5982772000000,0
5982772000000,0
5982772000000,0
5982789000000,0
5982789000000,0
5982789000000,0
5982789000000,0
5982789000000,0
5982789000000,0
5982789000000,0
5982806000000,0
5982806000000,0
5982806000000,0
5982806000000,0
5982806000000,0
5982806000000,0
5982840000000,0
5982840000000,0
5982840000000,0
5982840000000,0
5982840000000,0
5982840000000,0
5982840000000,0
5982840000000,0
5982840000000,0
5982840000000,0
5982857000000,0
5982857000000,0
5982857000000,0
5982857000000,0
5982857000000,0
5982857000000,0
5982857000000,0
5982857000000,0
5982857000000,0
5982857000000,0
5982857000000,0
5982875000000,0
5982875000000,0
5982875000000,0
5982875000000,0
5982875000000,0
5982875000000,0
5982875000000,0
5982875000000,0
5982875000000,0
5982892000000,0
5982892000000,0
5982892000000,0
5982892000000,0
5982892000000,0
5982892000000,0
5982892000000,0
5982892000000,0
5982892000000,0
5982926000000,0
5982926000000,0
5982926000000,0
5982926000000,0
5982926000000,0
5982926000000,0
5982926000000,0
5982926000000,0
5982943000000,0
5982943000000,0
5982943000000,0
5982943000000,0
5982943000000,0
5982943000000,0
5982943000000,0
5982943000000,0
5982943000000,0
5982943000000,0
5982943000000,0
5982960000000,0
5982960000000,0
5982960000000,0
5982977000000,0
5982977000000,0
5982977000000,0
5982977000000,0
5982994000000,0
5982994000000,0
5982994000000,0
5983011000000,0
5983011000000,0
5983011000000,0
5983011000000,0
5983011000000,0
5983028000000,0
5983028000000,0
5983028000000,0
5983028000000,0
5983028000000,0
5983028000000,0
5983045000000,0
5983045000000,0
5983045000000,0
5983045000000,0
5983045000000,0
5983045000000,0
5983045000000,0
5983045000000,0
5983045000000,0
5983062000000,0
5983062000000,0
5983062000000,0
5983062000000,0
5983062000000,0
5983062000000,0
5983062000000,0
5983062000000,0
5983062000000,0
5983062000000,0
5983062000000,0
5983062000000,0
5983062000000,0
5983062000000,0
5983062000000,0
5983062000000,0
5983062000000,0
5983079000000,0
5983079000000,0
5983096000000,0
5983096000000,0
5983096000000,0
5983096000000,0
5983096000000,0
5983096000000,0
5983096000000,0
5983096000000,0
5983096000000,0
5983096000000,0
5983130000000,0
5983130000000,0
5983130000000,0
5983130000000,0
5983130000000,0
5983130000000,0
5983130000000,0
5983130000000,0
5983130000000,0
5983147000000,0
5983147000000,0
5983147000000,0
5983147000000,0
5983147000000,0
5983147000000,0
5983147000000,0
5983147000000,0
5983147000000,0
5983147000000,0
5983147000000,0
5983147000000,0
5983147000000,0
5983164000000,0
5983164000000,0
5983164000000,0
5983164000000,0
5983164000000,0
5983164000000,0
5983181000000,0
5983198000000,0
5983198000000,0
5983198000000,0
5983198000000,0
5983215000000,0
5983215000000,0
5983215000000,0
5983215000000,0
5983215000000,0
5983215000000,0
5983215000000,0
5983215000000,0
5983215000000,0
5983232000000,0
5983232000000,0
5983232000000,0
5983232000000,0
5983232000000,0
5983232000000,0
5983249000000,0
5983249000000,0
5983249000000,0
5983249000000,0
5983249000000,0
5983249000000,0
5983249000000,0
5983249000000,0
5983249000000,0
5983249000000,0
5983249000000,0
5983249000000,0
5983249000000,0
5983249000000,0
5983249000000,0
5983266000000,0
5983266000000,0
5983266000000,0
5983266000000,0
5983266000000,0
5983266000000,0
5983266000000,0
5983266000000,0
5983266000000,0
5983266000000,0
5983266000000,0
5983266000000,0
5983266000000,0
5983283000000,0
5983283000000,0
5983283000000,0
5983283000000,0
5983283000000,0
5983283000000,0
5983283000000,0
5983300000000,0
5983300000000,0
5983300000000,0
5983300000000,0
5983300000000,0
5983334000000,0
5983334000000,0
5983334000000,0
5983334000000,0
5983368000000,0
5983368000000,0
5983368000000,0
5983368000000,0
5983368000000,0
5983368000000,0
5983368000000,0
5983368000000,0
5983385000000,0
5983385000000,0
5983385000000,0
5983385000000,0
5983385000000,0
5983385000000,0
5983402000000,0
5983402000000,0
5983402000000,0
5983419000000,0
5983419000000,0
5983419000000,0
5983436000000,0
5983436000000,0
5983436000000,0
5983436000000,0
5983436000000,0
5983436000000,0
5983436000000,0
5983436000000,0
5983436000000,0
5983453000000,0
5983453000000,0
5983453000000,0
5983453000000,0
5983453000000,0
5983453000000,0
5983453000000,0
5983453000000,0
5983453000000,0
5983453000000,0
5983453000000,0
5983453000000,0
5983470000000,0
5983470000000,0
5983470000000,0
5983487000000,0
5983487000000,0
5983487000000,0
5983487000000,0
5983487000000,0
5983504000000,0
5983521000000,0
5983521000000,0
5983521000000,0
5983521000000,0
5983521000000,0
5983521000000,0
5983521000000,0
5983538000000,0
5983538000000,0
5983538000000,0
5983538000000,0
5983538000000,0
5983538000000,0
5983538000000,0
5983538000000,0
5983538000000,0
5983538000000,0
5983538000000,0
5983538000000,0
5983538000000,0
5983552000000,0
5983552000000,0
5983552000000,0
5983552000000,0
5983552000000,0
5983552000000,0
5983552000000,0
5983552000000,0
5983552000000,0
5983552000000,0
5983569000000,0
5983569000000,0
5983569000000,0
5983569000000,0
5983569000000,0
5983569000000,0
5983569000000,0
5983586000000,0
5983586000000,0
5983586000000,0
5983586000000,0
5983603000000,0
5983603000000,0
5983603000000,0
5983620000000,0
5983620000000,0
5983620000000,0
5983620000000,0
5983637000000,0
5983637000000,0
5983637000000,0
5983637000000,0
5983637000000,0
5983637000000,0
5983637000000,0
5983637000000,0
5983637000000,0
5983637000000,0
5983637000000,0
5983637000000,0
5983637000000,0
5983637000000,0
5983637000000,0
5983637000000,0
5983656000000,0
5983656000000,0
5983656000000,0
5983656000000,0
5983656000000,0
5983656000000,0
5983656000000,0
5983656000000,0
5983656000000,0
5983656000000,0
5983673000000,0
5983673000000,0
5983673000000,0
5983673000000,0
5983673000000,0
5983673000000,0
5983690000000,0
5983690000000,0
5983690000000,0
5983690000000,0
5983724000000,0
5983724000000,0
5983724000000,0
5983724000000,0
5983724000000,0
5983724000000,0
5983724000000,0
5983724000000,0
5983724000000,0
5983724000000,0
5983741000000,0
5983741000000,0
5983741000000,0
5983741000000,0
5983741000000,0
5983741000000,0
5983741000000,0
5983741000000,0
5983741000000,0
5983741000000,0
5983758000000,0
5983758000000,0
5983758000000,0
5983758000000,0
5983758000000,0
5983758000000,0
5983758000000,0
5983792000000,0
5983792000000,0
5983792000000,0
5983792000000,0
5983792000000,0
5983792000000,0
5983792000000,0
5983792000000,0
5983809000000,0
5983809000000,0
5983809000000,0
5983809000000,0
5983809000000,0
5983826000000,0
5983826000000,0
5983826000000,0
5983826000000,0
5983843000000,0
5983843000000,0
5983843000000,0
5983843000000,0
5983843000000,0
5983843000000,0
5983843000000,0
5983843000000,0
5983843000000,0
5983843000000,0
5983843000000,0
5983843000000,0
5983860000000,0
5983860000000,0
5983860000000,0
5983860000000,0
5983860000000,0
5983860000000,0
5983860000000,0
5983860000000,0
5983860000000,0
5983860000000,0
5983877000000,0
5983877000000,0
5983877000000,0
5983877000000,0
5983877000000,0
5983877000000,0
5983877000000,0
5983877000000,0
5983877000000,0
5983894000000,0
5983911000000,0
5983911000000,0
5983911000000,0
5983911000000,0
5983911000000,0
5983911000000,0
5983911000000,0
5983911000000,0
5983911000000,0
5983911000000,0
5983911000000,0
5983945000000,0
5983945000000,0
5983945000000,0
5983945000000,0
5983945000000,0
5983945000000,0
5983945000000,0
5983945000000,0
5983945000000,0
5983945000000,0
5983945000000,0
5983945000000,0
5983962000000,0
5983962000000,0
5983962000000,0
5983962000000,0
5983962000000,0
5983962000000,0
5983962000000,0
5983962000000,0
5983962000000,0
5983962000000,0
5983962000000,0
5983962000000,0
5983962000000,0
5983962000000,0
5983996000000,0
5983996000000,0
5983996000000,0
5984030000000,0
5984030000000,0
5984030000000,0
5984030000000,0
5984030000000,0
5984030000000,0
5984030000000,0
5984030000000,0
5984047000000,0
5984047000000,0
5984047000000,0
5984047000000,0
5984047000000,0
5984047000000,0
5984047000000,0
5984047000000,0
5984047000000,0
5984047000000,0
5984047000000,0
5984047000000,0
5984047000000,0
5984047000000,0
5984047000000,0
5984047000000,0
5984047000000,0
5984047000000,0
5984047000000,0
5984047000000,0
5984064000000,0
5984064000000,0
5984064000000,0
5984064000000,0
5984064000000,0
5984064000000,0
5984064000000,0
5984064000000,0
5984064000000,0
5984064000000,0
5984098000000,0
5984098000000,0
5984098000000,0
5984098000000,0
5984098000000,0
5984098000000,0
5984098000000,0
5984098000000,0
5984098000000,0
5984098000000,0
5984098000000,0
5984098000000,0
5984098000000,0
5984098000000,0
5984098000000,0
5984115000000,0
5984115000000,0
5984115000000,0
5984115000000,0
5984115000000,0
5984115000000,0
5984115000000,0
5984115000000,0
5984115000000,0
5984115000000,0
5984149000000,0
5984149000000,0
5984149000000,0
5984149000000,0
5984149000000,0
5984149000000,0
5984149000000,0
5984149000000,0
5984149000000,0
5984149000000,0
5984149000000,0
5984149000000,0
5984149000000,0
5984166000000,0
5984166000000,0
5984166000000,0
5984166000000,0
5984166000000,0
5984166000000,0
5984166000000,0
5984183000000,0
5984183000000,0
5984183000000,0
5984183000000,0
5984183000000,0
5984183000000,0
5984200000000,0
5984200000000,0
5984200000000,0
5984200000000,0
5984200000000,0
5984200000000,0
5984200000000,0
5984217000000,0
5984217000000,0
5984217000000,0
5984217000000,0
5984217000000,0
5984217000000,0
5984234000000,0
5984234000000,0
5984234000000,0
5984234000000,0
5984234000000,0
5984234000000,0
5984234000000,0
5984234000000,0
5984234000000,0
5984234000000,0
5984234000000,0
5984234000000,0
5984234000000,0
5984251000000,0
5984251000000,0
5984251000000,0
5984251000000,0
5984251000000,0
5984251000000,0
5984251000000,0
5984251000000,0
5984251000000,0
5984251000000,0
5984268000000,0
5984268000000,0
5984268000000,0
5984268000000,0
5984268000000,0
5984268000000,0
5984268000000,0
5984268000000,0
5984285000000,0
5984285000000,0
5984285000000,0
5984285000000,0
5984285000000,0
5984302000000,0
5984319000000,0
5984319000000,0
5984319000000,0
5984319000000,0
5984319000000,0
5984319000000,0
5984336000000,0
5984336000000,0
5984336000000,0
5984336000000,0
5984336000000,0
5984336000000,0
5984336000000,0
5984353000000,0
5984353000000,0
5984353000000,0
5984353000000,0
5984353000000,0
5984353000000,0
5984353000000,0
5984353000000,0
5984353000000,0
5984353000000,0
5984353000000,0
5984353000000,0
5984353000000,0
5984370000000,0
5984370000000,0
5984370000000,0
5984370000000,0
5984370000000,0
5984370000000,0
5984370000000,0
5984370000000,0
5984370000000,0
5984370000000,0
5984370000000,0
5984370000000,0
5984370000000,0
5984370000000,0
5984404000000,0
5984404000000,0
5984404000000,0
5984404000000,0
5984404000000,0
5984404000000,0
5984404000000,0
5984404000000,0
5984404000000,0
5984438000000,0
5984438000000,0
5984438000000,0
5984438000000,0
5984438000000,0
5984438000000,0
5984438000000,0
5984438000000,0
5984438000000,0
5984438000000,0
5984438000000,0
5984438000000,0
5984438000000,0
5984438000000,0
5984438000000,0
5984455000000,0
5984455000000,0
5984455000000,0
5984455000000,0
5984455000000,0
5984455000000,0
5984455000000,0
5984455000000,0
5984455000000,0
5984455000000,0
5984455000000,0
5984455000000,0
5984455000000,0
5984472000000,0
5984472000000,0
5984489000000,0
5984489000000,0
5984489000000,0
5984489000000,0
5984489000000,0
5984489000000,0
5984489000000,0
5984489000000,0
5984506000000,0
5984506000000,0
5984506000000,0
5984506000000,0
5984506000000,0
5984506000000,0
5984506000000,0
5984540000000,0
5984540000000,0
5984540000000,0
5984540000000,0
5984540000000,0
5984540000000,0
5984540000000,0
5984540000000,0
5984540000000,0
5984540000000,0
5984540000000,0
5984548000000,0
5984548000000,0
5984548000000,0
5984548000000,0
5984548000000,0
5984548000000,0
5984548000000,0
5984565000000,0
5984565000000,0
5984565000000,0
5984565000000,0
5984565000000,0
5984565000000,0
5984565000000,0
5984565000000,0
5984565000000,0
5984565000000,0
5984565000000,0
5984567000000,0
5984582000000,0
5984582000000,0
5984582000000,0
5984582000000,0
5984582000000,0
5984582000000,0
5984582000000,0
5984582000000,0
5984582000000,0
5984582000000,0
5984616000000,0
5984616000000,0
5984616000000,0
5984616000000,0
5984616000000,0
5984616000000,0
5984616000000,0
5984616000000,0
5984616000000,0
5984616000000,0
5984616000000,0
5984616000000,0
5984616000000,0
5984633000000,0
5984650000000,0
5984650000000,0
5984650000000,0
5984650000000,0
5984650000000,0
5984650000000,0
5984650000000,0
5984650000000,0
5984650000000,0
5984650000000,0
5984667000000,0
5984667000000,0
5984667000000,0
5984667000000,0
5984667000000,0
5984667000000,0
5984667000000,0
5984667000000,0
5984667000000,0
5984667000000,0
5984667000000,0
5984667000000,0
5984684000000,0
5984701000000,0
5984701000000,0
5984701000000,0
5984701000000,0
5984701000000,0
5984701000000,0
5984735000000,0
5984735000000,0
5984735000000,0
5984735000000,0
5984735000000,0
5984735000000,0
5984735000000,0
5984735000000,0
5984735000000,0
5984735000000,0
5984752000000,0
5984752000000,0
5984752000000,0
5984752000000,0
5984752000000,0
5984752000000,0
5984752000000,0
5984752000000,0
5984752000000,0
5984752000000,0
5984752000000,0
5984752000000,0
5984752000000,0
5984752000000,0
5984769000000,0
5984769000000,0
5984769000000,0
5984769000000,0
5984769000000,0
5984769000000,0
5984769000000,0
5984769000000,0
5984769000000,0
5984769000000,0
5984769000000,0
5984769000000,0
5984786000000,0
5984786000000,0
5984803000000,0
5984803000000,0
5984803000000,0
5984803000000,0
5984803000000,0
5984837000000,0
5984837000000,0
5984837000000,0
5984837000000,0
5984837000000,0
5984837000000,0
5984837000000,0
5984837000000,0
5984837000000,0
5984849000000,0
5984849000000,0
5984849000000,0
5984849000000,0
5984849000000,0
5984849000000,0
5984849000000,0
5984849000000,0
5984849000000,0
5984849000000,0
5984849000000,0
5984849000000,0
5984849000000,0
5984849000000,0
5984849000000,0
5984866000000,0
5984866000000,0
5984866000000,0
5984866000000,0
5984866000000,0
5984866000000,0
5984866000000,0
5984866000000,0
5984866000000,0
5984866000000,0
5984866000000,0
5984866000000,0
5984866000000,0
5984866000000,0
5984866000000,0
5984866000000,0
5984866000000,0
5984883000000,0
5984883000000,0
5984900000000,0
5984900000000,0
5984900000000,0
5984900000000,0
5984900000000,0
5984900000000,0
5984900000000,0
5984951000000,0
5984951000000,0
5984951000000,0
5984951000000,0
5984951000000,0
5984951000000,0
5984951000000,0
5984951000000,0
5984951000000,0
5984951000000,0
5984951000000,0
5984951000000,0
5984951000000,0
5984951000000,0
5984951000000,0
5984968000000,0
5984968000000,0
5984968000000,0
5984968000000,0
5984968000000,0
5984968000000,0
5984968000000,0
5984968000000,0
5984968000000,0
5984968000000,0
5984968000000,0
5984968000000,0
5984985000000,0
5984985000000,0
5984985000000,0
5984985000000,0
5984985000000,0
5984985000000,0
5984985000000,0
5984985000000,0
5984985000000,0
5984985000000,0
5984985000000,0
5984985000000,0
5985002000000,0
5985002000000,0
5985019000000,0
5985019000000,0
5985019000000,0
5985019000000,0
5985019000000,0
5985036000000,0
5985036000000,0
5985036000000,0
5985036000000,0
5985036000000,0
5985036000000,0
5985036000000,0
5985036000000,0
5985036000000,0
5985058000000,0
5985058000000,0
5985058000000,0
5985058000000,0
5985058000000,0
5985058000000,0
5985058000000,0
5985058000000,0
5985058000000,0
5985058000000,0
5985058000000,0
5985076000000,0
5985076000000,0
5985076000000,0
5985093000000,0
5985093000000,0
5985093000000,0
5985093000000,0
5985093000000,0
5985093000000,0
5985093000000,0
5985127000000,0
5985127000000,0
5985127000000,0
5985127000000,0
5985127000000,0
5985127000000,0
5985127000000,0
5985127000000,0
5985127000000,0
5985144000000,0
5985144000000,0
5985144000000,0
5985144000000,0
5985144000000,0
5985144000000,0
5985144000000,0
5985144000000,0
5985144000000,0
5985144000000,0
5985144000000,0
5985144000000,0
5985161000000,0
5985161000000,0
5985161000000,0
5985161000000,0
5985161000000,0
5985161000000,0
5985161000000,0
5985161000000,0
5985161000000,0
5985161000000,0
5985161000000,0
5985161000000,0
5985161000000,0
5985161000000,0
5985195000000,0
5985195000000,0
5985195000000,0
5985195000000,0
5985195000000,0
5985195000000,0
5985229000000,0
5985229000000,0
5985229000000,0
5985229000000,0
5985246000000,0
5985246000000,0
5985246000000,0
5985246000000,0
5985246000000,0
5985246000000,0
5985246000000,0
5985246000000,0
5985246000000,0
5985246000000,0
5985246000000,0
5985246000000,0
5985246000000,0
5985246000000,0
5985263000000,0
5985263000000,0
5985263000000,0
5985263000000,0
5985263000000,0
5985263000000,0
5985263000000,0
5985263000000,0
5985263000000,0
5985280000000,0
5985280000000,0
5985280000000,0
5985280000000,0
5985280000000,0
5985280000000,0
5985297000000,0
5985297000000,0
5985297000000,0
5985297000000,0
5985314000000,0
5985331000000,0
5985331000000,0
5985331000000,0
5985331000000,0
5985348000000,0
5985348000000,0
5985348000000,0
5985348000000,0
5985348000000,0
5985348000000,0
5985348000000,0
5985348000000,0
5985348000000,0
5985348000000,0
5985348000000,0
5985348000000,0
5985348000000,0
5985348000000,0
5985348000000,0
5985348000000,0
5985348000000,0
5985348000000,0
5985365000000,0
5985365000000,0
5985365000000,0
5985365000000,0
5985365000000,0
5985365000000,0
5985365000000,0
5985365000000,0
5985365000000,0
5985365000000,0
5985365000000,0
5985382000000,0
5985382000000,0
5985382000000,0
5985382000000,0
5985382000000,0
5985399000000,0
5985399000000,0
5985399000000,0
5985399000000,0
5985399000000,0
5985416000000,0
5985416000000,0
5985416000000,0
5985416000000,0
5985416000000,0
5985433000000,0
5985433000000,0
5985433000000,0
5985433000000,0
5985450000000,0
5985450000000,0
5985450000000,0
5985450000000,0
5985450000000,0
5985450000000,0
5985450000000,0
5985450000000,0
5985450000000,0
5985450000000,0
5985450000000,0
5985450000000,0
5985450000000,0
5985450000000,0
5985450000000,0
5985450000000,0
5985450000000,0
5985467000000,0
5985467000000,0
5985467000000,0
5985467000000,0
5985467000000,0
5985467000000,0
5985467000000,0
5985467000000,0
5985467000000,0
5985501000000,0
5985501000000,0
5985501000000,0
5985501000000,0
5985501000000,0
5985501000000,0
5985501000000,0
5985518000000,0
5985518000000,0
5985518000000,0
5985518000000,0
5985518000000,0
5985535000000,0
5985535000000,0
5985535000000,0
5985535000000,0
5985535000000,0
5985535000000,0
5985535000000,0
5985552000000,0
5985552000000,0
5985552000000,0
5985552000000,0
5985552000000,0
5985552000000,0
5985552000000,0
5985552000000,0
5985552000000,0
5985552000000,0
5985552000000,0
5985552000000,0
5985552000000,0
5985569000000,0
5985569000000,0
5985569000000,0
5985569000000,0
5985569000000,0
5985569000000,0
5985569000000,0
5985569000000,0
5985586000000,0
5985586000000,0
5985586000000,0
5985586000000,0
5985586000000,0
5985586000000,0
5985586000000,0
5985586000000,0
5985603000000,0
5985603000000,0
5985603000000,0
5985603000000,0
5985603000000,0
5985603000000,0
5985637000000,0
5985637000000,0
5985637000000,0
5985637000000,0
5985637000000,0
5985637000000,0
5985637000000,0
5985637000000,0
5985637000000,0
5985637000000,0
5985637000000,0
5985637000000,0
5985654000000,0
5985654000000,0
5985654000000,0
5985654000000,0
5985654000000,0
5985654000000,0
5985654000000,0
5985654000000,0
5985654000000,0
5985671000000,0
5985671000000,0
5985671000000,0
5985671000000,0
5985671000000,0
5985671000000,0
5985671000000,0
5985671000000,0
5985671000000,0
5985671000000,0
5985671000000,0
5985671000000,0
5985671000000,0
5985671000000,0
5985671000000,0
5985671000000,0
5985671000000,0
5985688000000,0
5985688000000,0
5985688000000,0
5985688000000,0
5985688000000,0
5985688000000,0
5985688000000,0
5985688000000,0
5985722000000,0
5985722000000,0
5985722000000,0
5985739000000,0
5985739000000,0
5985739000000,0
5985739000000,0
5985739000000,0
5985739000000,0
5985739000000,0
5985739000000,0
5985739000000,0
5985739000000,0
5985739000000,0
5985739000000,0
5985756000000,0
5985756000000,0
5985756000000,0
5985756000000,0
5985756000000,0
5985756000000,0
5985756000000,0
5985790000000,0
5985790000000,0
5985790000000,0
5985790000000,0
5985790000000,0
5985807000000,0
5985807000000,0
5985807000000,0
5985807000000,0
5985807000000,0
5985807000000,0
5985807000000,0
5985807000000,0
5985807000000,0
5985807000000,0
5985824000000,0
5985824000000,0
5985824000000,0
5985824000000,0
5985824000000,0
5985824000000,0
5985824000000,0
5985824000000,0
5985824000000,0
5985841000000,0
5985841000000,0
5985841000000,0
5985841000000,0
5985841000000,0
5985841000000,0
5985841000000,0
5985841000000,0
5985841000000,0
5985841000000,0
5985841000000,0
5985841000000,0
5985841000000,0
5985865000000,0
5985865000000,0
5985865000000,0
5985865000000,0
5985865000000,0
5985865000000,0
5985865000000,0
5985865000000,0
5985865000000,0
5985865000000,0
5985865000000,0
5985865000000,0
5985865000000,0
5985865000000,0
5985899000000,0
5985899000000,0
5985899000000,0
5985899000000,0
5985899000000,0
5985933000000,0
5985933000000,0
5985933000000,0
5985933000000,0
5985933000000,0
5985950000000,0
5985950000000,0
5985950000000,0
5985950000000,0
5985950000000,0
5985950000000,0
5985950000000,0
5985950000000,0
5985950000000,0
5985950000000,0
5985950000000,0
5985967000000,0
5985967000000,0
5985967000000,0
5985967000000,0
5985967000000,0
5985967000000,0
5985984000000,0
5985984000000,0
5985984000000,0
5985984000000,0
5985984000000,0
5985984000000,0
5986001000000,0
5986001000000,0
5986001000000,0
5986018000000,0
5986018000000,0
5986018000000,0
5986035000000,0
5986035000000,0
5986035000000,0
5986035000000,0
5986035000000,0
5986035000000,0
5986035000000,0
5986035000000,0
5986052000000,0
5986052000000,0
5986052000000,0
5986052000000,0
5986052000000,0
5986052000000,0
5986052000000,0
5986052000000,0
5986052000000,0
5986052000000,0
5986052000000,0
5986052000000,0
5986052000000,0
5986052000000,0
5986052000000,0
5986052000000,0
5986071000000,0
5986071000000,0
5986071000000,0
5986071000000,0
5986071000000,0
5986071000000,0
5986071000000,0
5986071000000,0
5986071000000,0
5986071000000,0
5986071000000,0
5986071000000,0
5986071000000,0
5986071000000,0
5986071000000,0
5986071000000,0
5986105000000,0
5986105000000,0
5986105000000,0
5986105000000,0
5986122000000,0
5986122000000,0
5986139000000,0
5986139000000,0
5986139000000,0
5986139000000,0
5986139000000,0
5986139000000,0
5986139000000,0
5986139000000,0
5986139000000,0
5986139000000,0
5986139000000,0
5986139000000,0
5986139000000,0
5986139000000,0
5986139000000,0
5986139000000,0
5986139000000,0
5986156000000,0
5986156000000,0
5986156000000,0
5986156000000,0
5986156000000,0
5986156000000,0
5986156000000,0
5986156000000,0
5986156000000,0
5986190000000,0
5986190000000,0
5986190000000,0
5986190000000,0
5986190000000,0
5986207000000,0
5986207000000,0
5986207000000,0
5986224000000,0
5986224000000,0
5986224000000,0
5986224000000,0
5986224000000,0
5986224000000,0
5986241000000,0
5986241000000,0
5986241000000,0
5986241000000,0
5986241000000,0
5986241000000,0
5986241000000,0
5986241000000,0
5986241000000,0
5986241000000,0
5986241000000,0
5986241000000,0
5986241000000,0
5986241000000,0
5986241000000,0
5986241000000,0
5986247000000,0
5986247000000,0
5986247000000,0
5986247000000,0
5986247000000,0
5986247000000,0
5986247000000,0
5986247000000,0
5986247000000,0
5986247000000,0
5986264000000,0
5986264000000,0
5986264000000,0
5986264000000,0
5986264000000,0
5986264000000,0
5986264000000,0
5986281000000,0
5986281000000,0
5986281000000,0
5986281000000,0
5986298000000,0
5986298000000,0
5986315000000,0
5986315000000,0
5986315000000,0
5986315000000,0
5986315000000,0
5986332000000,0
5986332000000,0
5986332000000,0
5986332000000,0
5986332000000,0
5986332000000,0
5986332000000,0
5986332000000,0
5986332000000,0
5986332000000,0
5986332000000,0
5986332000000,0
5986332000000,0
5986332000000,0
5986332000000,0
5986332000000,0
5986332000000,0
5986360000000,0
5986360000000,0
5986360000000,0
5986360000000,0
5986360000000,0
5986377000000,0
5986377000000,0
5986377000000,0
5986377000000,0
5986377000000,0
5986394000000,0
5986394000000,0
5986394000000,0
5986394000000,0
5986394000000,0
5986394000000,0
5986394000000,0
5986411000000,0
5986411000000,0
5986411000000,0
5986411000000,0
5986411000000,0
5986411000000,0
5986428000000,0
5986445000000,0
5986445000000,0
5986445000000,0
5986445000000,0
5986445000000,0
5986445000000,0
5986445000000,0
5986445000000,0
5986445000000,0
5986445000000,0
5986445000000,0
5986445000000,0
5986445000000,0
5986445000000,0
5986445000000,0
5986445000000,0
5986445000000,0
5986445000000,0
5986445000000,0
5986445000000,0
5986445000000,0
5986445000000,0
5986445000000,0
5986462000000,0
5986462000000,0
5986462000000,0
5986462000000,0
5986462000000,0
5986462000000,0
5986462000000,0
5986462000000,0
5986462000000,0
5986462000000,0
5986462000000,0
5986462000000,0
5986496000000,0
5986496000000,0
5986496000000,0
5986530000000,0
5986547000000,0
5986547000000,0
5986547000000,0
5986547000000,0
5986547000000,0
5986547000000,0
5986547000000,0
5986547000000,0
5986547000000,0
5986547000000,0
5986547000000,0
5986547000000,0
5986564000000,0
5986564000000,0
5986564000000,0
5986564000000,0
5986564000000,0
5986564000000,0
5986564000000,0
5986564000000,0
5986564000000,0
5986581000000,0
5986581000000,0
5986581000000,0
5986581000000,0
5986581000000,0
5986581000000,0
5986598000000,0
5986598000000,0
5986598000000,0
5986615000000,0
5986615000000,0
5986615000000,0
5986632000000,0
5986632000000,0
5986632000000,0
5986632000000,0
5986649000000,0
5986649000000,0
5986649000000,0
5986649000000,0
5986649000000,0
5986649000000,0
5986649000000,0
5986649000000,0
5986649000000,0
5986649000000,0
5986649000000,0
5986649000000,0
5986649000000,0
5986669000000,0
5986669000000,0
5986669000000,0
5986669000000,0
5986669000000,0
5986669000000,0
5986669000000,0
5986669000000,0
5986703000000,0
5986703000000,0
5986703000000,0
5986703000000,0
5986720000000,0
5986720000000,0
5986720000000,0
5986720000000,0
5986720000000,0
5986720000000,0
5986720000000,0
5986737000000,0
5986737000000,0
5986737000000,0
5986737000000,0
5986737000000,0
5986737000000,0
5986737000000,0
5986737000000,0
5986737000000,0
5986737000000,0
5986756000000,0
5986756000000,0
5986756000000,0
5986756000000,0
5986756000000,0
5986756000000,0
5986773000000,0
5986773000000,0
5986773000000,0
5986773000000,0
5986773000000,0
5986773000000,0
5986773000000,0
5986790000000,0
5986790000000,0
5986807000000,0
5986824000000,0
5986824000000,0
5986824000000,0
5986841000000,0
5986841000000,0
5986841000000,0
5986841000000,0
5986841000000,0
5986841000000,0
5986841000000,0
5986841000000,0
5986841000000,0
5986841000000,0
5986841000000,0
5986841000000,0
5986841000000,0
5986856000000,0
5986856000000,0
5986856000000,0
5986856000000,0
5986856000000,0
5986856000000,0
5986856000000,0
5986856000000,0
5986856000000,0
5986873000000,0
5986873000000,0
5986873000000,0
5986873000000,0
5986873000000,0
5986873000000,0
5986890000000,0
5986890000000,0
5986890000000,0
5986890000000,0
5986890000000,0
5986907000000,0
5986907000000,0
5986907000000,0
5986924000000,0
5986924000000,0
5986924000000,0
5986924000000,0
5986924000000,0
5986941000000,0
5986941000000,0
5986941000000,0
5986941000000,0
5986941000000,0
5986941000000,0
5986941000000,0
5986941000000,0
5986958000000,0
5986958000000,0
5986958000000,0
5986958000000,0
5986958000000,0
5986958000000,0
5986975000000,0
5986975000000,0
5986975000000,0
5986975000000,0
5986975000000,0
5986992000000,0
5986992000000,0
5986992000000,0
5986992000000,0
5986992000000,0
5987009000000,0
5987009000000,0
5987009000000,0
5987009000000,0
5987009000000,0
5987026000000,0
5987026000000,0
5987026000000,0
5987026000000,0
5987043000000,0
5987043000000,0
5987043000000,0
5987043000000,0
5987043000000,0
5987043000000,0
5987043000000,0
5987043000000,0
5987043000000,0
5987043000000,0
5987043000000,0
5987063000000,0
5987063000000,0
5987063000000,0
5987063000000,0
5987063000000,0
5987063000000,0
5987063000000,0
5987080000000,0
5987080000000,0
5987080000000,0
5987080000000,0
5987080000000,0
5987080000000,0
5987080000000,0
5987097000000,0
5987097000000,0
5987097000000,0
5987114000000,0
5987114000000,0
5987114000000,0
5987131000000,0
5987131000000,0
5987131000000,0
5987131000000,0
5987148000000,0
5987148000000,0
5987148000000,0
5987148000000,0
5987148000000,0
5987148000000,0
5987148000000,0
5987148000000,0
5987148000000,0
5987165000000,0
5987165000000,0
5987165000000,0
5987165000000,0
5987165000000,0
5987165000000,0
5987165000000,0
5987165000000,0
5987182000000,0
5987182000000,0
5987182000000,0
5987199000000,0
5987199000000,0
5987199000000,0
5987199000000,0
5987199000000,0
5987216000000,0
5987233000000,0
5987233000000,0
5987233000000,0
5987250000000,0
5987250000000,0
5987250000000,0
5987250000000,0
5987250000000,0
5987250000000,0
5987250000000,0
5987250000000,0
5987250000000,0
5987250000000,0
5987250000000,0
5987267000000,0
5987267000000,0
5987267000000,0
5987267000000,0
5987267000000,0
5987267000000,0
5987267000000,0
5987267000000,0
5987267000000,0
5987267000000,0
5987267000000,0
5987267000000,0
5987267000000,0
5987267000000,0
5987284000000,0
5987284000000,0
5987284000000,0
5987284000000,0
5987284000000,0
5987301000000,0
5987335000000,0
5987335000000,0
5987335000000,0
5987335000000,0
5987335000000,0
5987335000000,0
5987335000000,0
5987352000000,0
5987352000000,0
5987352000000,0
5987352000000,0
5987352000000,0
5987352000000,0
5987369000000,0
5987369000000,0
5987369000000,0
5987369000000,0
5987369000000,0
5987369000000,0
5987369000000,0
5987369000000,0
5987369000000,0
5987386000000,0
5987386000000,0
5987386000000,0
5987403000000,0
5987403000000,0
5987403000000,0
5987420000000,0
5987420000000,0
5987420000000,0
5987420000000,0
5987420000000,0
5987420000000,0
5987420000000,0
5987437000000,0
5987437000000,0
5987437000000,0
5987437000000,0
5987437000000,0
5987437000000,0
5987437000000,0
5987437000000,0
5987437000000,0
5987437000000,0
5987437000000,0
5987437000000,0
5987437000000,0
5987437000000,0
5987437000000,0
5987437000000,0
5987437000000,0
5987437000000,0
5987454000000,0
5987454000000,0
5987454000000,0
5987454000000,0
5987454000000,0
5987454000000,0
5987454000000,0
5987454000000,0
5987454000000,0
5987454000000,0
5987488000000,0
5987488000000,0
5987488000000,0
5987488000000,0
5987505000000,0
5987522000000,0
5987522000000,0
5987522000000,0
5987522000000,0
5987539000000,0
5987539000000,0
5987539000000,0
5987539000000,0
5987539000000,0
5987539000000,0
5987539000000,0
5987539000000,0
5987539000000,0
5987556000000,0
5987556000000,0
5987556000000,0
5987556000000,0
5987556000000,0
5987556000000,0
5987556000000,0
5987573000000,0
5987573000000,0
5987573000000,0
5987573000000,0
5987573000000,0
5987573000000,0
5987573000000,0
5987573000000,0
5987573000000,0
5987607000000,0
5987607000000,0
5987607000000,0
5987607000000,0
5987624000000,0
5987624000000,0
5987624000000,0
5987641000000,0
5987641000000,0
5987641000000,0
5987641000000,0
5987641000000,0
5987641000000,0
5987641000000,0
5987641000000,0
5987641000000,0
5987641000000,0
5987641000000,0
5987661000000,0
5987661000000,0
5987661000000,0
5987661000000,0
5987661000000,0
5987661000000,0
5987661000000,0
5987661000000,0
5987661000000,0
5987678000000,0
5987678000000,0
5987678000000,0
5987678000000,0
5987678000000,0
5987678000000,0
5987695000000,0
5987712000000,0
5987712000000,0
5987712000000,0
5987712000000,0
5987729000000,0
5987729000000,0
5987729000000,0
5987729000000,0
5987729000000,0
5987729000000,0
5987729000000,0
5987729000000,0
5987729000000,0
5987729000000,0
5987729000000,0
5987746000000,0
5987746000000,0
5987746000000,0
5987746000000,0
5987746000000,0
5987746000000,0
5987746000000,0
5987746000000,0
5987746000000,0
5987746000000,0
5987746000000,0
5987746000000,0
5987746000000,0
5987765000000,0
5987765000000,0
5987765000000,0
5987765000000,0
5987765000000,0
5987765000000,0
5987765000000,0
5987782000000,0
5987782000000,0
5987782000000,0
5987782000000,0
5987799000000,0
5987799000000,0
5987799000000,0
5987799000000,0
5987816000000,0
5987816000000,0
5987816000000,0
5987816000000,0
5987833000000,0
5987833000000,0
5987833000000,0
5987833000000,0
5987833000000,0
5987833000000,0
5987833000000,0
5987850000000,0
5987850000000,0
5987850000000,0
5987850000000,0
5987850000000,0
5987850000000,0
5987850000000,0
5987850000000,0
5987867000000,0
5987867000000,0
5987867000000,0
5987867000000,0
5987867000000,0
5987867000000,0
5987867000000,0
5987867000000,0
5987867000000,0
5987867000000,0
5987884000000,0
5987884000000,0
5987884000000,0
5987884000000,0
5987884000000,0
5987901000000,0
5987901000000,0
5987901000000,0
5987901000000,0
5987901000000,0
5987901000000,0
5987918000000,0
5987918000000,0
5987935000000,0
5987935000000,0
5987935000000,0
5987935000000,0
5987935000000,0
5987935000000,0
5987935000000,0
5987935000000,0
5987935000000,0
5987935000000,0
5987952000000,0
5987952000000,0
5987952000000,0
5987952000000,0
5987952000000,0
5987952000000,0
5987952000000,0
5987969000000,0
5987969000000,0
5987986000000,0
5987986000000,0
5987986000000,0
5987986000000,0
5987986000000,0
5988003000000,0
5988003000000,0
5988003000000,0
5988003000000,0
5988003000000,0
5988003000000,0
5988003000000,0
5988003000000,0
5988003000000,0
5988003000000,0
5988037000000,0
5988037000000,0
5988037000000,0
5988037000000,0
5988037000000,0
5988037000000,0
5988037000000,0
5988037000000,0
5988037000000,0
5988037000000,0
5988037000000,0
5988054000000,0
5988054000000,0
5988054000000,0
5988054000000,0
5988054000000,0
5988054000000,0
5988054000000,0
5988054000000,0
5988072000000,0
5988072000000,0
5988072000000,0
5988072000000,0
5988072000000,0
5988072000000,0
5988072000000,0
5988072000000,0
5988072000000,0
5988072000000,0
5988072000000,0
5988072000000,0
5988072000000,0
5988072000000,0
5988072000000,0
5988089000000,0
5988089000000,0
5988089000000,0
5988089000000,0
5988089000000,0
5988089000000,0
5988089000000,0
5988089000000,0
5988089000000,0
5988089000000,0
5988089000000,0
5988089000000,0
5988089000000,0
5988140000000,0
5988140000000,0
5988140000000,0
5988140000000,0
5988140000000,0
5988140000000,0
5988174000000,0
5988174000000,0
5988174000000,0
5988174000000,0
5988174000000,0
5988191000000,0
5988191000000,0
5988191000000,0
5988191000000,0
5988191000000,0
5988191000000,0
5988191000000,0
5988191000000,0
5988208000000,0
5988208000000,0
5988208000000,0
5988208000000,0
5988208000000,0
5988208000000,0
5988208000000,0
5988242000000,0
5988242000000,0
5988242000000,0
5988242000000,0
5988242000000,0
5988259000000,0
5988259000000,0
5988259000000,0
5988259000000,0
5988259000000,0
5988259000000,0
5988259000000,0
5988259000000,0
5988259000000,0
5988259000000,0
5988259000000,0
5988259000000,0
5988259000000,0
5988259000000,0
5988276000000,0
5988276000000,0
5988276000000,0
5988276000000,0
5988276000000,0
5988276000000,0
5988276000000,0
5988276000000,0
5988276000000,0
5988293000000,0
5988293000000,0
5988293000000,0
5988293000000,0
5988293000000,0
5988293000000,0
5988293000000,0
5988293000000,0
5988310000000,0
5988327000000,0
5988327000000,0
5988327000000,0
5988344000000,0
5988344000000,0
5988344000000,0
5988344000000,0
5988344000000,0
5988344000000,0
5988344000000,0
5988344000000,0
5988344000000,0
5988344000000,0
5988344000000,0
5988344000000,0
5988344000000,0
5988344000000,0
5988355000000,0
5988355000000,0
5988355000000,0
5988355000000,0
5988355000000,0
5988355000000,0
5988355000000,0
5988355000000,0
5988355000000,0
5988355000000,0
5988374000000,0
5988374000000,0
5988374000000,0
5988374000000,0
5988374000000,0
5988374000000,0
5988391000000,0
5988391000000,0
5988391000000,0
5988391000000,0
5988391000000,0
5988391000000,0
5988408000000,0
5988408000000,0
5988408000000,0
5988408000000,0
5988408000000,0
5988408000000,0
5988408000000,0
5988425000000,0
5988425000000,0
5988425000000,0
5988425000000,0
5988425000000,0
5988442000000,0
5988442000000,0
5988442000000,0
5988442000000,0
5988442000000,0
5988442000000,0
5988442000000,0
5988442000000,0
5988442000000,0
5988442000000,0
5988442000000,0
5988442000000,0
5988459000000,0
5988459000000,0
5988459000000,0
5988459000000,0
5988459000000,0
5988459000000,0
5988459000000,0
5988459000000,0
5988459000000,0
5988459000000,0
5988459000000,0
5988459000000,0
5988459000000,0
5988459000000,0
5988476000000,0
5988493000000,0
5988493000000,0
5988493000000,0
5988493000000,0
5988493000000,0
5988493000000,0
5988493000000,0
5988493000000,0
5988493000000,0
5988493000000,0
5988493000000,0
5988510000000,0
5988527000000,0
5988527000000,0
5988527000000,0
5988527000000,0
5988544000000,0
5988544000000,0
5988544000000,0
5988544000000,0
5988544000000,0
5988544000000,0
5988544000000,0
5988567000000,0
5988567000000,0
5988567000000,0
5988567000000,0
5988567000000,0
5988567000000,0
5988584000000,0
5988584000000,0
5988584000000,0
5988584000000,0
5988584000000,0
5988584000000,0
5988584000000,0
5988601000000,0
5988618000000,0
5988618000000,0
5988618000000,0
5988618000000,0
5988618000000,0
5988618000000,0
5988618000000,0
5988618000000,0
5988635000000,0
5988635000000,0
5988635000000,0
5988652000000,0
5988652000000,0
5988652000000,0
5988652000000,0
5988652000000,0
5988652000000,0
5988652000000,0
5988652000000,0
5988652000000,0
5988652000000,0
5988652000000,0
5988652000000,0
5988652000000,0
5988669000000,0
5988669000000,0
5988669000000,0
5988669000000,0
5988669000000,0
5988669000000,0
5988669000000,0
5988686000000,0
5988686000000,0
5988686000000,0
5988686000000,0
5988686000000,0
5988686000000,0
5988686000000,0
5988686000000,0
5988686000000,0
5988686000000,0
5988720000000,0
5988720000000,0
5988720000000,0
5988720000000,0
5988720000000,0
5988720000000,0
5988737000000,0
5988737000000,0
5988737000000,0
5988737000000,0
5988737000000,0
5988737000000,0
5988737000000,0
5988737000000,0
5988737000000,0
5988737000000,0
5988737000000,0
5988737000000,0
5988737000000,0
5988737000000,0
5988737000000,0
5988754000000,0
5988754000000,0
5988754000000,0
5988754000000,0
5988754000000,0
5988754000000,0
5988754000000,0
5988754000000,0
5988754000000,0
5988754000000,0
5988754000000,0
5988754000000,0
5988754000000,0
5988788000000,0
5988788000000,0
5988788000000,0
5988788000000,0
5988788000000,0
5988788000000,0
5988788000000,0
5988822000000,0
5988822000000,0
5988822000000,0
5988822000000,0
5988822000000,0
5988822000000,0
5988822000000,0
5988822000000,0
5988839000000,0
5988839000000,0
5988839000000,0
5988839000000,0
5988839000000,0
5988839000000,0
5988839000000,0
5988839000000,0
5988839000000,0
5988839000000,0
5988856000000,0
5988856000000,0
5988856000000,0
5988856000000,0
5988856000000,0
5988856000000,0
5988856000000,0
5988873000000,0
5988873000000,0
5988873000000,0
5988873000000,0
5988873000000,0
5988873000000,0
5988873000000,0
5988873000000,0
5988873000000,0
5988907000000,0
5988907000000,0
5988907000000,0
5988907000000,0
5988907000000,0
5988907000000,0
5988907000000,0
5988907000000,0
5988907000000,0
5988941000000,0
5988941000000,0
5988941000000,0
5988941000000,0
5988941000000,0
5988941000000,0
5988941000000,0
5988941000000,0
5988941000000,0
5988941000000,0
5988941000000,0
5988958000000,0
5988958000000,0
5988958000000,0
5988958000000,0
5988958000000,0
5988958000000,0
5988958000000,0
5988958000000,0
5988958000000,0
5988992000000,0
5988992000000,0
5988992000000,0
5988992000000,0
5988992000000,0
5989009000000,0
5989009000000,0
5989009000000,0
5989009000000,0
5989009000000,0
5989009000000,0
5989026000000,0
5989043000000,0
5989043000000,0
5989043000000,0
5989043000000,0
5989043000000,0
5989043000000,0
5989043000000,0
5989060000000,0
5989060000000,0
5989060000000,0
5989060000000,0
5989060000000,0
5989060000000,0
5989060000000,0
5989060000000,0
5989060000000,0
5989060000000,0
5989060000000,0
5989060000000,0
5989060000000,0
5989060000000,0
5989077000000,0
5989077000000,0
5989077000000,0
5989077000000,0
5989077000000,0
5989077000000,0
5989094000000,0
5989094000000,0
5989094000000,0
5989111000000,0
5989111000000,0
5989111000000,0
5989128000000,0
5989128000000,0
5989128000000,0
5989128000000,0
5989128000000,0
5989145000000,0
5989145000000,0
5989145000000,0
5989145000000,0
5989145000000,0
5989145000000,0
5989145000000,0
5989145000000,0
5989145000000,0
5989145000000,0
5989145000000,0
5989145000000,0
5989145000000,0
5989145000000,0
5989145000000,0
5989145000000,0
5989145000000,0
5989145000000,0
5989145000000,0
5989145000000,0
5989145000000,0
5989145000000,0
5989145000000,0
5989145000000,0
5989145000000,0
5989169000000,0
5989169000000,0
5989169000000,0
5989203000000,0
5989203000000,0
5989220000000,0
5989220000000,0
5989220000000,0
5989220000000,0
5989220000000,0
5989220000000,0
5989220000000,0
5989237000000,0
5989237000000,0
5989237000000,0
5989237000000,0
5989237000000,0
5989254000000,0
5989254000000,0
5989254000000,0
5989254000000,0
5989254000000,0
5989254000000,0
5989254000000,0
5989254000000,0
5989254000000,0
5989254000000,0
5989254000000,0
5989254000000,0
5989254000000,0
5989254000000,0
5989271000000,0
5989271000000,0
5989271000000,0
5989271000000,0
5989271000000,0
5989271000000,0
5989271000000,0
5989271000000,0
5989271000000,0
5989271000000,0
5989271000000,0
5989288000000,0
5989288000000,0
5989288000000,0
5989305000000,0
5989305000000,0
5989305000000,0
5989339000000,0
5989339000000,0
5989339000000,0
5989339000000,0
5989339000000,0
5989339000000,0
5989339000000,0
5989339000000,0
5989339000000,0
5989339000000,0
5989339000000,0
5989339000000,0
5989339000000,0
5989339000000,0
5989339000000,0
5989339000000,0
5989339000000,0
5989352000000,0
5989352000000,0
5989352000000,0
5989352000000,0
5989352000000,0
5989352000000,0
5989352000000,0
5989352000000,0
5989352000000,0
5989352000000,0
5989352000000,0
5989352000000,0
5989352000000,0
5989352000000,0
5989352000000,0
5989386000000,0
5989386000000,0
5989386000000,0
5989403000000,0
5989403000000,1
5989403000000,1
5989403000000,1
5989403000000,1
5989403000000,1
5989403000000,1
5989420000000,1
5989437000000,0
5989437000000,0
5989437000000,0
5989437000000,0
5989437000000,0
5989454000000,0
5989454000000,0
5989454000000,0
5989454000000,0
5989454000000,0
5989454000000,0
5989454000000,0
5989454000000,0
5989454000000,0
5989454000000,0
5989473000000,0
5989473000000,0
5989473000000,1
5989473000000,1
5989473000000,1
5989473000000,1
5989473000000,1
5989473000000,1
5989473000000,1
5989473000000,1
5989473000000,1
5989473000000,1
5989473000000,1
5989473000000,1
5989507000000,1
5989524000000,1
5989524000000,1
5989524000000,1
5989524000000,1
5989524000000,0
5989541000000,0
5989541000000,0
5989541000000,0
5989541000000,0
5989541000000,0
5989541000000,0
5989541000000,0
5989541000000,0
5989541000000,0
5989541000000,0
5989541000000,0
5989541000000,0
5989558000000,0
5989558000000,0
5989558000000,1
5989558000000,1
5989558000000,1
5989558000000,1
5989558000000,1
5989558000000,1
5989577000000,1
5989577000000,1
5989577000000,1
5989577000000,1
5989577000000,1
5989577000000,1
5989577000000,1
5989577000000,1
5989577000000,1
5989577000000,1
5989577000000,1
5989577000000,1
5989577000000,1
5989577000000,1
5989577000000,1
5989594000000,1
5989594000000,1
5989594000000,1
5989594000000,1
5989594000000,1
5989594000000,1
5989594000000,1
5989628000000,1
5989628000000,1
5989645000000,1
5989645000000,1
5989645000000,1
5989645000000,1
5989645000000,1
5989645000000,1
5989645000000,0
5989645000000,0
5989645000000,0
5989645000000,0
5989645000000,0
5989645000000,0
5989645000000,0
5989645000000,0
5989645000000,0
5989645000000,0
5989645000000,0
5989662000000,0
5989662000000,0
5989662000000,0
5989662000000,1
5989662000000,1
5989679000000,1
5989679000000,1
5989679000000,1
5989679000000,1
5989679000000,1
5989679000000,1
5989696000000,1
5989696000000,1
5989696000000,1
5989696000000,1
5989696000000,1
5989696000000,1
5989696000000,1
5989696000000,1
5989696000000,1
5989696000000,1
5989696000000,1
5989696000000,1
5989713000000,1
5989713000000,1
5989713000000,1
5989713000000,1
5989713000000,1
5989713000000,1
5989713000000,1
5989713000000,1
5989730000000,1
5989730000000,0
5989747000000,0
5989747000000,0
5989747000000,0
5989747000000,0
5989747000000,0
5989764000000,0
5989764000000,0
5989764000000,0
5989781000000,0
5989781000000,0
5989798000000,0
5989832000000,0
5989832000000,0
5989866000000,0
5989866000000,0
5989866000000,0
5989866000000,0
5989866000000,0
5989866000000,0
5989883000000,0
5989883000000,0
5989883000000,0
5989883000000,0
5989883000000,0
5989883000000,0
5989900000000,0
5989900000000,0
5989900000000,0
5989900000000,0
5989900000000,0
5989900000000,0
5989917000000,0
5989917000000,0
5989934000000,0
5989934000000,0
5989951000000,0
5989951000000,0
5989951000000,0
5989951000000,0
5989951000000,0
5989951000000,0
5989951000000,0
5989951000000,0
5989951000000,0
5989951000000,0
5989951000000,0
5989968000000,0
5989968000000,0
5989968000000,0
5989968000000,0
5989968000000,0
5989968000000,0
5989968000000,0
5989968000000,0
5989968000000,0
5989968000000,0
5989968000000,0
5990002000000,0
5990002000000,0
5990002000000,0
5990002000000,0
5990002000000,0
5990002000000,0
5990002000000,0
5990002000000,0
5990002000000,0
5990002000000,0
5990002000000,0
5990019000000,0
5990036000000,0
5990036000000,0
5990036000000,0
5990036000000,0
5990053000000,0
5990053000000,0
5990053000000,0
5990053000000,0
5990053000000,0
5990053000000,0
5990053000000,0
5990053000000,0
5990053000000,0
5990053000000,0
5990053000000,0
5990076000000,0
5990076000000,0
5990076000000,0
5990076000000,0
5990076000000,0
5990076000000,0
5990076000000,0
5990076000000,0
5990076000000,0
5990076000000,0
5990076000000,0
5990076000000,0
5990076000000,0
5990093000000,0
5990093000000,0
5990093000000,0
5990093000000,0
5990127000000,0
5990127000000,0
5990127000000,0
5990127000000,0
5990144000000,0
5990144000000,0
5990144000000,0
5990144000000,0
5990144000000,0
5990144000000,0
5990144000000,0
5990144000000,0
5990144000000,0
5990161000000,0
5990161000000,0
5990161000000,0
5990161000000,0
5990161000000,0
5990161000000,0
5990161000000,0
5990161000000,0
5990178000000,0
5990178000000,0
5990178000000,0
5990178000000,0
5990178000000,0
5990178000000,0
5990178000000,0
5990178000000,0
5990195000000,0
5990195000000,0
5990195000000,0
5990195000000,0
5990195000000,0
5990212000000,0
5990212000000,0
5990212000000,0
5990212000000,0
5990212000000,0
5990229000000,0
5990229000000,0
5990229000000,0
5990229000000,0
5990229000000,0
5990229000000,0
5990246000000,0
5990246000000,0
5990246000000,0
5990246000000,0
5990246000000,0
5990246000000,0
5990246000000,0
5990246000000,0
5990263000000,0
5990263000000,0
5990263000000,0
5990263000000,0
5990263000000,0
5990263000000,0
5990263000000,0
5990263000000,0
5990263000000,0
5990263000000,0
5990280000000,0
5990280000000,0
5990280000000,0
5990280000000,0
5990280000000,0
5990297000000,0
5990297000000,0
5990297000000,0
5990297000000,0
5990297000000,0
5990297000000,0
5990297000000,0
5990297000000,0
5990314000000,0
5990314000000,0
5990331000000,0
5990331000000,0
5990331000000,0
5990331000000,0
5990348000000,0
5990348000000,0
5990348000000,0
5990348000000,0
5990348000000,0
5990348000000,0
5990348000000,0
5990348000000,0
5990348000000,0
5990348000000,0
5990348000000,0
5990348000000,0
5990348000000,0
5990348000000,0
5990348000000,0
5990348000000,0
5990348000000,0
5990348000000,0
5990348000000,0
5990348000000,0
5990365000000,0
5990365000000,0
5990365000000,0
5990365000000,0
5990365000000,0
5990365000000,0
5990365000000,0
5990365000000,0
5990365000000,0
5990365000000,0
5990365000000,0
5990365000000,0
5990399000000,0
5990399000000,0
5990399000000,0
5990399000000,0
5990399000000,0
5990416000000,0
5990416000000,0
5990416000000,0
5990416000000,0
5990416000000,0
5990416000000,0
5990416000000,0
5990416000000,0
5990416000000,0
5990416000000,0
5990416000000,0
5990433000000,0
5990433000000,0
5990433000000,0
5990433000000,0
5990450000000,0
5990450000000,0
5990450000000,0
5990450000000,0
5990450000000,0
5990450000000,0
5990467000000,0
5990467000000,0
5990467000000,0
5990467000000,0
5990467000000,0
5990467000000,0
5990467000000,0
5990467000000,0
5990484000000,0
5990484000000,0
5990484000000,0
5990484000000,0
5990484000000,0
5990484000000,0
5990484000000,0
5990484000000,0
5990518000000,0
5990518000000,0
5990518000000,0
5990518000000,0
5990518000000,0
5990518000000,0
5990518000000,0
5990518000000,0
5990518000000,0
5990518000000,0
5990535000000,0
5990535000000,0
5990535000000,0
5990535000000,0
5990535000000,0
5990535000000,0
5990535000000,0
5990535000000,0
5990535000000,0
5990552000000,0
5990552000000,0
5990552000000,0
5990552000000,0
5990552000000,0
5990552000000,0
5990552000000,0
5990552000000,0
5990552000000,0
5990552000000,0
5990552000000,0
5990552000000,0
5990552000000,0
5990552000000,0
5990552000000,0
5990552000000,0
5990552000000,0
5990552000000,0
5990569000000,0
5990569000000,0
5990586000000,0
5990586000000,0
5990586000000,0
5990637000000,0
5990637000000,0
5990637000000,0
5990637000000,0
5990637000000,0
5990637000000,0
5990637000000,0
5990637000000,0
5990658000000,0
5990658000000,0
5990658000000,0
5990658000000,0
5990658000000,0
5990658000000,0
5990658000000,0
5990658000000,0
5990658000000,0
5990678000000,0
5990678000000,0
5990695000000,0
5990695000000,0
5990695000000,0
5990695000000,0
5990695000000,0
5990695000000,0
5990695000000,0
5990695000000,0
5990695000000,0
5990695000000,0
5990729000000,0
5990729000000,0
5990729000000,0
5990729000000,0
5990729000000,0
5990746000000,0
5990746000000,0
5990746000000,0
5990746000000,0
5990746000000,0
5990746000000,0
5990746000000,0
5990746000000,0
5990746000000,0
5990746000000,0
5990746000000,0
5990746000000,0
5990746000000,0
5990746000000,0
5990746000000,0
5990763000000,0
5990763000000,0
5990763000000,0
5990763000000,0
5990763000000,0
5990763000000,0
5990797000000,0
5990797000000,0
5990797000000,0
5990797000000,0
5990797000000,0
5990797000000,0
5990814000000,0
5990814000000,0
5990814000000,0
5990814000000,0
5990814000000,0
5990831000000,0
5990831000000,0
5990831000000,0
5990831000000,0
5990831000000,0
5990831000000,0
5990848000000,0
5990848000000,0
5990848000000,0
5990848000000,0
5990848000000,0
5990848000000,0
5990848000000,0
5990848000000,0
5990848000000,0
5990848000000,0
5990848000000,0
5990848000000,0
5990848000000,0
5990848000000,0
5990848000000,0
5990848000000,0
5990848000000,0
5990865000000,0
5990865000000,0
5990865000000,0
5990865000000,0
5990865000000,0
5990865000000,0
5990865000000,0
5990865000000,0
5990865000000,0
5990899000000,0
5990899000000,0
5990899000000,0
5990899000000,0
5990899000000,0
5990899000000,0
5990916000000,0
5990916000000,0
5990916000000,0
5990916000000,0
5990916000000,0
5990916000000,0
5990950000000,0
5990950000000,0
5990950000000,0
5990950000000,0
5990950000000,0
5990950000000,0
5990950000000,0
5990950000000,0
5990950000000,0
5990950000000,0
5990950000000,0
5990950000000,0
5990950000000,0
5990950000000,0
5990967000000,0
5990967000000,0
5990967000000,0
5990967000000,0
5990967000000,0
5990967000000,0
5990967000000,0
5990967000000,0
5990967000000,0
5990967000000,0
5990967000000,0
5990967000000,0
5990984000000,0
5990984000000,0
5990984000000,0
5990984000000,0
5990984000000,0
5990984000000,0
5990984000000,0
5990984000000,0
5990984000000,0
5991001000000,0
5991001000000,0
5991001000000,0
5991001000000,0
5991001000000,0
5991001000000,0
5991001000000,0
5991001000000,0
5991001000000,0
5991001000000,0
5991001000000,0
5991035000000,0
5991035000000,0
5991035000000,0
5991035000000,0
5991035000000,0
5991052000000,0
5991052000000,0
5991052000000,0
5991052000000,0
5991052000000,0
5991052000000,0
5991052000000,0
5991052000000,0
5991052000000,0
5991052000000,0
5991052000000,0
5991052000000,0
5991052000000,0
5991052000000,0
5991052000000,0
5991052000000,0
5991052000000,0
5991069000000,0
5991069000000,0
5991069000000,0
5991069000000,0
5991069000000,0
5991069000000,0
5991069000000,0
5991069000000,0
5991086000000,0
5991086000000,0
5991086000000,0
5991086000000,0
5991103000000,0
5991103000000,0
5991103000000,0
5991103000000,0
5991120000000,0
5991120000000,0
5991120000000,0
5991120000000,0
5991120000000,0
5991154000000,0
5991154000000,0
5991154000000,0
5991154000000,0
5991154000000,0
5991154000000,0
5991154000000,0
5991154000000,0
5991154000000,0
5991154000000,0
5991171000000,0
5991171000000,0
5991171000000,0
5991171000000,0
5991171000000,0
5991171000000,0
5991171000000,0
5991171000000,0
5991171000000,0
5991171000000,0
5991188000000,0
5991188000000,0
5991188000000,0
5991188000000,0
5991188000000,0
5991188000000,0
5991188000000,0
5991188000000,0
5991188000000,0
5991205000000,0
5991205000000,0
5991205000000,0
5991205000000,0
5991205000000,0
5991205000000,0
5991222000000,0
5991222000000,0
5991222000000,0
5991239000000,0
5991239000000,0
5991239000000,0
5991239000000,0
5991239000000,0
5991239000000,0
5991239000000,0
5991239000000,0
5991239000000,0
5991239000000,0
5991239000000,0
5991239000000,0
5991256000000,0
5991256000000,0
5991256000000,0
5991273000000,0
5991273000000,0
5991273000000,0
5991273000000,0
5991290000000,0
5991290000000,0
5991290000000,0
5991290000000,0
5991290000000,0
5991290000000,0
5991290000000,0
5991307000000,0
5991307000000,0
5991307000000,0
5991307000000,0
5991307000000,0
5991307000000,0
5991307000000,0
5991307000000,0
5991307000000,0
5991307000000,0
5991307000000,0
5991307000000,0
5991324000000,0
5991324000000,0
5991324000000,0
5991324000000,0
5991324000000,0
5991324000000,0
5991324000000,0
5991341000000,0
5991341000000,0
5991341000000,0
5991341000000,0
5991341000000,0
5991341000000,0
5991341000000,0
5991341000000,0
5991341000000,0
5991341000000,0
5991341000000,0
5991341000000,0
5991341000000,0
5991341000000,0
5991341000000,0
5991341000000,0
5991341000000,0
5991341000000,0
5991358000000,0
5991358000000,0
5991358000000,0
5991358000000,0
5991358000000,0
5991358000000,0
5991358000000,0
5991358000000,0
5991358000000,0
5991375000000,0
5991375000000,0
5991375000000,0
5991375000000,0
5991375000000,0
5991375000000,0
5991375000000,0
5991375000000,0
5991426000000,0
5991426000000,0
5991426000000,0
5991426000000,0
5991443000000,0
5991443000000,0
5991443000000,0
5991443000000,0
5991443000000,0
5991443000000,0
5991443000000,0
5991443000000,0
5991443000000,0
5991443000000,0
5991443000000,0
5991460000000,0
5991460000000,0
5991460000000,0
5991460000000,0
5991460000000,0
5991460000000,0
5991460000000,0
5991460000000,0
5991460000000,0
5991460000000,0
5991460000000,0
5991494000000,0
5991494000000,0
5991494000000,0
5991494000000,0
5991494000000,0
5991494000000,0
5991494000000,0
5991494000000,0
5991494000000,0
5991511000000,0
5991511000000,0
5991511000000,0
5991511000000,0
5991511000000,0
5991511000000,0
5991528000000,0
5991528000000,0
5991528000000,0
5991528000000,0
5991528000000,0
5991545000000,0
5991545000000,0
5991545000000,0
5991545000000,0
5991545000000,0
5991545000000,0
5991545000000,0
5991545000000,0
5991545000000,0
5991545000000,0
5991545000000,0
5991545000000,0
5991545000000,0
5991545000000,0
5991545000000,0
5991562000000,0
5991562000000,0
5991562000000,0
5991562000000,0
5991562000000,0
5991579000000,0
5991579000000,0
5991579000000,0
5991579000000,0
5991579000000,0
5991579000000,0
5991579000000,0
5991579000000,0
5991579000000,0
5991579000000,0
5991613000000,0
5991613000000,0
5991613000000,0
5991613000000,0
5991613000000,0
5991630000000,0
5991630000000,0
5991630000000,0
5991630000000,0
5991630000000,0
5991630000000,0
5991630000000,0
5991630000000,0
5991630000000,0
5991630000000,0
5991630000000,0
5991647000000,0
5991647000000,0
5991647000000,0
5991647000000,0
5991647000000,0
5991647000000,0
5991647000000,0
5991647000000,0
5991647000000,0
5991647000000,0
5991664000000,0
5991664000000,0
5991664000000,0
5991664000000,0
5991664000000,0
5991664000000,0
5991664000000,0
5991664000000,0
5991664000000,0
5991664000000,0
5991715000000,0
5991715000000,0
5991715000000,0
5991715000000,0
5991715000000,0
5991715000000,0
5991715000000,0
5991715000000,0
5991715000000,0
5991749000000,0
5991749000000,0
5991749000000,0
5991749000000,0
5991749000000,0
5991749000000,0
5991749000000,0
5991749000000,0
5991749000000,0
5991768000000,0
5991768000000,0
5991768000000,0
5991768000000,0
5991768000000,0
5991768000000,0
5991768000000,0
5991768000000,0
5991768000000,0
5991768000000,0
5991768000000,0
5991768000000,0
5991768000000,0
5991768000000,0
5991768000000,0
5991768000000,0
5991768000000,0
5991785000000,0
5991785000000,0
5991785000000,0
5991785000000,0
5991785000000,0
5991785000000,0
5991785000000,0
5991785000000,0
5991785000000,0
5991785000000,0
5991785000000,0
5991785000000,0
5991785000000,0
5991785000000,0
5991819000000,0
5991819000000,0
5991819000000,0
5991819000000,0
5991819000000,0
5991819000000,0
5991819000000,0
5991836000000,0
5991836000000,0
5991836000000,0
5991836000000,0
5991836000000,0
5991836000000,0
5991836000000,0
5991836000000,0
5991836000000,0
5991836000000,0
5991836000000,0
5991836000000,0
5991857000000,0
5991857000000,0
5991857000000,0
5991857000000,0
5991857000000,0
5991857000000,0
5991874000000,0
5991874000000,0
5991874000000,0
5991874000000,0
5991874000000,0
5991874000000,0
5991874000000,0
5991874000000,0
5991874000000,0
5991874000000,0
5991891000000,0
5991891000000,0
5991908000000,0
5991908000000,0
5991908000000,0
5991908000000,0
5991908000000,0
5991908000000,0
5991908000000,0
5991942000000,0
5991942000000,0
5991942000000,0
5991942000000,0
5991942000000,0
5991942000000,0
5991942000000,0
5991942000000,0
5991942000000,0
5991942000000,0
5991956000000,0
5991956000000,0
5991956000000,0
5991956000000,0
5991956000000,0
5991956000000,0
5991956000000,0
5991956000000,0
5991973000000,0
5991973000000,0
5991973000000,0
5991973000000,0
5991973000000,0
5991973000000,0
5991990000000,0
5991990000000,0
5992007000000,0
5992007000000,0
5992007000000,0
5992007000000,0
5992007000000,0
5992007000000,0
5992024000000,0
5992041000000,0
5992041000000,0
5992041000000,0
5992041000000,0
5992041000000,0
5992041000000,0
5992041000000,0
5992041000000,0
5992041000000,0
5992041000000,0
5992041000000,0
5992041000000,0
5992041000000,0
5992041000000,0
5992041000000,0
5992058000000,0
5992058000000,0
5992058000000,0
5992058000000,0
5992058000000,0
5992058000000,0
5992058000000,0
5992058000000,0
5992058000000,0
5992077000000,0
5992077000000,0
5992077000000,0
5992077000000,0
5992077000000,0
5992077000000,0
5992077000000,0
5992077000000,0
5992077000000,0
5992077000000,0
5992111000000,0
5992111000000,0
5992111000000,0
5992111000000,0
5992111000000,0
5992111000000,0
5992111000000,0
5992111000000,0
5992111000000,0
5992111000000,0
5992128000000,0
5992128000000,0
5992128000000,0
5992128000000,0
5992128000000,0
5992128000000,0
5992128000000,0
5992128000000,0
5992128000000,0
5992145000000,0
5992145000000,0
5992145000000,0
5992145000000,0
5992145000000,0
5992145000000,0
5992145000000,0
5992145000000,0
5992145000000,0
5992145000000,0
5992145000000,0
5992145000000,0
5992145000000,0
5992145000000,0
5992145000000,0
5992145000000,0
5992162000000,0
5992162000000,0
5992162000000,0
5992162000000,0
5992162000000,0
5992162000000,0
5992162000000,0
5992162000000,0
5992162000000,0
5992162000000,0
5992196000000,0
5992196000000,0
5992196000000,0
5992196000000,0
5992196000000,0
5992196000000,0
5992213000000,0
5992213000000,0
5992213000000,0
5992213000000,0
5992247000000,0
5992247000000,0
5992247000000,0
5992247000000,0
5992247000000,0
5992247000000,0
5992247000000,0
5992247000000,0
5992247000000,0
5992247000000,0
5992247000000,0
5992264000000,0
5992264000000,0
5992264000000,0
5992264000000,0
5992264000000,0
5992264000000,0
5992264000000,0
5992264000000,0
5992264000000,0
5992264000000,0
5992264000000,0
5992264000000,0
5992298000000,0
5992298000000,0
5992298000000,0
5992298000000,0
5992298000000,0
5992315000000,0
5992315000000,0
5992315000000,0
5992315000000,0
5992349000000,0
5992349000000,0
5992349000000,0
5992349000000,0
5992349000000,0
5992349000000,0
5992349000000,0
5992349000000,0
5992349000000,0
5992349000000,0
5992349000000,0
5992349000000,0
5992349000000,0
5992366000000,0
5992366000000,0
5992366000000,0
5992366000000,0
5992366000000,0
5992366000000,0
5992366000000,0
5992366000000,0
5992366000000,0
5992366000000,0
5992366000000,0
5992366000000,0
5992366000000,0
5992383000000,0
5992383000000,0
5992383000000,0
5992383000000,0
5992400000000,0
5992400000000,0
5992400000000,0
5992400000000,0
5992400000000,0
5992434000000,0
5992434000000,0
5992434000000,0
5992434000000,0
5992434000000,0
5992434000000,0
5992434000000,0
5992434000000,0
5992434000000,0
5992434000000,0
5992434000000,0
5992434000000,0
5992451000000,0
5992451000000,0
5992451000000,0
5992451000000,0
5992451000000,0
5992451000000,0
5992451000000,0
5992451000000,0
5992451000000,0
5992451000000,0
5992451000000,0
5992468000000,0
5992468000000,0
5992468000000,0
5992468000000,0
5992468000000,0
5992468000000,0
5992468000000,0
5992502000000,0
5992502000000,0
5992502000000,0
5992536000000,0
5992536000000,0
5992536000000,0
5992536000000,0
5992536000000,0
5992536000000,0
5992536000000,0
5992536000000,0
5992536000000,0
5992536000000,0
5992536000000,0
5992536000000,0
5992536000000,0
5992549000000,0
5992549000000,0
5992549000000,0
5992549000000,0
5992549000000,0
5992549000000,0
5992549000000,0
5992568000000,0
5992568000000,0
5992568000000,0
5992568000000,0
5992568000000,0
5992568000000,0
5992568000000,0
5992568000000,0
5992568000000,0
5992585000000,0
5992585000000,0
5992585000000,0
5992585000000,0
5992585000000,0
5992585000000,0
5992585000000,0
5992619000000,0
5992619000000,0
5992619000000,0
5992619000000,0
5992619000000,0
5992619000000,0
5992619000000,0
5992619000000,0
5992619000000,0
5992619000000,0
5992619000000,0
5992619000000,0
5992619000000,0
5992619000000,0
5992636000000,0
5992636000000,0
5992636000000,0
5992636000000,0
5992636000000,0
5992636000000,0
5992636000000,0
5992636000000,0
5992653000000,0
5992653000000,0
5992653000000,0
5992653000000,0
5992653000000,0
5992653000000,0
5992653000000,0
5992653000000,0
5992653000000,0
5992653000000,0
5992653000000,0
5992670000000,0
5992670000000,0
5992670000000,0
5992670000000,0
5992670000000,0
5992670000000,0
5992670000000,0
5992687000000,0
5992687000000,0
5992687000000,0
5992687000000,0
5992704000000,0
5992704000000,0
5992721000000,0
5992721000000,0
5992738000000,0
5992738000000,0
5992738000000,0
5992738000000,0
5992738000000,0
5992738000000,0
5992738000000,0
5992738000000,0
5992738000000,0
5992738000000,0
5992738000000,0
5992738000000,0
5992738000000,0
5992755000000,0
5992755000000,0
5992755000000,0
5992755000000,0
5992755000000,0
5992755000000,0
5992755000000,0
5992755000000,0
5992755000000,0
5992755000000,0
5992755000000,0
5992755000000,0
5992772000000,0
5992772000000,0
5992772000000,0
5992772000000,0
5992772000000,0
5992772000000,0
5992772000000,0
5992789000000,0
5992789000000,0
5992806000000,0
5992806000000,0
5992806000000,0
5992806000000,0
5992806000000,0
5992823000000,0
5992823000000,0
5992823000000,0
5992823000000,0
5992840000000,0
5992840000000,0
5992840000000,0
5992840000000,0
5992840000000,0
5992840000000,0
5992840000000,0
5992840000000,0
5992840000000,0
5992840000000,0
5992840000000,0
5992857000000,0
5992857000000,0
5992857000000,0
5992857000000,0
5992857000000,0
5992857000000,0
5992857000000,0
5992857000000,0
5992857000000,0
5992857000000,0
5992857000000,0
5992874000000,0
5992874000000,0
5992874000000,0
5992874000000,0
5992874000000,0
5992874000000,0
5992891000000,0
5992891000000,0
5992891000000,0
5992891000000,0
5992891000000,0
5992891000000,0
5992908000000,0
5992925000000,0
5992925000000,0
5992942000000,0
5992942000000,0
5992942000000,0
5992942000000,0
5992942000000,0
5992942000000,0
5992942000000,0
5992942000000,0
5992942000000,0
5992942000000,0
5992942000000,0
5992942000000,0
5992942000000,0
5992942000000,0
5992942000000,0
5992942000000,0
5992942000000,0
5992942000000,0
5992959000000,0
5992959000000,0
5992959000000,0
5992959000000,0
5992959000000,0
5992959000000,0
5992959000000,0
5992959000000,0
5992959000000,0
5992959000000,0
5992959000000,0
5992959000000,0
5992959000000,0
5992959000000,0
5992959000000,0
5992959000000,0
5992959000000,0
5992959000000,0
5992959000000,0
5992959000000,0
5992959000000,0
5992959000000,0
5992993000000,0
5992993000000,0
5993010000000,0
5993010000000,0
5993010000000,0
5993010000000,0
5993010000000,0
5993010000000,0
5993010000000,0
5993010000000,0
5993044000000,0
5993044000000,0
5993044000000,0
5993044000000,0
5993044000000,0
5993044000000,0
5993044000000,0
5993044000000,0
5993062000000,0
5993062000000,0
5993062000000,0
5993062000000,0
5993062000000,0
5993062000000,0
5993062000000,0
5993062000000,0
5993062000000,0
5993062000000,0
5993062000000,0
5993062000000,0
5993062000000,0
5993062000000,0
5993062000000,0
5993062000000,0
5993096000000,0
5993096000000,0
5993096000000,0
5993096000000,0
5993096000000,0
5993096000000,0
5993096000000,0
5993130000000,0
5993130000000,0
5993130000000,0
5993130000000,0
5993130000000,0
5993130000000,0
5993130000000,0
5993130000000,0
5993130000000,0
5993130000000,0
5993130000000,0
5993130000000,0
5993130000000,0
5993130000000,0
5993147000000,0
5993147000000,0
5993147000000,0
5993147000000,0
5993147000000,0
5993147000000,0
5993147000000,0
5993147000000,0
5993164000000,0
5993164000000,0
5993164000000,0
5993164000000,0
5993164000000,0
5993164000000,0
5993164000000,0
5993164000000,0
5993164000000,0
5993181000000,0
5993181000000,0
5993198000000,0
5993198000000,0
5993198000000,0
5993198000000,0
5993198000000,0
5993215000000,0
5993215000000,0
5993215000000,0
5993215000000,0
5993232000000,0
5993232000000,0
5993232000000,0
5993232000000,0
5993232000000,0
5993232000000,0
5993232000000,0
5993232000000,0
5993232000000,0
5993232000000,0
5993232000000,0
5993249000000,0
5993249000000,0
5993249000000,0
5993249000000,0
5993249000000,0
5993249000000,0
5993249000000,0
5993249000000,0
5993249000000,0
5993249000000,0
5993249000000,0
5993249000000,0
5993249000000,0
5993249000000,0
5993249000000,0
5993283000000,0
5993283000000,0
5993283000000,0
5993283000000,0
5993283000000,0
5993283000000,0
5993283000000,0
5993317000000,0
5993317000000,0
5993317000000,0
5993317000000,0
5993317000000,0
5993317000000,0
5993317000000,0
5993317000000,0
5993334000000,0
5993334000000,0
5993334000000,0
5993334000000,0
5993334000000,0
5993334000000,0
5993334000000,0
5993334000000,0
5993334000000,0
5993334000000,0
5993334000000,0
5993351000000,0
5993351000000,0
5993351000000,0
5993351000000,0
5993351000000,0
5993368000000,0
5993368000000,0
5993368000000,0
5993368000000,0
5993368000000,0
5993368000000,0
5993368000000,0
5993368000000,0
5993368000000,0
5993368000000,0
5993368000000,0
5993368000000,0
5993368000000,0
5993368000000,0
5993368000000,0
5993385000000,0
5993385000000,0
5993385000000,0
5993385000000,0
5993385000000,0
5993385000000,0
5993385000000,0
5993385000000,0
5993402000000,0
5993402000000,0
5993402000000,0
5993402000000,0
5993402000000,0
5993419000000,0
5993419000000,0
5993419000000,0
5993436000000,0
5993436000000,0
5993436000000,0
5993436000000,0
5993453000000,0
5993453000000,0
5993453000000,0
5993453000000,0
5993453000000,0
5993453000000,0
5993453000000,0
5993453000000,0
5993453000000,0
5993453000000,0
5993453000000,0
5993468000000,0
5993468000000,0
5993468000000,0
5993468000000,0
5993468000000,0
5993468000000,0
5993468000000,0
5993468000000,0
5993468000000,0
5993468000000,0
5993468000000,0
5993485000000,0
5993485000000,0
5993485000000,0
5993485000000,0
5993485000000,0
5993485000000,0
5993485000000,0
5993502000000,0
5993502000000,0
5993502000000,0
5993502000000,0
5993519000000,0
5993519000000,0
5993519000000,0
5993519000000,0
5993519000000,0
5993519000000,0
5993536000000,0
5993536000000,0
5993536000000,0
5993536000000,0
5993536000000,0
5993536000000,0
5993536000000,0
5993536000000,0
5993536000000,0
5993536000000,0
5993553000000,0
5993553000000,0
5993553000000,0
5993553000000,0
5993553000000,0
5993573000000,0
5993573000000,0
5993573000000,0
5993573000000,0
5993573000000,0
5993573000000,0
5993573000000,0
5993573000000,0
5993573000000,0
5993573000000,0
5993573000000,0
5993590000000,0
5993607000000,0
5993607000000,0
5993607000000,0
5993607000000,0
5993607000000,0
5993607000000,0
5993607000000,0
5993624000000,0
5993624000000,0
5993624000000,0
5993624000000,0
5993624000000,0
5993641000000,0
5993641000000,0
5993641000000,0
5993641000000,0
5993641000000,0
5993658000000,0
5993658000000,0
5993658000000,0
5993658000000,0
5993658000000,0
5993658000000,0
5993658000000,0
5993658000000,0
5993658000000,0
5993658000000,0
5993675000000,0
5993675000000,0
5993675000000,0
5993675000000,0
5993675000000,0
5993675000000,0
5993675000000,0
5993675000000,0
5993675000000,0
5993675000000,0
5993675000000,0
5993709000000,0
5993709000000,0
5993709000000,0
5993709000000,0
5993709000000,0
5993709000000,0
5993726000000,0
5993726000000,0
5993726000000,0
5993726000000,0
5993726000000,0
5993726000000,0
5993743000000,0
5993743000000,0
5993743000000,0
5993743000000,0
5993743000000,0
5993743000000,0
5993760000000,0
5993760000000,0
5993760000000,0
5993760000000,0
5993760000000,0
5993760000000,0
5993777000000,0
5993777000000,0
5993777000000,0
5993777000000,0
5993777000000,0
5993777000000,0
5993777000000,0
5993777000000,0
5993794000000,0
5993794000000,0
5993794000000,0
5993794000000,0
5993794000000,0
5993794000000,0
5993794000000,0
5993794000000,0
5993794000000,0
5993794000000,0
5993794000000,0
5993811000000,0
5993811000000,0
5993811000000,0
5993811000000,0
5993811000000,0
5993811000000,0
5993811000000,0
5993811000000,0
5993811000000,0
5993811000000,0
5993845000000,0
5993845000000,0
5993845000000,0
5993845000000,0
5993845000000,0
5993845000000,0
5993845000000,0
5993845000000,0
5993845000000,0
5993845000000,0
5993845000000,0
5993845000000,0
5993845000000,0
5993845000000,0
5993863000000,0
5993863000000,0
5993863000000,0
5993863000000,0
5993863000000,0
5993863000000,0
5993863000000,0
5993863000000,0
5993863000000,0
5993863000000,0
5993863000000,0
5993897000000,0
5993897000000,0
5993897000000,0
5993897000000,0
5993897000000,0
5993897000000,0
5993914000000,0
5993914000000,0
5993914000000,0
5993914000000,0
5993914000000,0
5993914000000,0
5993931000000,0
5993931000000,0
5993931000000,0
5993931000000,0
5993931000000,0
5993931000000,0
5993931000000,0
5993931000000,0
5993931000000,0
5993948000000,0
5993948000000,0
5993948000000,0
5993948000000,0
5993948000000,0
5993948000000,0
5993966000000,0
5993966000000,0
5993966000000,0
5993966000000,0
5993966000000,0
5994000000000,0
5994000000000,0
5994000000000,0
5994000000000,0
5994000000000,0
5994000000000,0
5994000000000,0
5994000000000,0
5994017000000,0
5994017000000,0
5994017000000,0
5994017000000,0
5994034000000,0
5994034000000,0
5994034000000,0
5994034000000,0
5994034000000,0
5994034000000,0
5994034000000,0
5994034000000,0
5994034000000,0
5994034000000,0
5994034000000,0
5994034000000,0
5994051000000,0
5994051000000,0
5994051000000,0
5994051000000,0
5994051000000,0
5994051000000,0
5994051000000,0
5994051000000,0
5994051000000,0
5994051000000,0
5994051000000,0
5994085000000,0
5994085000000,0
5994085000000,0
5994085000000,0
5994085000000,0
5994085000000,0
5994085000000,0
5994085000000,0
5994085000000,0
5994102000000,0
5994102000000,0
5994102000000,0
5994102000000,0
5994102000000,0
5994102000000,0
5994102000000,0
5994119000000,0
5994119000000,0
5994119000000,0
5994119000000,0
5994136000000,0
5994136000000,0
5994136000000,0
5994136000000,0
5994136000000,0
5994136000000,0
5994136000000,0
5994136000000,0
5994153000000,0
5994153000000,0
5994153000000,0
5994153000000,0
5994153000000,0
5994153000000,0
5994153000000,0
5994153000000,0
5994153000000,0
5994153000000,0
5994153000000,0
5994153000000,0
5994153000000,0
5994170000000,0
5994170000000,0
5994170000000,0
5994170000000,0
5994170000000,0
5994170000000,0
5994170000000,0
5994170000000,0
5994204000000,0
5994204000000,0
5994204000000,0
5994204000000,0
5994204000000,0
5994204000000,0
5994204000000,0
5994204000000,0
5994204000000,0
5994204000000,0
5994204000000,0
5994204000000,0
5994204000000,0
5994204000000,0
5994204000000,0
5994221000000,0
5994221000000,0
5994221000000,0
5994238000000,0
5994238000000,0
5994238000000,0
5994238000000,0
5994238000000,0
5994238000000,0
5994238000000,0
5994238000000,0
5994238000000,0
5994238000000,0
5994238000000,0
5994238000000,0
5994238000000,0
5994238000000,0
5994255000000,0
5994255000000,0
5994255000000,0
5994255000000,0
5994255000000,0
5994289000000,0
5994289000000,0
5994289000000,0
5994289000000,0
5994289000000,0
5994289000000,0
5994306000000,0
5994306000000,0
5994306000000,0
5994340000000,0
5994340000000,0
5994340000000,0
5994340000000,0
5994340000000,0
5994340000000,0
5994340000000,0
5994340000000,0
5994340000000,0
5994340000000,0
5994340000000,0
5994340000000,0
5994340000000,0
5994340000000,0
5994340000000,0
5994340000000,0
5994348000000,0
5994348000000,0
5994348000000,0
5994348000000,0
5994348000000,0
5994348000000,0
5994348000000,0
5994348000000,0
5994348000000,0
5994348000000,0
5994348000000,0
5994348000000,0
5994348000000,0
5994348000000,0
5994365000000,0
5994365000000,0
5994365000000,0
5994365000000,0
5994365000000,0
5994365000000,0
5994365000000,0
5994365000000,0
5994365000000,0
5994365000000,0
5994399000000,0
5994399000000,0
5994399000000,0
5994399000000,0
5994399000000,0
5994416000000,0
5994433000000,0
5994433000000,0
5994433000000,0
5994433000000,0
5994433000000,0
5994433000000,0
5994433000000,0
5994433000000,0
5994433000000,0
5994433000000,0
5994433000000,0
5994433000000,0
5994450000000,0
5994450000000,0
5994450000000,0
5994450000000,0
5994450000000,0
5994450000000,0
5994450000000,0
5994450000000,0
5994450000000,0
5994467000000,0
5994467000000,0
5994467000000,0
5994467000000,0
5994467000000,0
5994467000000,0
5994467000000,0
5994467000000,0
5994467000000,0
5994467000000,0
5994484000000,0
5994484000000,0
5994484000000,0
5994501000000,0
5994501000000,0
5994501000000,0
5994501000000,0
5994518000000,0
5994518000000,0
5994535000000,0
5994535000000,0
5994535000000,0
5994535000000,0
5994535000000,0
5994535000000,0
5994535000000,0
5994535000000,0
5994535000000,0
5994535000000,0
5994552000000,0
5994552000000,0
5994552000000,0
5994552000000,0
5994552000000,0
5994552000000,0
5994552000000,0
5994552000000,0
5994552000000,0
5994569000000,0
5994569000000,0
5994569000000,0
5994569000000,0
5994569000000,0
5994569000000,0
5994569000000,0
5994569000000,0
5994569000000,0
5994569000000,0
5994569000000,0
5994569000000,0
5994569000000,0
5994569000000,0
5994569000000,0
5994569000000,0
5994569000000,0
5994569000000,0
5994603000000,0
5994603000000,0
5994603000000,0
5994603000000,0
5994603000000,0
5994603000000,0
5994603000000,0
5994603000000,0
5994637000000,0
5994637000000,0
5994637000000,0
5994637000000,0
5994637000000,0
5994637000000,0
5994654000000,0
5994654000000,0
5994654000000,0
5994654000000,0
5994654000000,0
5994654000000,0
5994671000000,0
5994671000000,0
5994671000000,0
5994671000000,0
5994671000000,0
5994688000000,0
5994688000000,0
5994688000000,0
5994688000000,0
5994688000000,0
5994688000000,0
5994688000000,0
5994688000000,0
5994688000000,0
5994688000000,0
5994688000000,0
5994688000000,0
5994688000000,0
5994688000000,0
5994705000000,0
5994705000000,0
5994705000000,0
5994705000000,0
5994705000000,0
5994705000000,0
5994705000000,0
5994722000000,0
5994739000000,0
5994739000000,0
5994739000000,0
5994739000000,0
5994739000000,0
5994739000000,0
5994756000000,0
5994756000000,0
5994756000000,0
5994756000000,0
5994756000000,0
5994756000000,0
5994756000000,0
5994756000000,0
5994756000000,0
5994777000000,0
5994777000000,0
5994777000000,0
5994777000000,0
5994777000000,0
5994794000000,0
5994794000000,0
5994794000000,0
5994794000000,0
5994794000000,0
5994794000000,0
5994794000000,0
5994828000000,0
5994828000000,0
5994828000000,0
5994828000000,0
5994828000000,0
5994828000000,0
5994828000000,0
5994828000000,0
5994828000000,0
5994828000000,0
5994828000000,0
5994828000000,0
5994845000000,0
5994845000000,0
5994845000000,0
5994845000000,0
5994845000000,0
5994845000000,0
5994845000000,0
5994845000000,0
5994845000000,0
5994845000000,0
5994845000000,0
5994845000000,0
5994845000000,0
5994845000000,0
5994845000000,0
5994845000000,0
5994845000000,0
5994845000000,0
5994845000000,0
5994845000000,0
5994845000000,0
5994845000000,0
5994845000000,0
5994845000000,0
5994845000000,0
5994862000000,0
5994862000000,0
5994896000000,0
5994896000000,0
5994896000000,0
5994896000000,0
5994896000000,0
5994913000000,0
5994913000000,0
5994913000000,0
5994913000000,0
5994947000000,0
5994947000000,0
5994947000000,0
5994947000000,0
5994947000000,0
5994947000000,0
5994947000000,0
5994947000000,0
5994947000000,0
5994947000000,0
5994947000000,0
5994947000000,0
5994947000000,0
5994947000000,0
5994947000000,0
5994947000000,0
5994965000000,0
5994965000000,0
5994965000000,0
5994965000000,0
5994965000000,0
5994965000000,0
5994965000000,0
5994965000000,0
5994999000000,0
5994999000000,0
5994999000000,0
5994999000000,0
5995016000000,0
5995016000000,0
5995016000000,0
5995016000000,0
5995033000000,0
5995033000000,0
5995033000000,0
5995033000000,0
5995033000000,0
5995033000000,0
5995033000000,0
5995033000000,0
5995033000000,0
5995033000000,0
5995033000000,0
5995033000000,0
5995033000000,0
5995033000000,0
5995033000000,0
5995033000000,0
5995033000000,0
5995033000000,0
5995033000000,0
5995033000000,0
5995053000000,0
5995053000000,0
5995053000000,0
5995053000000,0
5995053000000,0
5995053000000,0
5995053000000,0
5995089000000,0
5995089000000,0
5995089000000,0
5995089000000,0
5995089000000,0
5995089000000,0
5995089000000,0
5995089000000,0
5995106000000,0
5995106000000,0
5995106000000,0
5995106000000,0
5995106000000,0
5995106000000,0
5995106000000,0
5995123000000,0
5995123000000,0
5995123000000,0
5995123000000,0
5995123000000,0
5995140000000,0
5995140000000,0
5995140000000,0
5995140000000,0
5995140000000,0
5995140000000,0
5995140000000,0
5995140000000,0
5995140000000,0
5995157000000,0
5995157000000,0
5995157000000,0
5995157000000,0
5995157000000,0
5995157000000,0
5995157000000,0
5995157000000,0
5995157000000,0
5995157000000,0
5995174000000,0
5995174000000,0
5995174000000,0
5995174000000,0
5995174000000,0
5995174000000,0
5995191000000,0
5995208000000,0
5995208000000,0
5995208000000,0
5995225000000,0
5995225000000,0
5995225000000,0
5995225000000,0
5995225000000,0
5995225000000,0
5995225000000,0
5995242000000,0
5995242000000,0
5995242000000,0
5995242000000,0
5995242000000,0
5995242000000,0
5995242000000,0
5995242000000,0
5995242000000,0
5995242000000,0
5995242000000,0
5995259000000,0
5995259000000,0
5995259000000,0
5995259000000,0
5995259000000,0
5995259000000,0
5995259000000,0
5995259000000,0
5995259000000,0
5995259000000,0
5995276000000,0
5995276000000,0
5995276000000,0
5995276000000,0
5995276000000,0
5995276000000,0
5995276000000,0
5995276000000,0
5995276000000,0
5995276000000,0
5995276000000,0
5995276000000,0
5995293000000,0
5995293000000,0
5995310000000,0
5995310000000,0
5995310000000,0
5995310000000,0
5995310000000,0
5995310000000,0
5995310000000,0
5995344000000,0
5995344000000,0
5995344000000,0
5995344000000,0
5995344000000,0
5995344000000,0
5995344000000,0
5995344000000,0
5995344000000,0
5995344000000,0
5995344000000,0
5995344000000,0
5995344000000,0
5995344000000,0
5995356000000,0
5995356000000,0
5995356000000,0
5995356000000,0
5995356000000,0
5995356000000,0
5995356000000,0
5995356000000,0
5995356000000,0
5995356000000,0
5995356000000,0
5995356000000,0
5995356000000,0
5995356000000,0
5995373000000,0
5995373000000,0
5995373000000,0
5995373000000,0
5995373000000,0
5995373000000,0
5995373000000,0
5995373000000,0
5995373000000,0
5995373000000,0
5995373000000,0
5995373000000,0
5995373000000,0
5995390000000,0
5995390000000,0
5995390000000,0
5995390000000,0
5995390000000,0
5995390000000,0
5995390000000,0
5995441000000,0
5995441000000,0
5995441000000,0
5995441000000,0
5995441000000,0
5995441000000,0
5995441000000,0
5995441000000,0
5995441000000,0
5995441000000,0
5995441000000,0
5995446000000,0
5995446000000,0
5995446000000,0
5995446000000,0
5995446000000,0
5995446000000,0
5995446000000,0
5995463000000,0
5995463000000,0
5995463000000,0
5995463000000,0
5995463000000,0
5995463000000,0
5995463000000,0
5995463000000,0
5995480000000,0
5995480000000,0
5995480000000,0
5995480000000,0
5995480000000,0
5995497000000,0
5995497000000,0
5995497000000,0
5995497000000,0
5995497000000,0
5995497000000,0
5995514000000,0
5995514000000,0
5995514000000,0
5995514000000,0
5995531000000,0
5995531000000,0
5995531000000,0
5995531000000,0
5995531000000,0
5995548000000,0
5995548000000,0
5995548000000,0
5995548000000,0
5995548000000,0
5995548000000,0
5995548000000,0
5995548000000,0
5995548000000,0
5995548000000,0
5995548000000,0
5995548000000,0
5995548000000,0
5995548000000,0
5995548000000,0
5995548000000,0
5995548000000,0
5995548000000,0
5995548000000,0
5995548000000,0
5995564000000,0
5995564000000,0
5995564000000,0
5995564000000,0
5995564000000,0
5995564000000,0
5995564000000,0
5995581000000,0
5995581000000,0
5995581000000,0
5995581000000,0
5995581000000,0
5995598000000,0
5995598000000,0
5995598000000,0
5995598000000,0
5995615000000,0
5995615000000,0
5995615000000,0
5995615000000,0
5995615000000,0
5995615000000,0
5995615000000,0
5995615000000,0
5995632000000,0
5995649000000,0
5995649000000,0
5995649000000,0
5995649000000,0
5995649000000,0
5995649000000,0
5995649000000,0
5995649000000,0
5995649000000,0
5995649000000,0
5995649000000,0
5995649000000,0
5995649000000,0
5995649000000,0
5995649000000,0
5995649000000,0
5995656000000,0
5995656000000,0
5995656000000,0
5995656000000,0
5995656000000,0
5995656000000,0
5995656000000,0
5995656000000,0
5995656000000,0
5995673000000,0
5995673000000,0
5995673000000,0
5995673000000,0
5995673000000,0
5995673000000,0
5995673000000,0
5995673000000,0
5995673000000,0
5995707000000,0
5995707000000,0
5995707000000,0
5995724000000,0
5995724000000,0
5995724000000,0
5995724000000,0
5995724000000,0
5995724000000,0
5995724000000,0
5995724000000,0
5995741000000,0
5995741000000,0
5995741000000,0
5995741000000,0
5995741000000,0
5995741000000,0
5995741000000,0
5995741000000,0
5995741000000,0
5995741000000,0
5995741000000,0
5995758000000,0
5995758000000,0
5995758000000,0
5995758000000,0
5995758000000,0
5995758000000,0
5995775000000,0
5995775000000,0
5995775000000,0
5995775000000,0
5995775000000,0
5995775000000,0
5995775000000,0
5995775000000,0
5995775000000,0
5995775000000,0
5995792000000,0
5995792000000,0
5995792000000,0
5995792000000,0
5995792000000,0
5995792000000,0
5995809000000,0
5995809000000,0
5995809000000,0
5995826000000,0
5995826000000,0
5995826000000,0
5995826000000,0
5995826000000,0
5995843000000,0
5995843000000,0
5995843000000,0
5995843000000,0
5995843000000,0
5995843000000,0
5995843000000,0
5995843000000,0
5995843000000,0
5995843000000,0
5995843000000,0
5995858000000,0
5995858000000,0
5995858000000,0
5995858000000,0
5995858000000,0
5995858000000,0
5995858000000,0
5995858000000,0
5995858000000,0
5995858000000,0
5995858000000,0
5995858000000,0
5995875000000,0
5995875000000,0
5995875000000,0
5995875000000,0
5995875000000,0
5995909000000,0
5995909000000,0
5995909000000,0
5995909000000,0
5995909000000,0
5995909000000,0
5995909000000,0
5995909000000,0
5995909000000,0
5995909000000,0
5995909000000,0
5995926000000,0
5995926000000,0
5995926000000,0
5995926000000,0
5995926000000,0
5995926000000,0
5995926000000,0
5995943000000,0
5995943000000,0
5995943000000,0
5995943000000,0
5995943000000,0
5995943000000,0
5995943000000,0
5995960000000,0
5995960000000,0
5995960000000,0
5995977000000,0
5995977000000,0
5995977000000,0
5995977000000,0
5995977000000,0
5995977000000,0
5995977000000,0
5995994000000,0
5995994000000,0
5995994000000,0
5995994000000,0
5995994000000,0
5996011000000,0
5996028000000,0
5996028000000,0
5996028000000,0
5996028000000,0
5996028000000,0
5996028000000,0
5996028000000,0
5996045000000,0
5996045000000,0
5996045000000,0
5996045000000,0
5996045000000,0
5996045000000,0
5996045000000,0
5996045000000,0
5996045000000,0
5996045000000,0
5996045000000,0
5996045000000,0
5996062000000,0
5996062000000,0
5996062000000,0
5996062000000,0
5996062000000,0
5996062000000,0
5996062000000,0
5996079000000,0
5996079000000,0
5996079000000,0
5996079000000,0
5996079000000,0
5996079000000,0
5996079000000,0
5996079000000,0
5996079000000,0
5996079000000,0
5996113000000,0
5996113000000,0
5996113000000,0
5996113000000,0
5996113000000,0
5996113000000,0
5996113000000,0
5996147000000,0
5996147000000,0
5996147000000,0
5996147000000,0
5996147000000,0
5996147000000,0
5996147000000,0
5996147000000,0
5996147000000,0
5996147000000,0
5996147000000,0
5996147000000,0
5996147000000,0
5996147000000,0
5996147000000,0
5996147000000,0
5996147000000,0
5996147000000,0
5996147000000,0
5996147000000,0
5996147000000,0
5996147000000,0
5996147000000,0
5996147000000,0
5996164000000,0
5996164000000,0
5996164000000,0
5996164000000,0
5996164000000,0
5996164000000,0
5996181000000,0
5996181000000,0
5996181000000,0
5996181000000,0
5996181000000,0
5996198000000,0
5996198000000,0
5996198000000,0
5996198000000,0
5996232000000,0
5996232000000,0
5996232000000,0
5996232000000,0
5996232000000,0
5996249000000,0
5996249000000,0
5996249000000,0
5996249000000,0
5996249000000,0
5996249000000,0
5996249000000,0
5996249000000,0
5996249000000,0
5996249000000,0
5996249000000,0
5996249000000,0
5996249000000,0
5996249000000,0
5996249000000,0
5996249000000,0
5996261000000,0
5996261000000,0
5996261000000,0
5996261000000,0
5996261000000,0
5996261000000,0
5996261000000,0
5996261000000,0
5996261000000,0
5996261000000,0
5996261000000,0
5996261000000,0
5996261000000,0
5996261000000,0
5996278000000,0
5996278000000,0
5996278000000,0
5996278000000,0
5996278000000,0
5996278000000,0
5996278000000,0
5996278000000,0
5996278000000,0
5996278000000,0
5996278000000,0
5996278000000,0
5996312000000,0
5996312000000,0
5996312000000,0
5996329000000,0
5996329000000,0
5996329000000,0
5996329000000,0
5996329000000,0
5996346000000,0
5996346000000,0
5996346000000,0
5996346000000,0
5996346000000,0
5996346000000,0
5996346000000,0
5996346000000,0
5996346000000,0
5996346000000,0
5996346000000,0
5996346000000,0
5996346000000,0
5996346000000,0
5996346000000,0
5996361000000,0
5996361000000,0
5996361000000,0
5996361000000,0
5996361000000,0
5996361000000,0
5996361000000,0
5996361000000,0
5996361000000,0
5996361000000,0
5996361000000,0
5996378000000,0
5996378000000,0
5996378000000,0
5996378000000,0
5996378000000,0
5996378000000,0
5996395000000,0
5996395000000,0
5996395000000,0
5996395000000,0
5996412000000,0
5996412000000,0
5996429000000,0
5996429000000,0
5996429000000,0
5996429000000,0
5996429000000,0
5996429000000,0
5996429000000,0
5996446000000,0
5996446000000,0
5996446000000,0
5996446000000,0
5996446000000,0
5996446000000,0
5996446000000,0
5996446000000,0
5996446000000,0
5996446000000,0
5996446000000,0
5996446000000,0
5996446000000,0
5996446000000,0
5996446000000,0
5996446000000,0
5996446000000,0
5996446000000,0
5996463000000,0
5996463000000,0
5996463000000,0
5996463000000,0
5996463000000,0
5996463000000,0
5996480000000,0
5996480000000,0
5996480000000,0
5996480000000,0
5996480000000,0
5996480000000,0
5996480000000,0
5996480000000,0
5996480000000,0
5996480000000,0
5996480000000,0
5996480000000,0
5996497000000,0
5996514000000,0
5996514000000,0
5996514000000,0
5996514000000,0
5996514000000,0
5996514000000,0
5996514000000,0
5996514000000,0
5996514000000,0
5996531000000,0
5996548000000,0
5996548000000,0
5996548000000,0
5996548000000,0
5996548000000,0
5996548000000,0
5996548000000,0
5996548000000,0
5996548000000,0
5996548000000,0
5996548000000,0
5996548000000,0
5996548000000,0
5996548000000,0
5996548000000,0
5996548000000,0
5996548000000,0
5996548000000,0
5996548000000,0
5996565000000,0
5996565000000,0
5996565000000,0
5996565000000,0
5996565000000,0
5996565000000,0
5996565000000,0
5996565000000,0
5996565000000,0
5996565000000,0
5996565000000,0
5996599000000,0
5996599000000,0
5996599000000,0
5996599000000,0
5996599000000,0
5996599000000,0
5996599000000,0
5996616000000,0
5996616000000,0
5996616000000,0
5996616000000,0
5996633000000,0
5996633000000,0
5996633000000,0
5996633000000,0
5996633000000,0
5996633000000,0
5996633000000,0
5996650000000,0
5996650000000,0
5996650000000,0
5996650000000,0
5996650000000,0
5996650000000,0
5996650000000,0
5996650000000,0
5996650000000,0
5996650000000,0
5996650000000,0
5996650000000,0
5996650000000,0
5996667000000,0
5996667000000,0
5996667000000,0
5996667000000,0
5996667000000,0
5996667000000,0
5996667000000,0
5996667000000,0
5996667000000,0
5996667000000,0
5996667000000,0
5996667000000,0
5996684000000,0
5996684000000,0
5996684000000,0
5996684000000,0
5996684000000,0
5996718000000,0
5996718000000,0
5996718000000,0
5996735000000,0
5996735000000,0
5996735000000,0
5996735000000,0
5996735000000,0
5996735000000,0
5996735000000,0
5996735000000,0
5996752000000,0
5996752000000,0
5996752000000,0
5996752000000,0
5996752000000,0
5996752000000,0
5996752000000,0
5996752000000,0
5996752000000,0
5996752000000,0
5996752000000,0
5996771000000,0
5996771000000,0
5996771000000,0
5996771000000,0
5996771000000,0
5996771000000,0
5996771000000,0
5996771000000,0
5996771000000,0
5996771000000,0
5996771000000,0
5996771000000,0
5996771000000,0
5996788000000,0
5996788000000,0
5996788000000,0
5996788000000,0
5996788000000,0
5996805000000,0
5996805000000,0
5996805000000,0
5996822000000,0
5996822000000,0
5996822000000,0
5996839000000,0
5996839000000,0
5996839000000,0
5996839000000,0
5996839000000,0
5996839000000,0
5996839000000,0
5996839000000,0
5996839000000,0
5996839000000,0
5996839000000,0
5996839000000,0
5996856000000,0
5996856000000,0
5996856000000,0
5996856000000,0
5996856000000,0
5996856000000,0
5996856000000,0
5996856000000,0
5996856000000,0
5996856000000,0
5996856000000,0
5996873000000,0
5996873000000,0
5996873000000,0
5996873000000,0
5996873000000,0
5996873000000,0
5996873000000,0
5996907000000,0
5996907000000,0
5996907000000,0
5996907000000,0
5996907000000,0
5996907000000,0
5996907000000,0
5996907000000,0
5996924000000,0
5996924000000,0
5996924000000,0
5996924000000,0
5996924000000,0
5996924000000,0
5996924000000,0
5996924000000,0
5996941000000,0
5996941000000,0
5996941000000,0
5996941000000,0
5996941000000,0
5996941000000,0
5996941000000,0
5996941000000,0
5996941000000,0
5996941000000,0
5996941000000,0
5996958000000,0
5996958000000,0
5996958000000,0
5996958000000,0
5996958000000,0
5996958000000,0
5996958000000,0
5996958000000,0
5996992000000,0
5996992000000,0
5996992000000,0
5996992000000,0
5996992000000,0
5996992000000,0
5996992000000,0
5997009000000,0
5997009000000,0
5997009000000,0
5997009000000,0
5997009000000,0
5997009000000,0
5997009000000,0
5997026000000,0
5997026000000,0
5997026000000,0
5997026000000,0
5997026000000,0
5997043000000,0
5997043000000,0
5997043000000,0
5997043000000,0
5997043000000,0
5997043000000,0
5997043000000,0
5997043000000,0
5997043000000,0
5997043000000,0
5997043000000,0
5997043000000,0
5997043000000,0
5997060000000,0
5997060000000,0
5997060000000,0
5997060000000,0
5997060000000,0
5997060000000,0
5997060000000,0
5997077000000,0
5997077000000,0
5997077000000,0
5997077000000,0
5997077000000,0
5997077000000,0
5997077000000,0
5997077000000,0
5997077000000,0
5997077000000,0
5997094000000,0
5997094000000,0
5997094000000,0
5997094000000,0
5997094000000,0
5997094000000,0
5997094000000,0
5997094000000,0
5997094000000,0
5997128000000,0
5997128000000,0
5997128000000,0
5997128000000,0
5997128000000,0
5997128000000,0
5997145000000,0
5997145000000,0
5997145000000,0
5997145000000,0
5997145000000,0
5997145000000,0
5997145000000,0
5997145000000,0
5997145000000,0
5997145000000,0
5997145000000,0
5997162000000,0
5997162000000,0
5997162000000,0
5997162000000,0
5997162000000,0
5997162000000,0
5997162000000,0
5997162000000,0
5997162000000,0
5997179000000,0
5997179000000,0
5997179000000,0
5997179000000,0
5997179000000,0
5997213000000,0
5997213000000,0
5997213000000,0
5997213000000,0
5997213000000,0
5997213000000,0
5997213000000,0
5997230000000,0
5997230000000,0
5997230000000,0
5997230000000,0
5997247000000,0
5997247000000,0
5997247000000,0
5997247000000,0
5997247000000,0
5997247000000,0
5997247000000,0
5997247000000,0
5997247000000,0
5997247000000,0
5997247000000,0
5997247000000,0
5997247000000,0
5997247000000,0
5997247000000,0
5997247000000,0
5997247000000,0
5997247000000,0
5997267000000,0
5997267000000,0
5997267000000,0
5997267000000,0
5997267000000,0
5997267000000,0
5997267000000,0
5997267000000,0
5997267000000,0
5997267000000,0
5997267000000,0
5997267000000,0
5997267000000,0
5997267000000,0
5997267000000,0
5997284000000,0
5997301000000,0
5997301000000,0
5997301000000,0
5997301000000,0
5997301000000,0
5997335000000,0
5997335000000,0
5997335000000,0
5997335000000,0
5997335000000,0
5997335000000,0
5997335000000,0
5997352000000,0
5997352000000,0
5997352000000,0
5997352000000,0
5997352000000,0
5997352000000,0
5997352000000,0
5997352000000,0
5997352000000,0
5997352000000,0
5997352000000,0
5997369000000,0
5997369000000,0
5997369000000,0
5997369000000,0
5997369000000,0
5997369000000,0
5997369000000,0
5997369000000,0
5997369000000,0
5997369000000,0
5997369000000,0
5997369000000,0
5997386000000,0
5997386000000,0
5997386000000,0
5997386000000,0
5997386000000,0
5997403000000,0
5997403000000,0
5997403000000,0
5997403000000,0
5997420000000,0
5997420000000,0
5997420000000,0
5997420000000,0
5997420000000,0
5997437000000,0
5997437000000,0
5997437000000,0
5997437000000,0
5997437000000,0
5997437000000,0
5997437000000,0
5997437000000,0
5997437000000,0
5997437000000,0
5997437000000,0
5997454000000,0
5997454000000,0
5997454000000,0
5997454000000,0
5997454000000,0
5997454000000,0
5997454000000,0
5997454000000,0
5997454000000,0
5997454000000,0
5997454000000,0
5997471000000,0
5997471000000,0
5997488000000,0
5997488000000,0
5997488000000,0
5997488000000,0
5997505000000,0
5997505000000,0
5997505000000,0
5997505000000,0
5997522000000,0
5997522000000,0
5997522000000,0
5997522000000,0
5997522000000,0
5997539000000,0
5997539000000,0
5997539000000,0
5997539000000,0
5997539000000,0
5997539000000,0
5997539000000,0
5997539000000,0
5997539000000,0
5997539000000,0
5997556000000,0
5997556000000,0
5997556000000,0
5997556000000,0
5997556000000,0
5997556000000,0
5997556000000,0
5997556000000,0
5997556000000,0
5997556000000,0
5997556000000,0
5997556000000,0
5997556000000,0
5997573000000,0
5997573000000,0
5997573000000,0
5997573000000,0
5997573000000,0
5997573000000,0
5997573000000,0
5997590000000,0
5997607000000,0
5997607000000,0
5997607000000,0
5997607000000,0
5997607000000,0
5997607000000,0
5997607000000,0
5997607000000,0
5997607000000,0
5997607000000,0
5997624000000,0
5997641000000,0
5997641000000,0
5997641000000,0
5997641000000,0
5997641000000,0
5997641000000,0
5997641000000,0
5997641000000,0
5997641000000,0
5997641000000,0
5997641000000,0
5997641000000,0
5997641000000,0
5997658000000,0
5997658000000,0
5997658000000,0
5997658000000,0
5997658000000,0
5997658000000,0
5997658000000,0
5997658000000,0
5997675000000,0
5997675000000,0
5997675000000,0
5997675000000,0
5997675000000,0
5997675000000,0
5997675000000,0
5997675000000,0
5997692000000,0
5997692000000,0
5997692000000,0
5997692000000,0
5997692000000,0
5997692000000,0
5997692000000,0
5997692000000,0
5997709000000,0
5997709000000,0
5997709000000,0
5997709000000,0
5997709000000,0
5997709000000,0
5997726000000,0
5997726000000,0
5997726000000,0
5997726000000,0
5997726000000,0
5997726000000,0
5997726000000,0
5997726000000,0
5997726000000,0
5997726000000,0
5997726000000,0
5997726000000,0
5997726000000,0
5997743000000,0
5997743000000,0
5997743000000,0
5997743000000,0
5997743000000,0
5997743000000,0
5997743000000,0
5997743000000,0
5997743000000,0
5997743000000,0
5997743000000,0
5997743000000,0
5997743000000,0
5997760000000,0
5997760000000,0
5997760000000,0
5997760000000,0
5997760000000,0
5997777000000,0
5997777000000,0
5997777000000,0
5997777000000,0
5997794000000,0
5997794000000,0
5997794000000,0
5997794000000,0
5997794000000,0
5997794000000,0
5997811000000,0
5997811000000,0
5997811000000,0
5997828000000,0
5997828000000,0
5997828000000,0
5997828000000,0
5997828000000,0
5997845000000,0
5997845000000,0
5997845000000,0
5997845000000,0
5997845000000,0
5997845000000,0
5997845000000,0
5997845000000,0
5997845000000,0
5997845000000,0
5997845000000,0
5997845000000,0
5997862000000,0
5997862000000,0
5997862000000,0
5997862000000,0
5997862000000,0
5997862000000,0
5997862000000,0
5997879000000,0
5997879000000,0
5997879000000,0
5997879000000,0
5997879000000,0
5997879000000,0
5997879000000,0
5997896000000,0
5997896000000,0
5997896000000,0
5997896000000,0
5997896000000,0
5997896000000,0
5997896000000,0
5997930000000,0
5997930000000,0
5997930000000,0
5997930000000,0
5997930000000,0
5997930000000,0
5997930000000,0
5997930000000,0
5997930000000,0
5997947000000,0
5997947000000,0
5997947000000,0
5997947000000,0
5997947000000,0
5997947000000,0
5997947000000,0
5997947000000,0
5997947000000,0
5997947000000,0
5997947000000,0
5997964000000,0
5997964000000,0
5997964000000,0
5997964000000,0
5997964000000,0
5997964000000,0
5997964000000,0
5997964000000,0
5997964000000,0
5997964000000,0
5997964000000,0
5997964000000,0
5997981000000,0
5997981000000,0
5997981000000,0
5997981000000,0
5997981000000,0
5998015000000,0
5998015000000,0
5998015000000,0
5998015000000,0
5998015000000,0
5998015000000,0
5998015000000,0
5998015000000,0
5998015000000,0
5998015000000,0
5998015000000,0
5998015000000,0
5998015000000,0
5998015000000,0
5998032000000,0
5998032000000,0
5998032000000,0
5998032000000,0
5998032000000,0
5998032000000,0
5998032000000,0
5998054000000,0
5998054000000,0
5998054000000,0
5998054000000,0
5998054000000,0
5998054000000,0
5998054000000,0
5998054000000,0
5998054000000,0
5998054000000,0
5998071000000,0
5998071000000,0
5998071000000,0
5998071000000,0
5998071000000,0
5998071000000,0
5998071000000,0
5998071000000,0
5998071000000,0
5998105000000,0
5998105000000,0
5998105000000,0
5998105000000,0
5998105000000,0
5998105000000,0
5998105000000,0
5998105000000,0
5998122000000,0
5998122000000,0
5998122000000,0
5998122000000,0
5998122000000,0
5998139000000,0
5998139000000,0
5998139000000,0
5998139000000,0
5998139000000,0
5998139000000,0
5998139000000,0
5998139000000,0
5998139000000,0
5998139000000,0
5998139000000,0
5998139000000,0
5998139000000,0
5998139000000,0
5998139000000,0
5998139000000,0
5998156000000,0
5998156000000,0
5998156000000,0
5998156000000,0
5998156000000,0
5998156000000,0
5998156000000,0
5998156000000,0
5998156000000,0
5998173000000,0
5998173000000,0
5998173000000,0
5998173000000,0
5998190000000,0
5998190000000,0
5998190000000,0
5998190000000,0
5998190000000,0
5998207000000,0
5998207000000,0
5998207000000,0
5998207000000,0
5998207000000,0
5998207000000,0
5998207000000,0
5998241000000,0
5998241000000,0
5998241000000,0
5998241000000,0
5998241000000,0
5998241000000,0
5998241000000,0
5998241000000,0
5998241000000,0
5998241000000,0
5998241000000,0
5998258000000,0
5998258000000,0
5998258000000,0
5998258000000,0
5998258000000,0
5998258000000,0
5998258000000,0
5998258000000,0
5998258000000,0
5998258000000,0
5998275000000,0
5998275000000,0
5998275000000,0
5998275000000,0
5998275000000,0
5998275000000,0
5998292000000,0
5998292000000,0
5998292000000,0
5998292000000,0
5998309000000,0
5998309000000,0
5998326000000,0
5998326000000,0
5998326000000,0
5998326000000,0
5998326000000,0
5998326000000,0
5998343000000,0
5998343000000,0
5998343000000,0
5998343000000,0
5998343000000,0
5998343000000,0
5998343000000,0
5998343000000,0
5998343000000,0
5998343000000,0
5998343000000,0
5998343000000,0
5998343000000,0
5998343000000,0
5998360000000,0
5998360000000,0
5998360000000,0
5998360000000,0
5998360000000,0
5998360000000,0
5998360000000,0
5998360000000,0
5998360000000,0
5998377000000,0
5998377000000,0
5998377000000,0
5998377000000,0
5998377000000,0
5998377000000,0
5998377000000,0
5998377000000,0
5998377000000,0
5998377000000,0
5998377000000,0
5998377000000,0
5998411000000,0
5998411000000,0
5998411000000,0
5998411000000,0
5998411000000,0
5998411000000,0
5998411000000,0
5998411000000,0
5998411000000,0
5998411000000,0
5998428000000,0
5998428000000,0
5998428000000,0
5998445000000,0
5998445000000,0
5998445000000,0
5998445000000,0
5998445000000,0
5998445000000,0
5998445000000,0
5998445000000,0
5998445000000,0
5998445000000,0
5998445000000,0
5998445000000,0
5998445000000,0
5998445000000,0
5998462000000,0
5998462000000,0
5998462000000,0
5998462000000,0
5998462000000,0
5998462000000,0
5998462000000,0
5998462000000,0
5998462000000,0
5998462000000,0
5998462000000,0
5998462000000,0
5998462000000,0
5998462000000,0
5998462000000,0
5998462000000,0
5998462000000,0
5998462000000,0
5998462000000,0
5998462000000,0
5998462000000,0
5998479000000,0
5998496000000,0
5998496000000,0
5998496000000,0
5998496000000,0
5998496000000,0
5998513000000,0
5998513000000,0
5998547000000,0
5998547000000,0
5998547000000,0
5998547000000,0
5998547000000,0
5998547000000,0
5998547000000,0
5998547000000,0
5998547000000,0
5998547000000,0
5998547000000,0
5998547000000,0
5998547000000,0
5998547000000,0
5998547000000,0
5998547000000,0
5998547000000,0
5998564000000,0
5998564000000,0
5998564000000,0
5998564000000,0
5998564000000,0
5998564000000,0
5998564000000,0
5998564000000,0
5998564000000,0
5998564000000,0
5998564000000,0
5998598000000,0
5998598000000,0
5998598000000,0
5998598000000,0
5998598000000,0
5998615000000,0
5998615000000,0
5998615000000,0
5998615000000,0
5998615000000,0
5998615000000,0
5998615000000,0
5998615000000,0
5998649000000,0
5998649000000,0
5998649000000,0
5998649000000,0
5998649000000,0
5998649000000,0
5998649000000,0
5998649000000,0
5998649000000,0
5998649000000,0
5998649000000,0
5998649000000,0
5998649000000,0
5998649000000,0
5998649000000,0
5998649000000,0
5998649000000,0
5998662000000,0
5998662000000,0
5998662000000,0
5998662000000,0
5998662000000,0
5998662000000,0
5998662000000,0
5998662000000,0
5998662000000,0
5998662000000,0
5998662000000,0
5998662000000,0
5998680000000,0
5998680000000,0
5998680000000,0
5998680000000,0
5998680000000,0
5998680000000,0
5998697000000,0
5998714000000,0
5998714000000,0
5998714000000,0
5998714000000,0
5998714000000,0
5998714000000,0
5998714000000,0
5998731000000,0
5998731000000,0
5998731000000,0
5998731000000,0
5998731000000,0
5998731000000,0
5998731000000,0
5998748000000,0
5998748000000,0
5998748000000,0
5998748000000,0
5998748000000,0
5998748000000,0
5998748000000,0
5998748000000,0
5998748000000,0
5998748000000,0
5998748000000,0
5998748000000,0
5998748000000,0
5998748000000,0
5998748000000,0
5998765000000,0
5998765000000,0
5998765000000,0
5998765000000,0
5998765000000,0
5998765000000,0
5998765000000,0
5998765000000,0
5998765000000,0
5998765000000,0
5998765000000,0
5998765000000,0
5998782000000,0
5998782000000,0
5998782000000,0
5998782000000,0
5998782000000,0
5998799000000,0
5998799000000,0
5998799000000,0
5998799000000,0
5998799000000,0
5998799000000,0
5998799000000,0
5998833000000,0
5998833000000,0
5998833000000,0
5998833000000,0
5998833000000,0
5998833000000,0
5998850000000,0
5998850000000,0
5998850000000,0
5998850000000,0
5998850000000,0
5998850000000,0
5998850000000,0
5998850000000,0
5998850000000,0
5998850000000,0
5998850000000,0
5998850000000,0
5998850000000,0
5998850000000,0
5998867000000,0
5998867000000,0
5998867000000,0
5998867000000,0
5998867000000,0
5998867000000,0
5998867000000,0
5998884000000,0
5998884000000,0
5998884000000,0
5998884000000,0
5998884000000,0
5998884000000,0
5998884000000,0
5998901000000,0
5998901000000,0
5998901000000,0
5998901000000,0
5998901000000,0
5998918000000,0
5998935000000,0
5998935000000,0
5998935000000,0
5998935000000,0
5998935000000,0
5998935000000,0
5998935000000,0
5998935000000,0
5998935000000,0
5998935000000,0
5998935000000,0
5998935000000,0
5998935000000,0
5998935000000,0
5998935000000,0
5998935000000,0
5998935000000,0
5998935000000,0
5998935000000,0
5998935000000,0
5998935000000,0
5998935000000,0
5998935000000,0
5998935000000,0
5998935000000,0
5998935000000,0
5998959000000,0
5998959000000,0
5998959000000,0
5998959000000,0
5998959000000,0
5998959000000,0
5998993000000,0
5998993000000,0
5998993000000,0
5998993000000,0
5998993000000,0
5998993000000,0
5998993000000,0
5999010000000,0
5999010000000,0
5999010000000,0
5999010000000,0
5999010000000,0
5999010000000,0
5999010000000,0
5999010000000,0
5999010000000,0
5999010000000,0
5999010000000,0
5999010000000,0
5999010000000,0
5999044000000,0
5999044000000,0
5999044000000,0
5999044000000,0
5999044000000,0
5999044000000,0
5999044000000,0
5999044000000,0
5999044000000,0
5999044000000,0
5999044000000,0
5999044000000,0
5999044000000,0
5999044000000,0
5999053000000,0
5999061000000,0
5999061000000,0
5999061000000,0
5999061000000,0
5999061000000,0
5999061000000,0
5999061000000,0
5999061000000,0
5999095000000,0
5999095000000,0
5999095000000,0
5999095000000,0
5999095000000,0
5999095000000,0
5999095000000,0
5999095000000,0
5999095000000,0
5999112000000,0
5999112000000,0
5999112000000,0
5999112000000,0
5999112000000,0
5999112000000,0
5999129000000,0
5999129000000,0
5999129000000,0
5999129000000,0
5999129000000,0
5999129000000,0
5999146000000,0
5999146000000,0
5999146000000,0
5999146000000,0
5999146000000,0
5999146000000,0
5999146000000,0
5999146000000,0
5999146000000,0
5999146000000,0
5999146000000,0
5999146000000,0
5999146000000,0
5999146000000,0
5999146000000,0
5999163000000,0
5999163000000,0
5999163000000,0
5999163000000,0
5999163000000,0
5999163000000,0
5999180000000,0
5999180000000,0
5999180000000,0
5999180000000,0
5999214000000,0
5999214000000,0
5999214000000,0
5999214000000,0
5999214000000,0
5999214000000,0
5999214000000,0
5999214000000,0
5999214000000,0
5999214000000,0
5999214000000,0
5999214000000,0
5999231000000,0
5999231000000,0
5999231000000,0
5999231000000,0
5999248000000,0
5999248000000,0
5999248000000,0
5999248000000,0
5999248000000,0
5999248000000,0
5999248000000,0
5999248000000,0
5999248000000,0
5999248000000,0
5999248000000,0
5999248000000,0
5999248000000,0
5999248000000,0
5999248000000,0
5999248000000,0
5999248000000,0
5999248000000,0
5999248000000,0
5999248000000,0
5999248000000,0
5999265000000,0
5999265000000,0
5999265000000,0
5999265000000,0
5999265000000,0
5999265000000,0
5999265000000,0
5999265000000,0
5999265000000,0
5999282000000,0
5999282000000,0
5999299000000,0
5999299000000,0
5999299000000,0
5999299000000,0
5999299000000,0
5999299000000,0
5999299000000,0
5999299000000,0
5999299000000,0
5999299000000,0
5999299000000,0
5999333000000,0
5999333000000,0
5999333000000,0
5999333000000,0
5999333000000,0
5999350000000,0
5999350000000,0
5999350000000,0
5999350000000,0
5999350000000,0
5999350000000,0
5999350000000,0
5999350000000,0
5999350000000,0
5999350000000,0
5999350000000,0
5999350000000,0
5999368000000,0
5999368000000,0
5999368000000,0
5999368000000,0
5999368000000,0
5999368000000,0
5999368000000,0
5999368000000,0
5999368000000,0
5999368000000,0
5999368000000,0
5999368000000,0
5999385000000,0
5999385000000,0
5999385000000,0
5999385000000,0
5999385000000,0
5999385000000,0
5999385000000,0
5999385000000,0
5999385000000,0
5999385000000,0
5999385000000,0
5999402000000,0
5999402000000,0
5999436000000,0
5999436000000,0
5999436000000,0
5999453000000,0
5999453000000,0
5999453000000,0
5999453000000,0
5999453000000,0
5999453000000,0
5999453000000,0
5999453000000,0
5999453000000,0
5999453000000,0
5999453000000,0
5999453000000,0
5999453000000,0
5999453000000,0
5999471000000,0
5999471000000,0
5999471000000,0
5999471000000,0
5999471000000,0
5999471000000,0
5999505000000,0
5999505000000,0
5999505000000,0
5999505000000,0
5999505000000,0
5999505000000,0
5999505000000,0
5999505000000,0
5999505000000,0
5999522000000,0
5999522000000,0
5999522000000,0
5999522000000,0
5999522000000,0
5999522000000,0
5999522000000,0
5999522000000,0
5999522000000,0
5999522000000,0
5999522000000,0
5999539000000,0
5999539000000,0
5999539000000,0
5999539000000,0
5999556000000,0
5999556000000,0
5999556000000,0
5999556000000,0
5999556000000,0
5999556000000,0
5999556000000,0
5999556000000,0
5999556000000,0
5999556000000,0
5999556000000,0
5999556000000,0
5999556000000,0
5999573000000,0
5999573000000,0
5999573000000,0
5999573000000,0
5999573000000,0
5999590000000,0
5999590000000,0
5999590000000,0
5999590000000,0
5999590000000,0
5999590000000,0
5999624000000,0
5999624000000,0
5999624000000,0
5999624000000,0
5999624000000,0
5999624000000,0
5999624000000,0
5999624000000,0
5999624000000,0
5999641000000,0
5999641000000,0
5999641000000,0
5999641000000,0
5999641000000,0
5999641000000,0
5999641000000,0
5999641000000,0
5999641000000,0
5999641000000,0
5999658000000,0
5999658000000,0
5999658000000,0
5999658000000,0
5999658000000,0
5999658000000,0
5999658000000,0
5999675000000,0
5999675000000,0
5999675000000,0
5999675000000,0
5999675000000,0
5999675000000,0
5999675000000,0
5999675000000,0
5999675000000,0
5999692000000,0
5999692000000,0
5999692000000,0
5999692000000,0
5999692000000,0
5999692000000,0
5999692000000,0
5999692000000,0
5999692000000,0
5999692000000,0
5999692000000,0
5999726000000,0
5999726000000,0
5999726000000,0
5999726000000,0
5999726000000,0
5999726000000,0
5999726000000,0
5999743000000,0
5999743000000,0
5999743000000,0
5999743000000,0
5999743000000,0
5999743000000,0
5999743000000,0
5999743000000,0
5999760000000,0
5999760000000,0
5999760000000,0
5999760000000,0
5999760000000,0
5999760000000,0
5999760000000,0
5999760000000,0
5999777000000,0
5999777000000,0
5999777000000,0
5999777000000,0
5999794000000,0
5999794000000,0
5999794000000,0
5999794000000,0
5999794000000,0
5999811000000,0
5999811000000,0
5999811000000,0
5999811000000,0
5999828000000,0
5999828000000,0
5999828000000,0
5999828000000,0
5999828000000,0
5999828000000,0
5999828000000,0
5999828000000,0
5999828000000,0
5999845000000,0
5999845000000,0
5999845000000,0
5999845000000,0
5999845000000,0
5999845000000,0
5999845000000,0
5999845000000,0
5999845000000,0
5999845000000,0
5999845000000,0
5999845000000,0
5999862000000,0
5999862000000,0
5999879000000,0
5999879000000,0
5999879000000,0
5999879000000,0
5999879000000,0
5999879000000,0
5999879000000,0
5999879000000,0
5999896000000,0
5999896000000,0
5999896000000,0
5999896000000,0
5999896000000,0
5999896000000,0
5999896000000,0
5999913000000,0
5999913000000,0
5999913000000,0
5999930000000,0
5999930000000,0
5999930000000,0
5999930000000,0
5999947000000,0
5999947000000,0
5999947000000,0
5999947000000,0
5999947000000,0
5999947000000,0
5999947000000,0
5999964000000,0
5999964000000,0
5999964000000,0
5999964000000,0
5999964000000,0
5999964000000,0
5999964000000,0
5999964000000,0
5999964000000,0
5999964000000,0
5999964000000,0
5999981000000,0
5999981000000,0
5999981000000,0
5999981000000,0
5999981000000,0
5999998000000,0
5999998000000,0
5999998000000,0
5999998000000,0
6000015000000,0
6000015000000,0
6000015000000,0
6000032000000,0
6000032000000,0
6000032000000,0
6000032000000,0
6000049000000,0
6000049000000,0
6000049000000,0
6000049000000,0
6000049000000,0
6000049000000,0
6000049000000,0
6000049000000,0
6000049000000,0
6000049000000,0
6000049000000,0
6000049000000,0
6000049000000,0
6000049000000,0
6000049000000,0
6000049000000,0
6000049000000,0
6000049000000,0
6000066000000,0
6000066000000,0
6000066000000,0
6000066000000,0
6000066000000,0
6000066000000,0
6000066000000,0
6000066000000,0
6000066000000,0
6000083000000,0
6000083000000,0
6000083000000,0
6000083000000,0
6000100000000,0
6000100000000,0
6000100000000,0
6000100000000,0
6000100000000,0
6000100000000,0
6000100000000,0
6000100000000,0
6000100000000,0
6000134000000,0
6000134000000,0
6000134000000,0
6000134000000,0
6000134000000,0
6000134000000,0
6000134000000,0
6000134000000,0
6000151000000,0
6000151000000,0
6000151000000,0
6000151000000,0
6000151000000,0
6000151000000,0
6000151000000,0
6000151000000,0
6000151000000,0
6000151000000,0
6000151000000,0
6000168000000,0
6000168000000,0
6000168000000,0
6000168000000,0
6000168000000,0
6000168000000,0
6000202000000,0
6000202000000,0
6000202000000,0
6000202000000,0
6000202000000,0
6000202000000,0
6000202000000,0
6000236000000,0
6000236000000,0
6000236000000,0
6000236000000,0
6000236000000,0
6000236000000,0
6000253000000,0
6000253000000,0
6000253000000,0
6000253000000,0
6000253000000,0
6000253000000,0
6000253000000,0
6000253000000,0
6000253000000,0
6000253000000,0
6000275000000,0
6000275000000,0
6000275000000,0
6000275000000,0
6000275000000,0
6000275000000,0
6000275000000,0
6000275000000,0
6000275000000,0
6000275000000,0
6000275000000,0
6000292000000,0
6000309000000,0
6000309000000,0
6000309000000,0
6000309000000,0
6000309000000,0
6000309000000,0
6000343000000,0
6000343000000,0
6000343000000,0
6000343000000,0
6000343000000,0
6000343000000,0
6000343000000,0
6000343000000,0
6000360000000,0
6000360000000,0
6000360000000,0
6000360000000,0
6000360000000,0
6000360000000,0
6000360000000,0
6000360000000,0
6000360000000,0
6000360000000,0
6000360000000,0
6000360000000,0
6000377000000,0
6000377000000,0
6000377000000,0
6000377000000,0
6000377000000,0
6000377000000,0
6000377000000,0
6000394000000,0
6000394000000,0
6000394000000,0
6000394000000,0
6000394000000,0
6000394000000,0
6000394000000,0
6000394000000,0
6000394000000,0
6000394000000,0
6000394000000,0
6000394000000,0
6000394000000,0
6000428000000,0
6000428000000,0
6000428000000,0
6000428000000,0
6000428000000,0
6000428000000,0
6000428000000,0
6000445000000,0
6000445000000,0
6000445000000,0
6000445000000,0
6000445000000,0
6000445000000,0
6000462000000,0
6000462000000,0
6000462000000,0
6000462000000,0
6000462000000,0
6000462000000,0
6000462000000,0
6000462000000,0
6000462000000,0
6000462000000,0
6000479000000,0
6000479000000,0
6000479000000,0
6000479000000,0
6000479000000,0
6000479000000,0
6000479000000,0
6000479000000,0
6000479000000,0
6000479000000,0
6000479000000,0
6000479000000,0
6000479000000,0
6000479000000,0
6000513000000,0
6000513000000,0
6000513000000,0
6000513000000,0
6000513000000,0
6000513000000,0
6000513000000,0
6000513000000,0
6000513000000,0
6000513000000,0
6000513000000,0
6000547000000,0
6000547000000,0
6000547000000,0
6000547000000,0
6000547000000,0
6000547000000,0
6000547000000,0
6000547000000,0
6000564000000,0
6000564000000,0
6000564000000,0
6000564000000,0
6000564000000,0
6000564000000,0
6000581000000,0
6000581000000,0
6000581000000,0
6000581000000,0
6000598000000,0
6000598000000,0
6000598000000,0
6000598000000,0
6000598000000,0
6000598000000,0
6000615000000,0
6000615000000,0
6000615000000,0
6000615000000,0
6000632000000,0
6000632000000,0
6000632000000,0
6000632000000,0
6000632000000,0
6000632000000,0
6000632000000,0
6000649000000,0
6000649000000,0
6000649000000,0
6000649000000,0
6000649000000,0
6000649000000,0
6000666000000,0
6000666000000,0
6000666000000,0
6000666000000,0
6000666000000,0
6000666000000,0
6000666000000,0
6000666000000,0
6000666000000,0
6000700000000,0
6000700000000,0
6000700000000,0
6000700000000,0
6000700000000,0
6000700000000,0
6000700000000,0
6000700000000,0
6000700000000,0
6000717000000,0
6000717000000,0
6000717000000,0
6000751000000,0
6000751000000,0
6000751000000,0
6000751000000,0
6000751000000,0
6000751000000,0
6000751000000,0
6000751000000,0
6000751000000,0
6000751000000,0
6000768000000,0
6000768000000,0
6000768000000,0
6000768000000,0
6000768000000,0
6000768000000,0
6000768000000,0
6000768000000,0
6000768000000,0
6000768000000,0
6000768000000,0
6000785000000,0
6000802000000,0
6000802000000,0
6000802000000,0
6000802000000,0
6000802000000,0
6000802000000,0
6000802000000,0
6000802000000,0
6000802000000,0
6000836000000,0
6000836000000,0
6000836000000,0
6000836000000,0
6000836000000,0
6000836000000,0
6000853000000,0
6000853000000,0
6000853000000,0
6000853000000,0
6000853000000,0
6000853000000,0
6000853000000,0
6000853000000,0
6000853000000,0
6000853000000,0
6000853000000,0
6000853000000,0
6000853000000,0
6000853000000,0
6000853000000,0
6000853000000,0
6000853000000,0
6000853000000,0
6000853000000,0
6000853000000,0
6000870000000,0
6000870000000,0
6000870000000,0
6000870000000,0
6000870000000,0
6000870000000,0
6000870000000,0
6000870000000,0
6000870000000,0
6000870000000,0
6000904000000,0
6000904000000,0
6000904000000,0
6000904000000,0
6000938000000,0
6000938000000,0
6000956000000,0
6000956000000,0
6000956000000,0
6000956000000,0
6000956000000,0
6000956000000,0
6000956000000,0
6000956000000,0
6000956000000,0
6000973000000,0
6000973000000,0
6000973000000,0
6000990000000,0
6000990000000,0
6000990000000,0
6000990000000,0
6000990000000,0
6000990000000,0
6000990000000,0
6000990000000,0
6000990000000,0
6000990000000,0
6000990000000,0
6000990000000,0
6001024000000,0
6001024000000,0
6001041000000,0
6001041000000,0
6001041000000,0
6001041000000,0
6001041000000,0
6001041000000,0
6001041000000,0
6001041000000,0
6001041000000,0
6001041000000,0
6001041000000,0
6001041000000,0
6001041000000,0
6001065000000,0
6001065000000,0
6001065000000,0
6001065000000,0
6001065000000,0
6001065000000,0
6001065000000,0
6001065000000,0
6001082000000,0
6001082000000,0
6001082000000,0
6001082000000,0
6001082000000,0
6001082000000,0
6001082000000,0
6001099000000,0
6001099000000,0
6001099000000,0
6001099000000,0
6001099000000,0
6001099000000,0
6001133000000,0
6001133000000,0
6001133000000,0
6001133000000,0
6001133000000,0
6001133000000,0
6001133000000,0
6001133000000,0
6001133000000,0
6001133000000,0
6001133000000,0
6001133000000,0
6001133000000,0
6001133000000,0
6001133000000,0
6001150000000,0
6001150000000,0
6001150000000,0
6001150000000,0
6001150000000,0
6001150000000,0
6001186000000,0
6001186000000,0
6001186000000,0
6001186000000,0
6001186000000,0
6001186000000,0
6001186000000,0
6001186000000,0
6001186000000,0
6001186000000,0
6001203000000,0
6001203000000,0
6001203000000,0
6001220000000,0
6001220000000,0
6001220000000,0
6001220000000,0
6001220000000,0
6001220000000,0
6001220000000,0
6001237000000,0
6001237000000,0
6001237000000,0
6001237000000,0
6001237000000,0
6001237000000,0
6001237000000,0
6001254000000,0
6001254000000,0
6001254000000,0
6001254000000,0
6001254000000,0
6001254000000,0
6001254000000,0
6001254000000,0
6001254000000,0
6001254000000,0
6001254000000,0
6001254000000,0
6001288000000,0
6001288000000,0
6001305000000,0
6001305000000,0
6001305000000,0
6001305000000,0
6001305000000,0
6001305000000,0
6001322000000,0
6001322000000,0
6001322000000,0
6001322000000,0
6001322000000,0
6001322000000,0
6001322000000,0
6001339000000,0
6001339000000,0
6001339000000,0
6001339000000,0
6001339000000,0
6001339000000,0
6001356000000,0
6001356000000,0
6001356000000,0
6001356000000,0
6001356000000,0
6001356000000,0
6001356000000,0
6001373000000,0
6001373000000,0
6001373000000,0
6001373000000,0
6001373000000,0
6001373000000,0
6001373000000,0
6001407000000,0
6001407000000,0
6001407000000,0
6001407000000,0
6001407000000,0
6001424000000,0
6001424000000,0
6001424000000,0
6001424000000,0
6001424000000,0
6001441000000,0
6001441000000,0
6001441000000,0
6001441000000,0
6001441000000,0
6001441000000,0
6001441000000,0
6001441000000,0
6001441000000,0
6001459000000,0
6001459000000,0
6001459000000,0
6001459000000,0
6001459000000,0
6001459000000,0
6001459000000,0
6001476000000,0
6001476000000,0
6001476000000,0
6001476000000,0
6001476000000,0
6001476000000,0
6001476000000,0
6001493000000,0
6001493000000,0
6001493000000,0
6001493000000,0
6001493000000,0
6001493000000,0
6001493000000,0
6001493000000,0
6001493000000,0
6001493000000,0
6001493000000,0
6001527000000,0
6001527000000,0
6001527000000,0
6001527000000,0
6001527000000,0
6001527000000,0
6001527000000,0
6001544000000,0
6001544000000,0
6001544000000,0
6001544000000,0
6001544000000,0
6001544000000,0
6001544000000,0
6001544000000,0
6001544000000,0
6001561000000,0
6001561000000,0
6001561000000,0
6001561000000,0
6001561000000,0
6001561000000,0
6001561000000,0
6001561000000,0
6001561000000,0
6001561000000,0
6001561000000,0
6001561000000,0
6001595000000,0
6001595000000,0
6001595000000,0
6001595000000,0
6001595000000,0
6001612000000,0
6001629000000,0
6001629000000,0
6001629000000,0
6001629000000,0
6001629000000,0
6001646000000,0
6001646000000,0
6001646000000,0
6001646000000,0
6001646000000,0
6001646000000,0
6001646000000,0
6001646000000,0
6001646000000,0
6001646000000,0
6001646000000,0
6001646000000,0
6001646000000,0
6001646000000,0
6001646000000,0
6001646000000,0
6001646000000,0
6001663000000,0
6001663000000,0
6001663000000,0
6001663000000,0
6001663000000,0
6001663000000,0
6001663000000,0
6001663000000,0
6001663000000,0
6001663000000,0
6001663000000,0
6001663000000,0
6001663000000,0
6001663000000,0
6001663000000,0
6001697000000,0
6001697000000,0
6001697000000,0
6001731000000,0
6001731000000,0
6001731000000,0
6001731000000,0
6001731000000,0
6001731000000,0
6001731000000,0
6001748000000,0
6001748000000,0
6001748000000,0
6001748000000,0
6001748000000,0
6001748000000,0
6001748000000,0
6001748000000,0
6001765000000,0
6001765000000,0
6001765000000,0
6001765000000,0
6001765000000,0
6001765000000,0
6001765000000,0
6001765000000,0
6001799000000,0
6001799000000,0
6001799000000,0
6001799000000,0
6001799000000,0
6001799000000,0
6001799000000,0
6001799000000,0
6001816000000,0
6001816000000,0
6001816000000,0
6001816000000,0
6001816000000,0
6001816000000,0
6001816000000,0
6001816000000,0
6001816000000,0
6001850000000,0
6001850000000,0
6001850000000,0
6001850000000,0
6001850000000,0
6001850000000,0
6001850000000,0
6001850000000,0
6001850000000,0
6001850000000,0
6001867000000,0
6001867000000,0
6001867000000,0
6001867000000,0
6001867000000,0
6001867000000,0
6001867000000,0
6001884000000,0
6001884000000,0
6001884000000,0
6001884000000,0
6001884000000,0
6001884000000,0
6001884000000,0
6001884000000,0
6001884000000,0
6001918000000,0
6001918000000,0
6001918000000,0
6001918000000,0
6001918000000,0
6001918000000,0
6001918000000,0
6001935000000,0
6001935000000,0
6001935000000,0
6001935000000,0
6001935000000,0
6001935000000,0
6001935000000,0
6001935000000,0
6001935000000,0
6001952000000,0
6001952000000,0
6001952000000,0
6001969000000,0
6001969000000,0
6001969000000,0
6001969000000,0
6001969000000,0
6001969000000,0
6001969000000,0
6001969000000,0
6001986000000,0
6001986000000,0
6001986000000,0
6001986000000,0
6001986000000,0
6001986000000,0
6002003000000,0
6002003000000,0
6002003000000,0
6002003000000,0
6002020000000,0
6002037000000,0
6002037000000,0
6002037000000,0
6002037000000,0
6002054000000,0
6002054000000,0
6002054000000,0
6002054000000,0
6002054000000,0
6002054000000,0
6002054000000,0
6002054000000,0
6002054000000,0
6002054000000,0
6002071000000,0
6002071000000,0
6002071000000,0
6002071000000,0
6002071000000,0
6002071000000,0
6002071000000,0
6002071000000,0
6002071000000,0
6002088000000,0
6002088000000,0
6002088000000,0
6002088000000,0
6002088000000,0
6002088000000,0
6002088000000,0
6002088000000,0
6002088000000,0
6002088000000,0
6002088000000,0
6002105000000,0
6002105000000,0
6002139000000,0
6002139000000,0
6002139000000,0
6002139000000,0
6002139000000,0
6002139000000,0
6002139000000,0
6002139000000,0
6002139000000,0
6002139000000,0
6002139000000,0
6002161000000,0
6002161000000,0
6002161000000,0
6002161000000,0
6002161000000,0
6002161000000,0
6002161000000,0
6002161000000,0
6002161000000,0
6002161000000,0
6002161000000,0
6002161000000,0
6002161000000,0
6002161000000,0
6002161000000,0
6002161000000,0
6002178000000,0
