%time,field.data
5979771000000,{"sm_state": "GB_TRACK", "path_source": "GB", "mpc_mode_echo": "recover", "trail_targets_n": 0, "ot_age_ms": 27.0, "rc_age_ms": 27.0, "n_wpnts": 80}
5979784000000,{"sm_state": "GB_TRACK", "path_source": "GB", "mpc_mode_echo": "recover", "trail_targets_n": 0, "ot_age_ms": 43.0, "rc_age_ms": 43.0, "n_wpnts": 80}
5979784000000,{"sm_state": "GB_TRACK", "path_source": "GB", "mpc_mode_echo": "recover", "trail_targets_n": 0, "ot_age_ms": 43.0, "rc_age_ms": 43.0, "n_wpnts": 80}
5979801000000,{"sm_state": "GB_TRACK", "path_source": "GB", "mpc_mode_echo": "recover", "trail_targets_n": 0, "ot_age_ms": 57.0, "rc_age_ms": 57.0, "n_wpnts": 80}
5979818000000,{"sm_state": "GB_TRACK", "path_source": "GB", "mpc_mode_echo": "recover", "trail_targets_n": 0, "ot_age_ms": 34.0, "rc_age_ms": 34.0, "n_wpnts": 80}
5979834000000,{"sm_state": "GB_TRACK", "path_source": "GB", "mpc_mode_echo": "recover", "trail_targets_n": 0, "ot_age_ms": 51.0, "rc_age_ms": 51.0, "n_wpnts": 80}
5979851000000,{"sm_state": "GB_TRACK", "path_source": "GB", "mpc_mode_echo": "recover", "trail_targets_n": 0, "ot_age_ms": 34.0, "rc_age_ms": 34.0, "n_wpnts": 80}
5979869000000,{"sm_state": "GB_TRACK", "path_source": "GB", "mpc_mode_echo": "recover", "trail_targets_n": 0, "ot_age_ms": 17.0, "rc_age_ms": 17.0, "n_wpnts": 80}
5979869000000,{"sm_state": "GB_TRACK", "path_source": "GB", "mpc_mode_echo": "recover", "trail_targets_n": 0, "ot_age_ms": 17.0, "rc_age_ms": 17.0, "n_wpnts": 80}
5979903000000,{"sm_state": "GB_TRACK", "path_source": "GB", "mpc_mode_echo": "recover", "trail_targets_n": 0, "ot_age_ms": 51.0, "rc_age_ms": 51.0, "n_wpnts": 80}
5979903000000,{"sm_state": "GB_TRACK", "path_source": "GB", "mpc_mode_echo": "recover", "trail_targets_n": 0, "ot_age_ms": 51.0, "rc_age_ms": 51.0, "n_wpnts": 80}
5979920000000,{"sm_state": "GB_TRACK", "path_source": "GB", "mpc_mode_echo": "recover", "trail_targets_n": 0, "ot_age_ms": 68.0, "rc_age_ms": 68.0, "n_wpnts": 80}
5979920000000,{"sm_state": "GB_TRACK", "path_source": "GB", "mpc_mode_echo": "recover", "trail_targets_n": 0, "ot_age_ms": 68.0, "rc_age_ms": 68.0, "n_wpnts": 80}
5979937000000,{"sm_state": "GB_TRACK", "path_source": "GB", "mpc_mode_echo": "recover", "trail_targets_n": 0, "ot_age_ms": 40.0, "rc_age_ms": 40.0, "n_wpnts": 80}
5979949000000,{"sm_state": "GB_TRACK", "path_source": "GB", "mpc_mode_echo": "recover", "trail_targets_n": 0, "ot_age_ms": 18.0, "rc_age_ms": 18.0, "n_wpnts": 80}
5979966000000,{"sm_state": "GB_TRACK", "path_source": "GB", "mpc_mode_echo": "recover", "trail_targets_n": 0, "ot_age_ms": 17.0, "rc_age_ms": 17.0, "n_wpnts": 80}
5980000000000,{"sm_state": "GB_TRACK", "path_source": "GB", "mpc_mode_echo": "recover", "trail_targets_n": 0, "ot_age_ms": 51.0, "rc_age_ms": 51.0, "n_wpnts": 80}
5980000000000,{"sm_state": "GB_TRACK", "path_source": "GB", "mpc_mode_echo": "recover", "trail_targets_n": 0, "ot_age_ms": 51.0, "rc_age_ms": 51.0, "n_wpnts": 80}
5980000000000,{"sm_state": "GB_TRACK", "path_source": "GB", "mpc_mode_echo": "recover", "trail_targets_n": 0, "ot_age_ms": 51.0, "rc_age_ms": 51.0, "n_wpnts": 80}
5980017000000,{"sm_state": "GB_TRACK", "path_source": "GB", "mpc_mode_echo": "recover", "trail_targets_n": 0, "ot_age_ms": 68.0, "rc_age_ms": 68.0, "n_wpnts": 80}
5980017000000,{"sm_state": "GB_TRACK", "path_source": "GB", "mpc_mode_echo": "recover", "trail_targets_n": 0, "ot_age_ms": 9.0, "rc_age_ms": 9.0, "n_wpnts": 80}
5980034000000,{"sm_state": "GB_TRACK", "path_source": "GB", "mpc_mode_echo": "recover", "trail_targets_n": 0, "ot_age_ms": 26.0, "rc_age_ms": 26.0, "n_wpnts": 80}
5980051000000,{"sm_state": "GB_TRACK", "path_source": "GB", "mpc_mode_echo": "recover", "trail_targets_n": 0, "ot_age_ms": 26.0, "rc_age_ms": 26.0, "n_wpnts": 80}
5980085000000,{"sm_state": "GB_TRACK", "path_source": "GB", "mpc_mode_echo": "recover", "trail_targets_n": 0, "ot_age_ms": 26.0, "rc_age_ms": 26.0, "n_wpnts": 80}
5980085000000,{"sm_state": "GB_TRACK", "path_source": "GB", "mpc_mode_echo": "recover", "trail_targets_n": 0, "ot_age_ms": 26.0, "rc_age_ms": 26.0, "n_wpnts": 80}
5980119000000,{"sm_state": "GB_TRACK", "path_source": "GB", "mpc_mode_echo": "recover", "trail_targets_n": 0, "ot_age_ms": 60.0, "rc_age_ms": 60.0, "n_wpnts": 80}
5980119000000,{"sm_state": "GB_TRACK", "path_source": "GB", "mpc_mode_echo": "recover", "trail_targets_n": 0, "ot_age_ms": 60.0, "rc_age_ms": 60.0, "n_wpnts": 80}
5980136000000,{"sm_state": "GB_TRACK", "path_source": "GB", "mpc_mode_echo": "recover", "trail_targets_n": 0, "ot_age_ms": 43.0, "rc_age_ms": 43.0, "n_wpnts": 80}
5980151000000,{"sm_state": "GB_TRACK", "path_source": "GB", "mpc_mode_echo": "recover", "trail_targets_n": 0, "ot_age_ms": 7.0, "rc_age_ms": 7.0, "n_wpnts": 80}
5980168000000,{"sm_state": "GB_TRACK", "path_source": "GB", "mpc_mode_echo": "recover", "trail_targets_n": 0, "ot_age_ms": 17.0, "rc_age_ms": 17.0, "n_wpnts": 80}
5980185000000,{"sm_state": "GB_TRACK", "path_source": "GB", "mpc_mode_echo": "recover", "trail_targets_n": 0, "ot_age_ms": 34.0, "rc_age_ms": 34.0, "n_wpnts": 80}
5980185000000,{"sm_state": "GB_TRACK", "path_source": "GB", "mpc_mode_echo": "recover", "trail_targets_n": 0, "ot_age_ms": 34.0, "rc_age_ms": 34.0, "n_wpnts": 80}
5980219000000,{"sm_state": "GB_TRACK", "path_source": "GB", "mpc_mode_echo": "recover", "trail_targets_n": 0, "ot_age_ms": 34.0, "rc_age_ms": 34.0, "n_wpnts": 80}
5980219000000,{"sm_state": "GB_TRACK", "path_source": "GB", "mpc_mode_echo": "recover", "trail_targets_n": 0, "ot_age_ms": 34.0, "rc_age_ms": 34.0, "n_wpnts": 80}
5980219000000,{"sm_state": "GB_TRACK", "path_source": "GB", "mpc_mode_echo": "recover", "trail_targets_n": 0, "ot_age_ms": 34.0, "rc_age_ms": 34.0, "n_wpnts": 80}
5980236000000,{"sm_state": "GB_TRACK", "path_source": "GB", "mpc_mode_echo": "recover", "trail_targets_n": 0, "ot_age_ms": 51.0, "rc_age_ms": 51.0, "n_wpnts": 80}
5980253000000,{"sm_state": "GB_TRACK", "path_source": "GB", "mpc_mode_echo": "recover", "trail_targets_n": 0, "ot_age_ms": 34.0, "rc_age_ms": 34.0, "n_wpnts": 80}
5980270000000,{"sm_state": "GB_TRACK", "path_source": "GB", "mpc_mode_echo": "recover", "trail_targets_n": 0, "ot_age_ms": 51.0, "rc_age_ms": 51.0, "n_wpnts": 80}
5980270000000,{"sm_state": "GB_TRACK", "path_source": "GB", "mpc_mode_echo": "recover", "trail_targets_n": 0, "ot_age_ms": 51.0, "rc_age_ms": 51.0, "n_wpnts": 80}
5980287000000,{"sm_state": "GB_TRACK", "path_source": "GB", "mpc_mode_echo": "recover", "trail_targets_n": 0, "ot_age_ms": 68.0, "rc_age_ms": 68.0, "n_wpnts": 80}
5980304000000,{"sm_state": "GB_TRACK", "path_source": "GB", "mpc_mode_echo": "recover", "trail_targets_n": 0, "ot_age_ms": 85.0, "rc_age_ms": 85.0, "n_wpnts": 80}
5980321000000,{"sm_state": "GB_TRACK", "path_source": "GB", "mpc_mode_echo": "recover", "trail_targets_n": 0, "ot_age_ms": 17.0, "rc_age_ms": 17.0, "n_wpnts": 80}
5980321000000,{"sm_state": "GB_TRACK", "path_source": "GB", "mpc_mode_echo": "recover", "trail_targets_n": 0, "ot_age_ms": 17.0, "rc_age_ms": 17.0, "n_wpnts": 80}
5980338000000,{"sm_state": "GB_TRACK", "path_source": "GB", "mpc_mode_echo": "recover", "trail_targets_n": 0, "ot_age_ms": 34.0, "rc_age_ms": 34.0, "n_wpnts": 80}
5980355000000,{"sm_state": "GB_TRACK", "path_source": "GB", "mpc_mode_echo": "recover", "trail_targets_n": 0, "ot_age_ms": 17.0, "rc_age_ms": 17.0, "n_wpnts": 80}
5980372000000,{"sm_state": "GB_TRACK", "path_source": "GB", "mpc_mode_echo": "recover", "trail_targets_n": 0, "ot_age_ms": 34.0, "rc_age_ms": 34.0, "n_wpnts": 80}
5980372000000,{"sm_state": "GB_TRACK", "path_source": "GB", "mpc_mode_echo": "recover", "trail_targets_n": 0, "ot_age_ms": 34.0, "rc_age_ms": 34.0, "n_wpnts": 80}
5980389000000,{"sm_state": "GB_TRACK", "path_source": "GB", "mpc_mode_echo": "recover", "trail_targets_n": 0, "ot_age_ms": 17.0, "rc_age_ms": 17.0, "n_wpnts": 80}
5980406000000,{"sm_state": "GB_TRACK", "path_source": "GB", "mpc_mode_echo": "recover", "trail_targets_n": 0, "ot_age_ms": 34.0, "rc_age_ms": 34.0, "n_wpnts": 80}
5980406000000,{"sm_state": "GB_TRACK", "path_source": "GB", "mpc_mode_echo": "recover", "trail_targets_n": 0, "ot_age_ms": 34.0, "rc_age_ms": 34.0, "n_wpnts": 80}
5980406000000,{"sm_state": "GB_TRACK", "path_source": "GB", "mpc_mode_echo": "recover", "trail_targets_n": 0, "ot_age_ms": 34.0, "rc_age_ms": 34.0, "n_wpnts": 80}
5980423000000,{"sm_state": "GB_TRACK", "path_source": "GB", "mpc_mode_echo": "recover", "trail_targets_n": 0, "ot_age_ms": 17.0, "rc_age_ms": 17.0, "n_wpnts": 80}
5980457000000,{"sm_state": "GB_TRACK", "path_source": "GB", "mpc_mode_echo": "recover", "trail_targets_n": 0, "ot_age_ms": 34.0, "rc_age_ms": 34.0, "n_wpnts": 80}
5980457000000,{"sm_state": "GB_TRACK", "path_source": "GB", "mpc_mode_echo": "recover", "trail_targets_n": 0, "ot_age_ms": 34.0, "rc_age_ms": 34.0, "n_wpnts": 80}
5980474000000,{"sm_state": "GB_TRACK", "path_source": "GB", "mpc_mode_echo": "recover", "trail_targets_n": 0, "ot_age_ms": 51.0, "rc_age_ms": 51.0, "n_wpnts": 80}
5980491000000,{"sm_state": "GB_TRACK", "path_source": "GB", "mpc_mode_echo": "recover", "trail_targets_n": 0, "ot_age_ms": 17.0, "rc_age_ms": 17.0, "n_wpnts": 80}
5980542000000,{"sm_state": "GB_TRACK", "path_source": "GB", "mpc_mode_echo": "recover", "trail_targets_n": 0, "ot_age_ms": 34.0, "rc_age_ms": 34.0, "n_wpnts": 80}
5980542000000,{"sm_state": "GB_TRACK", "path_source": "GB", "mpc_mode_echo": "recover", "trail_targets_n": 0, "ot_age_ms": 34.0, "rc_age_ms": 34.0, "n_wpnts": 80}
5980542000000,{"sm_state": "GB_TRACK", "path_source": "GB", "mpc_mode_echo": "recover", "trail_targets_n": 0, "ot_age_ms": 34.0, "rc_age_ms": 34.0, "n_wpnts": 80}
5980542000000,{"sm_state": "GB_TRACK", "path_source": "GB", "mpc_mode_echo": "recover", "trail_targets_n": 0, "ot_age_ms": 51.0, "rc_age_ms": 51.0, "n_wpnts": 80}
5980572000000,{"sm_state": "GB_TRACK", "path_source": "GB", "mpc_mode_echo": "recover", "trail_targets_n": 0, "ot_age_ms": 7.0, "rc_age_ms": 7.0, "n_wpnts": 80}
5980572000000,{"sm_state": "GB_TRACK", "path_source": "GB", "mpc_mode_echo": "recover", "trail_targets_n": 0, "ot_age_ms": 7.0, "rc_age_ms": 7.0, "n_wpnts": 80}
5980589000000,{"sm_state": "GB_TRACK", "path_source": "GB", "mpc_mode_echo": "recover", "trail_targets_n": 0, "ot_age_ms": 41.0, "rc_age_ms": 41.0, "n_wpnts": 80}
5980589000000,{"sm_state": "GB_TRACK", "path_source": "GB", "mpc_mode_echo": "recover", "trail_targets_n": 0, "ot_age_ms": 41.0, "rc_age_ms": 41.0, "n_wpnts": 80}
5980606000000,{"sm_state": "GB_TRACK", "path_source": "GB", "mpc_mode_echo": "recover", "trail_targets_n": 0, "ot_age_ms": 24.0, "rc_age_ms": 24.0, "n_wpnts": 80}
5980606000000,{"sm_state": "GB_TRACK", "path_source": "GB", "mpc_mode_echo": "recover", "trail_targets_n": 0, "ot_age_ms": 24.0, "rc_age_ms": 24.0, "n_wpnts": 80}
5980623000000,{"sm_state": "GB_TRACK", "path_source": "GB", "mpc_mode_echo": "recover", "trail_targets_n": 0, "ot_age_ms": 41.0, "rc_age_ms": 41.0, "n_wpnts": 80}
5980640000000,{"sm_state": "GB_TRACK", "path_source": "GB", "mpc_mode_echo": "recover", "trail_targets_n": 0, "ot_age_ms": 58.0, "rc_age_ms": 58.0, "n_wpnts": 80}
5980640000000,{"sm_state": "GB_TRACK", "path_source": "GB", "mpc_mode_echo": "recover", "trail_targets_n": 0, "ot_age_ms": 58.0, "rc_age_ms": 58.0, "n_wpnts": 80}
5980657000000,{"sm_state": "GB_TRACK", "path_source": "GB", "mpc_mode_echo": "recover", "trail_targets_n": 0, "ot_age_ms": 41.0, "rc_age_ms": 41.0, "n_wpnts": 80}
5980674000000,{"sm_state": "GB_TRACK", "path_source": "GB", "mpc_mode_echo": "recover", "trail_targets_n": 0, "ot_age_ms": 58.0, "rc_age_ms": 58.0, "n_wpnts": 80}
5980708000000,{"sm_state": "GB_TRACK", "path_source": "GB", "mpc_mode_echo": "recover", "trail_targets_n": 0, "ot_age_ms": 41.0, "rc_age_ms": 41.0, "n_wpnts": 80}
5980708000000,{"sm_state": "GB_TRACK", "path_source": "GB", "mpc_mode_echo": "recover", "trail_targets_n": 0, "ot_age_ms": 58.0, "rc_age_ms": 58.0, "n_wpnts": 80}
5980708000000,{"sm_state": "GB_TRACK", "path_source": "GB", "mpc_mode_echo": "recover", "trail_targets_n": 0, "ot_age_ms": 58.0, "rc_age_ms": 58.0, "n_wpnts": 80}
5980742000000,{"sm_state": "GB_TRACK", "path_source": "GB", "mpc_mode_echo": "recover", "trail_targets_n": 0, "ot_age_ms": 24.0, "rc_age_ms": 24.0, "n_wpnts": 80}
5980742000000,{"sm_state": "GB_TRACK", "path_source": "GB", "mpc_mode_echo": "recover", "trail_targets_n": 0, "ot_age_ms": 24.0, "rc_age_ms": 24.0, "n_wpnts": 80}
5980742000000,{"sm_state": "GB_TRACK", "path_source": "GB", "mpc_mode_echo": "recover", "trail_targets_n": 0, "ot_age_ms": 24.0, "rc_age_ms": 24.0, "n_wpnts": 80}
5980759000000,{"sm_state": "GB_TRACK", "path_source": "GB", "mpc_mode_echo": "recover", "trail_targets_n": 0, "ot_age_ms": 41.0, "rc_age_ms": 41.0, "n_wpnts": 80}
5980776000000,{"sm_state": "GB_TRACK", "path_source": "GB", "mpc_mode_echo": "recover", "trail_targets_n": 0, "ot_age_ms": 24.0, "rc_age_ms": 24.0, "n_wpnts": 80}
5980810000000,{"sm_state": "GB_TRACK", "path_source": "GB", "mpc_mode_echo": "recover", "trail_targets_n": 0, "ot_age_ms": 41.0, "rc_age_ms": 41.0, "n_wpnts": 80}
5980810000000,{"sm_state": "GB_TRACK", "path_source": "GB", "mpc_mode_echo": "recover", "trail_targets_n": 0, "ot_age_ms": 41.0, "rc_age_ms": 41.0, "n_wpnts": 80}
5980810000000,{"sm_state": "GB_TRACK", "path_source": "GB", "mpc_mode_echo": "recover", "trail_targets_n": 0, "ot_age_ms": 24.0, "rc_age_ms": 24.0, "n_wpnts": 80}
5980827000000,{"sm_state": "GB_TRACK", "path_source": "GB", "mpc_mode_echo": "recover", "trail_targets_n": 0, "ot_age_ms": 41.0, "rc_age_ms": 41.0, "n_wpnts": 80}
5980844000000,{"sm_state": "GB_TRACK", "path_source": "GB", "mpc_mode_echo": "recover", "trail_targets_n": 0, "ot_age_ms": 24.0, "rc_age_ms": 24.0, "n_wpnts": 80}
5980861000000,{"sm_state": "GB_TRACK", "path_source": "GB", "mpc_mode_echo": "recover", "trail_targets_n": 0, "ot_age_ms": 24.0, "rc_age_ms": 24.0, "n_wpnts": 80}
5980861000000,{"sm_state": "GB_TRACK", "path_source": "GB", "mpc_mode_echo": "recover", "trail_targets_n": 0, "ot_age_ms": 41.0, "rc_age_ms": 41.0, "n_wpnts": 80}
5980895000000,{"sm_state": "GB_TRACK", "path_source": "GB", "mpc_mode_echo": "recover", "trail_targets_n": 0, "ot_age_ms": 75.0, "rc_age_ms": 75.0, "n_wpnts": 80}
5980912000000,{"sm_state": "GB_TRACK", "path_source": "GB", "mpc_mode_echo": "recover", "trail_targets_n": 0, "ot_age_ms": 92.0, "rc_age_ms": 92.0, "n_wpnts": 80}
5980912000000,{"sm_state": "GB_TRACK", "path_source": "GB", "mpc_mode_echo": "recover", "trail_targets_n": 0, "ot_age_ms": 109.0, "rc_age_ms": 109.0, "n_wpnts": 80}
5980929000000,{"sm_state": "GB_TRACK", "path_source": "GB", "mpc_mode_echo": "recover", "trail_targets_n": 0, "ot_age_ms": 109.0, "rc_age_ms": 109.0, "n_wpnts": 80}
5980946000000,{"sm_state": "GB_TRACK", "path_source": "GB", "mpc_mode_echo": "recover", "trail_targets_n": 0, "ot_age_ms": 126.0, "rc_age_ms": 126.0, "n_wpnts": 80}
5980963000000,{"sm_state": "GB_TRACK", "path_source": "GB", "mpc_mode_echo": "recover", "trail_targets_n": 0, "ot_age_ms": 24.0, "rc_age_ms": 24.0, "n_wpnts": 80}
5980980000000,{"sm_state": "GB_TRACK", "path_source": "GB", "mpc_mode_echo": "recover", "trail_targets_n": 0, "ot_age_ms": 41.0, "rc_age_ms": 41.0, "n_wpnts": 80}
5980980000000,{"sm_state": "GB_TRACK", "path_source": "GB", "mpc_mode_echo": "recover", "trail_targets_n": 0, "ot_age_ms": 41.0, "rc_age_ms": 41.0, "n_wpnts": 80}
5980997000000,{"sm_state": "GB_TRACK", "path_source": "GB", "mpc_mode_echo": "recover", "trail_targets_n": 0, "ot_age_ms": 58.0, "rc_age_ms": 58.0, "n_wpnts": 80}
5981031000000,{"sm_state": "GB_TRACK", "path_source": "GB", "mpc_mode_echo": "recover", "trail_targets_n": 0, "ot_age_ms": 24.0, "rc_age_ms": 24.0, "n_wpnts": 80}
5981048000000,{"sm_state": "GB_TRACK", "path_source": "GB", "mpc_mode_echo": "recover", "trail_targets_n": 0, "ot_age_ms": 58.0, "rc_age_ms": 58.0, "n_wpnts": 80}
5981048000000,{"sm_state": "GB_TRACK", "path_source": "GB", "mpc_mode_echo": "recover", "trail_targets_n": 0, "ot_age_ms": 58.0, "rc_age_ms": 58.0, "n_wpnts": 80}
5981048000000,{"sm_state": "GB_TRACK", "path_source": "GB", "mpc_mode_echo": "recover", "trail_targets_n": 0, "ot_age_ms": 58.0, "rc_age_ms": 58.0, "n_wpnts": 80}
5981068000000,{"sm_state": "GB_TRACK", "path_source": "GB", "mpc_mode_echo": "recover", "trail_targets_n": 0, "ot_age_ms": 27.0, "rc_age_ms": 27.0, "n_wpnts": 80}
5981068000000,{"sm_state": "GB_TRACK", "path_source": "GB", "mpc_mode_echo": "recover", "trail_targets_n": 0, "ot_age_ms": 27.0, "rc_age_ms": 27.0, "n_wpnts": 80}
5981085000000,{"sm_state": "GB_TRACK", "path_source": "GB", "mpc_mode_echo": "recover", "trail_targets_n": 0, "ot_age_ms": 44.0, "rc_age_ms": 44.0, "n_wpnts": 80}
5981119000000,{"sm_state": "GB_TRACK", "path_source": "GB", "mpc_mode_echo": "recover", "trail_targets_n": 0, "ot_age_ms": 44.0, "rc_age_ms": 44.0, "n_wpnts": 80}
5981136000000,{"sm_state": "GB_TRACK", "path_source": "GB", "mpc_mode_echo": "recover", "trail_targets_n": 0, "ot_age_ms": 24.0, "rc_age_ms": 24.0, "n_wpnts": 80}
5981136000000,{"sm_state": "GB_TRACK", "path_source": "GB", "mpc_mode_echo": "recover", "trail_targets_n": 0, "ot_age_ms": 24.0, "rc_age_ms": 24.0, "n_wpnts": 80}
5981136000000,{"sm_state": "GB_TRACK", "path_source": "GB", "mpc_mode_echo": "recover", "trail_targets_n": 0, "ot_age_ms": 24.0, "rc_age_ms": 24.0, "n_wpnts": 80}
5981153000000,{"sm_state": "GB_TRACK", "path_source": "GB", "mpc_mode_echo": "recover", "trail_targets_n": 0, "ot_age_ms": 41.0, "rc_age_ms": 41.0, "n_wpnts": 80}
5981170000000,{"sm_state": "GB_TRACK", "path_source": "GB", "mpc_mode_echo": "recover", "trail_targets_n": 0, "ot_age_ms": 58.0, "rc_age_ms": 58.0, "n_wpnts": 80}
5981170000000,{"sm_state": "GB_TRACK", "path_source": "GB", "mpc_mode_echo": "recover", "trail_targets_n": 0, "ot_age_ms": 58.0, "rc_age_ms": 58.0, "n_wpnts": 80}
5981187000000,{"sm_state": "GB_TRACK", "path_source": "GB", "mpc_mode_echo": "recover", "trail_targets_n": 0, "ot_age_ms": 41.0, "rc_age_ms": 41.0, "n_wpnts": 80}
5981221000000,{"sm_state": "GB_TRACK", "path_source": "GB", "mpc_mode_echo": "recover", "trail_targets_n": 0, "ot_age_ms": 58.0, "rc_age_ms": 58.0, "n_wpnts": 80}
5981221000000,{"sm_state": "GB_TRACK", "path_source": "GB", "mpc_mode_echo": "recover", "trail_targets_n": 0, "ot_age_ms": 58.0, "rc_age_ms": 58.0, "n_wpnts": 80}
5981238000000,{"sm_state": "GB_TRACK", "path_source": "GB", "mpc_mode_echo": "recover", "trail_targets_n": 0, "ot_age_ms": 24.0, "rc_age_ms": 24.0, "n_wpnts": 80}
5981238000000,{"sm_state": "GB_TRACK", "path_source": "GB", "mpc_mode_echo": "recover", "trail_targets_n": 0, "ot_age_ms": 24.0, "rc_age_ms": 24.0, "n_wpnts": 80}
5981272000000,{"sm_state": "GB_TRACK", "path_source": "GB", "mpc_mode_echo": "recover", "trail_targets_n": 0, "ot_age_ms": 41.0, "rc_age_ms": 41.0, "n_wpnts": 80}
5981272000000,{"sm_state": "GB_TRACK", "path_source": "GB", "mpc_mode_echo": "recover", "trail_targets_n": 0, "ot_age_ms": 41.0, "rc_age_ms": 41.0, "n_wpnts": 80}
5981289000000,{"sm_state": "GB_TRACK", "path_source": "GB", "mpc_mode_echo": "recover", "trail_targets_n": 0, "ot_age_ms": 24.0, "rc_age_ms": 24.0, "n_wpnts": 80}
5981306000000,{"sm_state": "GB_TRACK", "path_source": "GB", "mpc_mode_echo": "recover", "trail_targets_n": 0, "ot_age_ms": 41.0, "rc_age_ms": 41.0, "n_wpnts": 80}
5981306000000,{"sm_state": "GB_TRACK", "path_source": "GB", "mpc_mode_echo": "recover", "trail_targets_n": 0, "ot_age_ms": 58.0, "rc_age_ms": 58.0, "n_wpnts": 80}
5981306000000,{"sm_state": "GB_TRACK", "path_source": "GB", "mpc_mode_echo": "recover", "trail_targets_n": 0, "ot_age_ms": 58.0, "rc_age_ms": 58.0, "n_wpnts": 80}
5981323000000,{"sm_state": "GB_TRACK", "path_source": "GB", "mpc_mode_echo": "recover", "trail_targets_n": 0, "ot_age_ms": 41.0, "rc_age_ms": 41.0, "n_wpnts": 80}
5981340000000,{"sm_state": "GB_TRACK", "path_source": "GB", "mpc_mode_echo": "recover", "trail_targets_n": 0, "ot_age_ms": 24.0, "rc_age_ms": 24.0, "n_wpnts": 80}
5981357000000,{"sm_state": "GB_TRACK", "path_source": "GB", "mpc_mode_echo": "recover", "trail_targets_n": 0, "ot_age_ms": 41.0, "rc_age_ms": 41.0, "n_wpnts": 80}
5981357000000,{"sm_state": "GB_TRACK", "path_source": "GB", "mpc_mode_echo": "recover", "trail_targets_n": 0, "ot_age_ms": 41.0, "rc_age_ms": 41.0, "n_wpnts": 80}
5981374000000,{"sm_state": "GB_TRACK", "path_source": "GB", "mpc_mode_echo": "recover", "trail_targets_n": 0, "ot_age_ms": 24.0, "rc_age_ms": 24.0, "n_wpnts": 80}
5981391000000,{"sm_state": "GB_TRACK", "path_source": "GB", "mpc_mode_echo": "recover", "trail_targets_n": 0, "ot_age_ms": 41.0, "rc_age_ms": 41.0, "n_wpnts": 80}
5981425000000,{"sm_state": "GB_TRACK", "path_source": "GB", "mpc_mode_echo": "recover", "trail_targets_n": 0, "ot_age_ms": 24.0, "rc_age_ms": 24.0, "n_wpnts": 80}
5981425000000,{"sm_state": "GB_TRACK", "path_source": "GB", "mpc_mode_echo": "recover", "trail_targets_n": 0, "ot_age_ms": 24.0, "rc_age_ms": 24.0, "n_wpnts": 80}
5981425000000,{"sm_state": "GB_TRACK", "path_source": "GB", "mpc_mode_echo": "recover", "trail_targets_n": 0, "ot_age_ms": 24.0, "rc_age_ms": 24.0, "n_wpnts": 80}
5981442000000,{"sm_state": "GB_TRACK", "path_source": "GB", "mpc_mode_echo": "recover", "trail_targets_n": 0, "ot_age_ms": 24.0, "rc_age_ms": 24.0, "n_wpnts": 80}
5981442000000,{"sm_state": "GB_TRACK", "path_source": "GB", "mpc_mode_echo": "recover", "trail_targets_n": 0, "ot_age_ms": 24.0, "rc_age_ms": 24.0, "n_wpnts": 80}
5981459000000,{"sm_state": "GB_TRACK", "path_source": "GB", "mpc_mode_echo": "recover", "trail_targets_n": 0, "ot_age_ms": 41.0, "rc_age_ms": 41.0, "n_wpnts": 80}
5981476000000,{"sm_state": "GB_TRACK", "path_source": "GB", "mpc_mode_echo": "recover", "trail_targets_n": 0, "ot_age_ms": 24.0, "rc_age_ms": 24.0, "n_wpnts": 80}
5981510000000,{"sm_state": "GB_TRACK", "path_source": "GB", "mpc_mode_echo": "recover", "trail_targets_n": 0, "ot_age_ms": 24.0, "rc_age_ms": 24.0, "n_wpnts": 80}
5981510000000,{"sm_state": "GB_TRACK", "path_source": "GB", "mpc_mode_echo": "recover", "trail_targets_n": 0, "ot_age_ms": 24.0, "rc_age_ms": 24.0, "n_wpnts": 80}
5981510000000,{"sm_state": "GB_TRACK", "path_source": "GB", "mpc_mode_echo": "recover", "trail_targets_n": 0, "ot_age_ms": 24.0, "rc_age_ms": 24.0, "n_wpnts": 80}
5981527000000,{"sm_state": "GB_TRACK", "path_source": "GB", "mpc_mode_echo": "recover", "trail_targets_n": 0, "ot_age_ms": 41.0, "rc_age_ms": 41.0, "n_wpnts": 80}
5981544000000,{"sm_state": "GB_TRACK", "path_source": "GB", "mpc_mode_echo": "recover", "trail_targets_n": 0, "ot_age_ms": 7.0, "rc_age_ms": 7.0, "n_wpnts": 80}
5981561000000,{"sm_state": "GB_TRACK", "path_source": "GB", "mpc_mode_echo": "recover", "trail_targets_n": 0, "ot_age_ms": 7.0, "rc_age_ms": 7.0, "n_wpnts": 80}
5981578000000,{"sm_state": "GB_TRACK", "path_source": "GB", "mpc_mode_echo": "recover", "trail_targets_n": 0, "ot_age_ms": 24.0, "rc_age_ms": 24.0, "n_wpnts": 80}
5981578000000,{"sm_state": "GB_TRACK", "path_source": "GB", "mpc_mode_echo": "recover", "trail_targets_n": 0, "ot_age_ms": 41.0, "rc_age_ms": 41.0, "n_wpnts": 80}
5981612000000,{"sm_state": "GB_TRACK", "path_source": "GB", "mpc_mode_echo": "recover", "trail_targets_n": 0, "ot_age_ms": 45.0, "rc_age_ms": 45.0, "n_wpnts": 80}
5981629000000,{"sm_state": "GB_TRACK", "path_source": "GB", "mpc_mode_echo": "recover", "trail_targets_n": 0, "ot_age_ms": 79.0, "rc_age_ms": 79.0, "n_wpnts": 80}
5981629000000,{"sm_state": "GB_TRACK", "path_source": "GB", "mpc_mode_echo": "recover", "trail_targets_n": 0, "ot_age_ms": 79.0, "rc_age_ms": 79.0, "n_wpnts": 80}
5981629000000,{"sm_state": "GB_TRACK", "path_source": "GB", "mpc_mode_echo": "recover", "trail_targets_n": 0, "ot_age_ms": 79.0, "rc_age_ms": 79.0, "n_wpnts": 80}
5981646000000,{"sm_state": "GB_TRACK", "path_source": "GB", "mpc_mode_echo": "recover", "trail_targets_n": 0, "ot_age_ms": 96.0, "rc_age_ms": 96.0, "n_wpnts": 80}
5981646000000,{"sm_state": "GB_TRACK", "path_source": "GB", "mpc_mode_echo": "recover", "trail_targets_n": 0, "ot_age_ms": 62.0, "rc_age_ms": 62.0, "n_wpnts": 80}
5981663000000,{"sm_state": "GB_TRACK", "path_source": "GB", "mpc_mode_echo": "recover", "trail_targets_n": 0, "ot_age_ms": 11.0, "rc_age_ms": 11.0, "n_wpnts": 80}
5981680000000,{"sm_state": "GB_TRACK", "path_source": "GB", "mpc_mode_echo": "recover", "trail_targets_n": 0, "ot_age_ms": 62.0, "rc_age_ms": 62.0, "n_wpnts": 80}
5981680000000,{"sm_state": "GB_TRACK", "path_source": "GB", "mpc_mode_echo": "recover", "trail_targets_n": 0, "ot_age_ms": 62.0, "rc_age_ms": 62.0, "n_wpnts": 80}
5981731000000,{"sm_state": "GB_TRACK", "path_source": "GB", "mpc_mode_echo": "recover", "trail_targets_n": 0, "ot_age_ms": 79.0, "rc_age_ms": 79.0, "n_wpnts": 80}
5981748000000,{"sm_state": "GB_TRACK", "path_source": "GB", "mpc_mode_echo": "recover", "trail_targets_n": 0, "ot_age_ms": 45.0, "rc_age_ms": 45.0, "n_wpnts": 80}
5981782000000,{"sm_state": "GB_TRACK", "path_source": "GB", "mpc_mode_echo": "recover", "trail_targets_n": 0, "ot_age_ms": 11.0, "rc_age_ms": 11.0, "n_wpnts": 80}
5981782000000,{"sm_state": "GB_TRACK", "path_source": "GB", "mpc_mode_echo": "recover", "trail_targets_n": 0, "ot_age_ms": 28.0, "rc_age_ms": 28.0, "n_wpnts": 80}
5981782000000,{"sm_state": "GB_TRACK", "path_source": "GB", "mpc_mode_echo": "recover", "trail_targets_n": 0, "ot_age_ms": 28.0, "rc_age_ms": 28.0, "n_wpnts": 80}
5981799000000,{"sm_state": "GB_TRACK", "path_source": "GB", "mpc_mode_echo": "recover", "trail_targets_n": 0, "ot_age_ms": 45.0, "rc_age_ms": 45.0, "n_wpnts": 80}
5981816000000,{"sm_state": "GB_TRACK", "path_source": "GB", "mpc_mode_echo": "recover", "trail_targets_n": 0, "ot_age_ms": 62.0, "rc_age_ms": 62.0, "n_wpnts": 80}
5981816000000,{"sm_state": "GB_TRACK", "path_source": "GB", "mpc_mode_echo": "recover", "trail_targets_n": 0, "ot_age_ms": 62.0, "rc_age_ms": 62.0, "n_wpnts": 80}
5981850000000,{"sm_state": "GB_TRACK", "path_source": "GB", "mpc_mode_echo": "recover", "trail_targets_n": 0, "ot_age_ms": 28.0, "rc_age_ms": 28.0, "n_wpnts": 80}
5981850000000,{"sm_state": "GB_TRACK", "path_source": "GB", "mpc_mode_echo": "recover", "trail_targets_n": 0, "ot_age_ms": 28.0, "rc_age_ms": 28.0, "n_wpnts": 80}
5981867000000,{"sm_state": "GB_TRACK", "path_source": "GB", "mpc_mode_echo": "recover", "trail_targets_n": 0, "ot_age_ms": 45.0, "rc_age_ms": 45.0, "n_wpnts": 80}
5981867000000,{"sm_state": "GB_TRACK", "path_source": "GB", "mpc_mode_echo": "recover", "trail_targets_n": 0, "ot_age_ms": 45.0, "rc_age_ms": 45.0, "n_wpnts": 80}
5981901000000,{"sm_state": "GB_TRACK", "path_source": "GB", "mpc_mode_echo": "recover", "trail_targets_n": 0, "ot_age_ms": 28.0, "rc_age_ms": 28.0, "n_wpnts": 80}
5981901000000,{"sm_state": "GB_TRACK", "path_source": "GB", "mpc_mode_echo": "recover", "trail_targets_n": 0, "ot_age_ms": 45.0, "rc_age_ms": 45.0, "n_wpnts": 80}
5981918000000,{"sm_state": "GB_TRACK", "path_source": "GB", "mpc_mode_echo": "recover", "trail_targets_n": 0, "ot_age_ms": 62.0, "rc_age_ms": 62.0, "n_wpnts": 80}
5981952000000,{"sm_state": "GB_TRACK", "path_source": "GB", "mpc_mode_echo": "recover", "trail_targets_n": 0, "ot_age_ms": 62.0, "rc_age_ms": 62.0, "n_wpnts": 80}
5981952000000,{"sm_state": "GB_TRACK", "path_source": "GB", "mpc_mode_echo": "recover", "trail_targets_n": 0, "ot_age_ms": 79.0, "rc_age_ms": 79.0, "n_wpnts": 80}
5981952000000,{"sm_state": "GB_TRACK", "path_source": "GB", "mpc_mode_echo": "recover", "trail_targets_n": 0, "ot_age_ms": 11.0, "rc_age_ms": 11.0, "n_wpnts": 80}
5981952000000,{"sm_state": "GB_TRACK", "path_source": "GB", "mpc_mode_echo": "recover", "trail_targets_n": 0, "ot_age_ms": 11.0, "rc_age_ms": 11.0, "n_wpnts": 80}
5981969000000,{"sm_state": "GB_TRACK", "path_source": "GB", "mpc_mode_echo": "recover", "trail_targets_n": 0, "ot_age_ms": 28.0, "rc_age_ms": 28.0, "n_wpnts": 80}
5981986000000,{"sm_state": "GB_TRACK", "path_source": "GB", "mpc_mode_echo": "recover", "trail_targets_n": 0, "ot_age_ms": 45.0, "rc_age_ms": 45.0, "n_wpnts": 80}
5981986000000,{"sm_state": "GB_TRACK", "path_source": "GB", "mpc_mode_echo": "recover", "trail_targets_n": 0, "ot_age_ms": 45.0, "rc_age_ms": 45.0, "n_wpnts": 80}
5981986000000,{"sm_state": "GB_TRACK", "path_source": "GB", "mpc_mode_echo": "recover", "trail_targets_n": 0, "ot_age_ms": 45.0, "rc_age_ms": 45.0, "n_wpnts": 80}
5982020000000,{"sm_state": "GB_TRACK", "path_source": "GB", "mpc_mode_echo": "recover", "trail_targets_n": 0, "ot_age_ms": 28.0, "rc_age_ms": 28.0, "n_wpnts": 80}
5982037000000,{"sm_state": "GB_TRACK", "path_source": "GB", "mpc_mode_echo": "recover", "trail_targets_n": 0, "ot_age_ms": 45.0, "rc_age_ms": 45.0, "n_wpnts": 80}
5982054000000,{"sm_state": "GB_TRACK", "path_source": "GB", "mpc_mode_echo": "recover", "trail_targets_n": 0, "ot_age_ms": 11.0, "rc_age_ms": 11.0, "n_wpnts": 80}
5982054000000,{"sm_state": "GB_TRACK", "path_source": "GB", "mpc_mode_echo": "recover", "trail_targets_n": 0, "ot_age_ms": 11.0, "rc_age_ms": 11.0, "n_wpnts": 80}
5982071000000,{"sm_state": "GB_TRACK", "path_source": "GB", "mpc_mode_echo": "recover", "trail_targets_n": 0, "ot_age_ms": 28.0, "rc_age_ms": 28.0, "n_wpnts": 80}
5982105000000,{"sm_state": "GB_TRACK", "path_source": "GB", "mpc_mode_echo": "recover", "trail_targets_n": 0, "ot_age_ms": 45.0, "rc_age_ms": 45.0, "n_wpnts": 80}
5982105000000,{"sm_state": "GB_TRACK", "path_source": "GB", "mpc_mode_echo": "recover", "trail_targets_n": 0, "ot_age_ms": 45.0, "rc_age_ms": 45.0, "n_wpnts": 80}
5982105000000,{"sm_state": "GB_TRACK", "path_source": "GB", "mpc_mode_echo": "recover", "trail_targets_n": 0, "ot_age_ms": 45.0, "rc_age_ms": 45.0, "n_wpnts": 80}
5982122000000,{"sm_state": "GB_TRACK", "path_source": "GB", "mpc_mode_echo": "recover", "trail_targets_n": 0, "ot_age_ms": 62.0, "rc_age_ms": 62.0, "n_wpnts": 80}
5982139000000,{"sm_state": "GB_TRACK", "path_source": "GB", "mpc_mode_echo": "recover", "trail_targets_n": 0, "ot_age_ms": 45.0, "rc_age_ms": 45.0, "n_wpnts": 80}
5982139000000,{"sm_state": "GB_TRACK", "path_source": "GB", "mpc_mode_echo": "recover", "trail_targets_n": 0, "ot_age_ms": 45.0, "rc_age_ms": 45.0, "n_wpnts": 80}
5982156000000,{"sm_state": "GB_TRACK", "path_source": "GB", "mpc_mode_echo": "recover", "trail_targets_n": 0, "ot_age_ms": 62.0, "rc_age_ms": 62.0, "n_wpnts": 80}
5982173000000,{"sm_state": "GB_TRACK", "path_source": "GB", "mpc_mode_echo": "recover", "trail_targets_n": 0, "ot_age_ms": 12.0, "rc_age_ms": 12.0, "n_wpnts": 80}
5982224000000,{"sm_state": "GB_TRACK", "path_source": "GB", "mpc_mode_echo": "recover", "trail_targets_n": 0, "ot_age_ms": 46.0, "rc_age_ms": 46.0, "n_wpnts": 80}
5982224000000,{"sm_state": "GB_TRACK", "path_source": "GB", "mpc_mode_echo": "recover", "trail_targets_n": 0, "ot_age_ms": 46.0, "rc_age_ms": 46.0, "n_wpnts": 80}
5982224000000,{"sm_state": "GB_TRACK", "path_source": "GB", "mpc_mode_echo": "recover", "trail_targets_n": 0, "ot_age_ms": 46.0, "rc_age_ms": 46.0, "n_wpnts": 80}
5982241000000,{"sm_state": "GB_TRACK", "path_source": "GB", "mpc_mode_echo": "recover", "trail_targets_n": 0, "ot_age_ms": 80.0, "rc_age_ms": 80.0, "n_wpnts": 80}
5982241000000,{"sm_state": "GB_TRACK", "path_source": "GB", "mpc_mode_echo": "recover", "trail_targets_n": 0, "ot_age_ms": 29.0, "rc_age_ms": 29.0, "n_wpnts": 80}
5982241000000,{"sm_state": "GB_TRACK", "path_source": "GB", "mpc_mode_echo": "recover", "trail_targets_n": 0, "ot_age_ms": 29.0, "rc_age_ms": 29.0, "n_wpnts": 80}
5982258000000,{"sm_state": "GB_TRACK", "path_source": "GB", "mpc_mode_echo": "recover", "trail_targets_n": 0, "ot_age_ms": 49.0, "rc_age_ms": 49.0, "n_wpnts": 80}
5982295000000,{"sm_state": "GB_TRACK", "path_source": "GB", "mpc_mode_echo": "recover", "trail_targets_n": 0, "ot_age_ms": 49.0, "rc_age_ms": 49.0, "n_wpnts": 80}
5982295000000,{"sm_state": "GB_TRACK", "path_source": "GB", "mpc_mode_echo": "recover", "trail_targets_n": 0, "ot_age_ms": 49.0, "rc_age_ms": 49.0, "n_wpnts": 80}
5982295000000,{"sm_state": "GB_TRACK", "path_source": "GB", "mpc_mode_echo": "recover", "trail_targets_n": 0, "ot_age_ms": 49.0, "rc_age_ms": 49.0, "n_wpnts": 80}
5982329000000,{"sm_state": "GB_TRACK", "path_source": "GB", "mpc_mode_echo": "recover", "trail_targets_n": 0, "ot_age_ms": 29.0, "rc_age_ms": 29.0, "n_wpnts": 80}
5982346000000,{"sm_state": "GB_TRACK", "path_source": "GB", "mpc_mode_echo": "recover", "trail_targets_n": 0, "ot_age_ms": 29.0, "rc_age_ms": 29.0, "n_wpnts": 80}
5982346000000,{"sm_state": "GB_TRACK", "path_source": "GB", "mpc_mode_echo": "recover", "trail_targets_n": 0, "ot_age_ms": 46.0, "rc_age_ms": 46.0, "n_wpnts": 80}
5982363000000,{"sm_state": "GB_TRACK", "path_source": "GB", "mpc_mode_echo": "recover", "trail_targets_n": 0, "ot_age_ms": 46.0, "rc_age_ms": 46.0, "n_wpnts": 80}
5982363000000,{"sm_state": "GB_TRACK", "path_source": "GB", "mpc_mode_echo": "recover", "trail_targets_n": 0, "ot_age_ms": 29.0, "rc_age_ms": 29.0, "n_wpnts": 80}
5982397000000,{"sm_state": "GB_TRACK", "path_source": "GB", "mpc_mode_echo": "recover", "trail_targets_n": 0, "ot_age_ms": 29.0, "rc_age_ms": 29.0, "n_wpnts": 80}
5982397000000,{"sm_state": "GB_TRACK", "path_source": "GB", "mpc_mode_echo": "recover", "trail_targets_n": 0, "ot_age_ms": 29.0, "rc_age_ms": 29.0, "n_wpnts": 80}
5982414000000,{"sm_state": "GB_TRACK", "path_source": "GB", "mpc_mode_echo": "recover", "trail_targets_n": 0, "ot_age_ms": 29.0, "rc_age_ms": 29.0, "n_wpnts": 80}
5982414000000,{"sm_state": "GB_TRACK", "path_source": "GB", "mpc_mode_echo": "recover", "trail_targets_n": 0, "ot_age_ms": 29.0, "rc_age_ms": 29.0, "n_wpnts": 80}
5982414000000,{"sm_state": "GB_TRACK", "path_source": "GB", "mpc_mode_echo": "recover", "trail_targets_n": 0, "ot_age_ms": 29.0, "rc_age_ms": 29.0, "n_wpnts": 80}
5982431000000,{"sm_state": "GB_TRACK", "path_source": "GB", "mpc_mode_echo": "recover", "trail_targets_n": 0, "ot_age_ms": 46.0, "rc_age_ms": 46.0, "n_wpnts": 80}
5982448000000,{"sm_state": "GB_TRACK", "path_source": "GB", "mpc_mode_echo": "recover", "trail_targets_n": 0, "ot_age_ms": 29.0, "rc_age_ms": 29.0, "n_wpnts": 80}
5982482000000,{"sm_state": "TRAILING", "path_source": "GB", "mpc_mode_echo": "recover", "trail_targets_n": 1, "ot_age_ms": 46.0, "rc_age_ms": 46.0, "n_wpnts": 80}
5982499000000,{"sm_state": "TRAILING", "path_source": "GB", "mpc_mode_echo": "recover", "trail_targets_n": 1, "ot_age_ms": 46.0, "rc_age_ms": 46.0, "n_wpnts": 80}
5982533000000,{"sm_state": "TRAILING", "path_source": "GB", "mpc_mode_echo": "recover", "trail_targets_n": 1, "ot_age_ms": 80.0, "rc_age_ms": 80.0, "n_wpnts": 80}
5982533000000,{"sm_state": "TRAILING", "path_source": "GB", "mpc_mode_echo": "recover", "trail_targets_n": 1, "ot_age_ms": 80.0, "rc_age_ms": 80.0, "n_wpnts": 80}
5982550000000,{"sm_state": "TRAILING", "path_source": "GB", "mpc_mode_echo": "avoid", "trail_targets_n": 1, "ot_age_ms": 29.0, "rc_age_ms": 29.0, "n_wpnts": 80}
5982550000000,{"sm_state": "TRAILING", "path_source": "GB", "mpc_mode_echo": "avoid", "trail_targets_n": 1, "ot_age_ms": 29.0, "rc_age_ms": 29.0, "n_wpnts": 80}
5982567000000,{"sm_state": "TRAILING", "path_source": "GB", "mpc_mode_echo": "avoid", "trail_targets_n": 1, "ot_age_ms": 46.0, "rc_age_ms": 46.0, "n_wpnts": 80}
5982601000000,{"sm_state": "TRAILING", "path_source": "GB", "mpc_mode_echo": "avoid", "trail_targets_n": 1, "ot_age_ms": 46.0, "rc_age_ms": 46.0, "n_wpnts": 80}
5982601000000,{"sm_state": "TRAILING", "path_source": "GB", "mpc_mode_echo": "avoid", "trail_targets_n": 1, "ot_age_ms": 46.0, "rc_age_ms": 46.0, "n_wpnts": 80}
5982601000000,{"sm_state": "TRAILING", "path_source": "GB", "mpc_mode_echo": "avoid", "trail_targets_n": 1, "ot_age_ms": 46.0, "rc_age_ms": 46.0, "n_wpnts": 80}
5982635000000,{"sm_state": "TRAILING", "path_source": "GB", "mpc_mode_echo": "avoid", "trail_targets_n": 1, "ot_age_ms": 29.0, "rc_age_ms": 29.0, "n_wpnts": 80}
5982652000000,{"sm_state": "TRAILING", "path_source": "GB", "mpc_mode_echo": "avoid", "trail_targets_n": 1, "ot_age_ms": 12.0, "rc_age_ms": 12.0, "n_wpnts": 80}
5982652000000,{"sm_state": "TRAILING", "path_source": "GB", "mpc_mode_echo": "avoid", "trail_targets_n": 1, "ot_age_ms": 29.0, "rc_age_ms": 29.0, "n_wpnts": 80}
5982687000000,{"sm_state": "TRAILING", "path_source": "GB", "mpc_mode_echo": "avoid", "trail_targets_n": 1, "ot_age_ms": 64.0, "rc_age_ms": 64.0, "n_wpnts": 80}
5982687000000,{"sm_state": "TRAILING", "path_source": "GB", "mpc_mode_echo": "avoid", "trail_targets_n": 1, "ot_age_ms": 64.0, "rc_age_ms": 64.0, "n_wpnts": 80}
5982721000000,{"sm_state": "TRAILING", "path_source": "GB", "mpc_mode_echo": "avoid", "trail_targets_n": 1, "ot_age_ms": 47.0, "rc_age_ms": 47.0, "n_wpnts": 80}
5982721000000,{"sm_state": "TRAILING", "path_source": "GB", "mpc_mode_echo": "avoid", "trail_targets_n": 1, "ot_age_ms": 29.0, "rc_age_ms": 29.0, "n_wpnts": 80}
5982755000000,{"sm_state": "TRAILING", "path_source": "GB", "mpc_mode_echo": "avoid", "trail_targets_n": 1, "ot_age_ms": 46.0, "rc_age_ms": 46.0, "n_wpnts": 80}
5982755000000,{"sm_state": "TRAILING", "path_source": "GB", "mpc_mode_echo": "avoid", "trail_targets_n": 1, "ot_age_ms": 46.0, "rc_age_ms": 46.0, "n_wpnts": 80}
5982755000000,{"sm_state": "TRAILING", "path_source": "GB", "mpc_mode_echo": "avoid", "trail_targets_n": 1, "ot_age_ms": 12.0, "rc_age_ms": 12.0, "n_wpnts": 80}
5982772000000,{"sm_state": "TRAILING", "path_source": "MPC_OT", "mpc_mode_echo": "avoid", "trail_targets_n": 0, "ot_age_ms": 29.0, "rc_age_ms": 29.0, "n_wpnts": 40}
5982772000000,{"sm_state": "TRAILING", "path_source": "MPC_OT", "mpc_mode_echo": "avoid", "trail_targets_n": 0, "ot_age_ms": 29.0, "rc_age_ms": 29.0, "n_wpnts": 40}
5982772000000,{"sm_state": "TRAILING", "path_source": "MPC_OT", "mpc_mode_echo": "avoid", "trail_targets_n": 0, "ot_age_ms": 29.0, "rc_age_ms": 29.0, "n_wpnts": 40}
5982806000000,{"sm_state": "TRAILING", "path_source": "MPC_OT", "mpc_mode_echo": "avoid", "trail_targets_n": 0, "ot_age_ms": 29.0, "rc_age_ms": 29.0, "n_wpnts": 41}
5982806000000,{"sm_state": "TRAILING", "path_source": "MPC_OT", "mpc_mode_echo": "avoid", "trail_targets_n": 0, "ot_age_ms": 29.0, "rc_age_ms": 29.0, "n_wpnts": 41}
5982840000000,{"sm_state": "TRAILING", "path_source": "MPC_OT", "mpc_mode_echo": "avoid", "trail_targets_n": 0, "ot_age_ms": 46.0, "rc_age_ms": 46.0, "n_wpnts": 41}
5982840000000,{"sm_state": "TRAILING", "path_source": "MPC_OT", "mpc_mode_echo": "avoid", "trail_targets_n": 0, "ot_age_ms": 46.0, "rc_age_ms": 46.0, "n_wpnts": 41}
5982875000000,{"sm_state": "TRAILING", "path_source": "MPC_OT", "mpc_mode_echo": "avoid", "trail_targets_n": 0, "ot_age_ms": 13.0, "rc_age_ms": 13.0, "n_wpnts": 40}
5982892000000,{"sm_state": "TRAILING", "path_source": "MPC_OT", "mpc_mode_echo": "avoid", "trail_targets_n": 0, "ot_age_ms": 30.0, "rc_age_ms": 30.0, "n_wpnts": 40}
5982892000000,{"sm_state": "TRAILING", "path_source": "MPC_OT", "mpc_mode_echo": "avoid", "trail_targets_n": 0, "ot_age_ms": 30.0, "rc_age_ms": 30.0, "n_wpnts": 40}
5982892000000,{"sm_state": "TRAILING", "path_source": "MPC_OT", "mpc_mode_echo": "avoid", "trail_targets_n": 0, "ot_age_ms": 64.0, "rc_age_ms": 64.0, "n_wpnts": 40}
5982926000000,{"sm_state": "TRAILING", "path_source": "MPC_OT", "mpc_mode_echo": "avoid", "trail_targets_n": 0, "ot_age_ms": 64.0, "rc_age_ms": 64.0, "n_wpnts": 40}
5982926000000,{"sm_state": "TRAILING", "path_source": "MPC_OT", "mpc_mode_echo": "avoid", "trail_targets_n": 0, "ot_age_ms": 29.0, "rc_age_ms": 29.0, "n_wpnts": 43}
5982926000000,{"sm_state": "TRAILING", "path_source": "MPC_OT", "mpc_mode_echo": "avoid", "trail_targets_n": 0, "ot_age_ms": 12.0, "rc_age_ms": 12.0, "n_wpnts": 44}
5982943000000,{"sm_state": "TRAILING", "path_source": "MPC_OT", "mpc_mode_echo": "avoid", "trail_targets_n": 0, "ot_age_ms": 29.0, "rc_age_ms": 29.0, "n_wpnts": 44}
5982960000000,{"sm_state": "TRAILING", "path_source": "MPC_OT", "mpc_mode_echo": "avoid", "trail_targets_n": 0, "ot_age_ms": 12.0, "rc_age_ms": 12.0, "n_wpnts": 45}
5982994000000,{"sm_state": "TRAILING", "path_source": "MPC_OT", "mpc_mode_echo": "avoid", "trail_targets_n": 0, "ot_age_ms": 46.0, "rc_age_ms": 46.0, "n_wpnts": 45}
5982994000000,{"sm_state": "TRAILING", "path_source": "MPC_OT", "mpc_mode_echo": "avoid", "trail_targets_n": 0, "ot_age_ms": 46.0, "rc_age_ms": 46.0, "n_wpnts": 45}
5983011000000,{"sm_state": "TRAILING", "path_source": "MPC_OT", "mpc_mode_echo": "avoid", "trail_targets_n": 0, "ot_age_ms": 46.0, "rc_age_ms": 46.0, "n_wpnts": 45}
5983028000000,{"sm_state": "TRAILING", "path_source": "MPC_OT", "mpc_mode_echo": "avoid", "trail_targets_n": 0, "ot_age_ms": 12.0, "rc_age_ms": 12.0, "n_wpnts": 45}
5983045000000,{"sm_state": "TRAILING", "path_source": "MPC_OT", "mpc_mode_echo": "avoid", "trail_targets_n": 0, "ot_age_ms": 29.0, "rc_age_ms": 29.0, "n_wpnts": 45}
5983045000000,{"sm_state": "TRAILING", "path_source": "MPC_OT", "mpc_mode_echo": "avoid", "trail_targets_n": 0, "ot_age_ms": 29.0, "rc_age_ms": 29.0, "n_wpnts": 45}
5983045000000,{"sm_state": "TRAILING", "path_source": "MPC_OT", "mpc_mode_echo": "avoid", "trail_targets_n": 0, "ot_age_ms": 29.0, "rc_age_ms": 29.0, "n_wpnts": 45}
5983062000000,{"sm_state": "TRAILING", "path_source": "MPC_OT", "mpc_mode_echo": "avoid", "trail_targets_n": 0, "ot_age_ms": 46.0, "rc_age_ms": 46.0, "n_wpnts": 45}
5983062000000,{"sm_state": "TRAILING", "path_source": "MPC_OT", "mpc_mode_echo": "avoid", "trail_targets_n": 0, "ot_age_ms": 46.0, "rc_age_ms": 46.0, "n_wpnts": 45}
5983096000000,{"sm_state": "TRAILING", "path_source": "MPC_OT", "mpc_mode_echo": "avoid", "trail_targets_n": 0, "ot_age_ms": 29.0, "rc_age_ms": 29.0, "n_wpnts": 45}
5983130000000,{"sm_state": "TRAILING", "path_source": "MPC_OT", "mpc_mode_echo": "avoid", "trail_targets_n": 0, "ot_age_ms": 12.0, "rc_age_ms": 12.0, "n_wpnts": 45}
5983130000000,{"sm_state": "TRAILING", "path_source": "MPC_OT", "mpc_mode_echo": "avoid", "trail_targets_n": 0, "ot_age_ms": 12.0, "rc_age_ms": 12.0, "n_wpnts": 45}
5983130000000,{"sm_state": "TRAILING", "path_source": "MPC_OT", "mpc_mode_echo": "avoid", "trail_targets_n": 0, "ot_age_ms": 12.0, "rc_age_ms": 12.0, "n_wpnts": 45}
5983147000000,{"sm_state": "TRAILING", "path_source": "MPC_OT", "mpc_mode_echo": "avoid", "trail_targets_n": 0, "ot_age_ms": 46.0, "rc_age_ms": 46.0, "n_wpnts": 45}
5983147000000,{"sm_state": "TRAILING", "path_source": "MPC_OT", "mpc_mode_echo": "avoid", "trail_targets_n": 0, "ot_age_ms": 46.0, "rc_age_ms": 46.0, "n_wpnts": 45}
5983164000000,{"sm_state": "TRAILING", "path_source": "MPC_OT", "mpc_mode_echo": "avoid", "trail_targets_n": 0, "ot_age_ms": 12.0, "rc_age_ms": 12.0, "n_wpnts": 45}
5983164000000,{"sm_state": "TRAILING", "path_source": "MPC_OT", "mpc_mode_echo": "avoid", "trail_targets_n": 0, "ot_age_ms": 12.0, "rc_age_ms": 12.0, "n_wpnts": 45}
5983198000000,{"sm_state": "TRAILING", "path_source": "MPC_OT", "mpc_mode_echo": "avoid", "trail_targets_n": 0, "ot_age_ms": 46.0, "rc_age_ms": 46.0, "n_wpnts": 45}
5983198000000,{"sm_state": "TRAILING", "path_source": "MPC_OT", "mpc_mode_echo": "avoid", "trail_targets_n": 0, "ot_age_ms": 46.0, "rc_age_ms": 46.0, "n_wpnts": 45}
5983215000000,{"sm_state": "TRAILING", "path_source": "MPC_OT", "mpc_mode_echo": "avoid", "trail_targets_n": 0, "ot_age_ms": 29.0, "rc_age_ms": 29.0, "n_wpnts": 45}
5983215000000,{"sm_state": "TRAILING", "path_source": "MPC_OT", "mpc_mode_echo": "avoid", "trail_targets_n": 0, "ot_age_ms": 29.0, "rc_age_ms": 29.0, "n_wpnts": 45}
5983232000000,{"sm_state": "TRAILING", "path_source": "MPC_OT", "mpc_mode_echo": "avoid", "trail_targets_n": 0, "ot_age_ms": 12.0, "rc_age_ms": 12.0, "n_wpnts": 44}
5983249000000,{"sm_state": "TRAILING", "path_source": "MPC_OT", "mpc_mode_echo": "avoid", "trail_targets_n": 0, "ot_age_ms": 29.0, "rc_age_ms": 29.0, "n_wpnts": 44}
5983266000000,{"sm_state": "TRAILING", "path_source": "MPC_OT", "mpc_mode_echo": "avoid", "trail_targets_n": 0, "ot_age_ms": 29.0, "rc_age_ms": 29.0, "n_wpnts": 44}
5983266000000,{"sm_state": "TRAILING", "path_source": "MPC_OT", "mpc_mode_echo": "avoid", "trail_targets_n": 0, "ot_age_ms": 29.0, "rc_age_ms": 29.0, "n_wpnts": 44}
5983266000000,{"sm_state": "TRAILING", "path_source": "MPC_OT", "mpc_mode_echo": "avoid", "trail_targets_n": 0, "ot_age_ms": 29.0, "rc_age_ms": 29.0, "n_wpnts": 44}
5983300000000,{"sm_state": "TRAILING", "path_source": "MPC_OT", "mpc_mode_echo": "avoid", "trail_targets_n": 0, "ot_age_ms": 46.0, "rc_age_ms": 46.0, "n_wpnts": 44}
5983300000000,{"sm_state": "TRAILING", "path_source": "MPC_OT", "mpc_mode_echo": "avoid", "trail_targets_n": 0, "ot_age_ms": 12.0, "rc_age_ms": 12.0, "n_wpnts": 44}
5983334000000,{"sm_state": "TRAILING", "path_source": "MPC_OT", "mpc_mode_echo": "avoid", "trail_targets_n": 0, "ot_age_ms": 12.0, "rc_age_ms": 12.0, "n_wpnts": 43}
5983334000000,{"sm_state": "TRAILING", "path_source": "MPC_OT", "mpc_mode_echo": "avoid", "trail_targets_n": 0, "ot_age_ms": 12.0, "rc_age_ms": 12.0, "n_wpnts": 43}
5983368000000,{"sm_state": "TRAILING", "path_source": "MPC_OT", "mpc_mode_echo": "avoid", "trail_targets_n": 0, "ot_age_ms": 29.0, "rc_age_ms": 29.0, "n_wpnts": 43}
5983368000000,{"sm_state": "TRAILING", "path_source": "MPC_OT", "mpc_mode_echo": "avoid", "trail_targets_n": 0, "ot_age_ms": 29.0, "rc_age_ms": 29.0, "n_wpnts": 43}
5983368000000,{"sm_state": "TRAILING", "path_source": "MPC_OT", "mpc_mode_echo": "avoid", "trail_targets_n": 0, "ot_age_ms": 46.0, "rc_age_ms": 46.0, "n_wpnts": 43}
5983385000000,{"sm_state": "TRAILING", "path_source": "MPC_OT", "mpc_mode_echo": "avoid", "trail_targets_n": 0, "ot_age_ms": 63.0, "rc_age_ms": 63.0, "n_wpnts": 43}
5983419000000,{"sm_state": "TRAILING", "path_source": "MPC_OT", "mpc_mode_echo": "avoid", "trail_targets_n": 0, "ot_age_ms": 97.0, "rc_age_ms": 97.0, "n_wpnts": 43}
5983436000000,{"sm_state": "TRAILING", "path_source": "MPC_OT", "mpc_mode_echo": "avoid", "trail_targets_n": 0, "ot_age_ms": 97.0, "rc_age_ms": 97.0, "n_wpnts": 43}
5983436000000,{"sm_state": "TRAILING", "path_source": "MPC_OT", "mpc_mode_echo": "avoid", "trail_targets_n": 0, "ot_age_ms": 97.0, "rc_age_ms": 97.0, "n_wpnts": 43}
5983436000000,{"sm_state": "TRAILING", "path_source": "MPC_OT", "mpc_mode_echo": "avoid", "trail_targets_n": 0, "ot_age_ms": 63.0, "rc_age_ms": 63.0, "n_wpnts": 43}
5983453000000,{"sm_state": "TRAILING", "path_source": "MPC_OT", "mpc_mode_echo": "avoid", "trail_targets_n": 0, "ot_age_ms": 29.0, "rc_age_ms": 29.0, "n_wpnts": 43}
5983453000000,{"sm_state": "TRAILING", "path_source": "MPC_OT", "mpc_mode_echo": "avoid", "trail_targets_n": 0, "ot_age_ms": 29.0, "rc_age_ms": 29.0, "n_wpnts": 43}
5983470000000,{"sm_state": "TRAILING", "path_source": "MPC_OT", "mpc_mode_echo": "avoid", "trail_targets_n": 0, "ot_age_ms": 46.0, "rc_age_ms": 46.0, "n_wpnts": 43}
5983487000000,{"sm_state": "TRAILING", "path_source": "MPC_OT", "mpc_mode_echo": "avoid", "trail_targets_n": 0, "ot_age_ms": 29.0, "rc_age_ms": 29.0, "n_wpnts": 44}
5983521000000,{"sm_state": "TRAILING", "path_source": "MPC_OT", "mpc_mode_echo": "avoid", "trail_targets_n": 0, "ot_age_ms": 29.0, "rc_age_ms": 29.0, "n_wpnts": 44}
5983521000000,{"sm_state": "TRAILING", "path_source": "MPC_OT", "mpc_mode_echo": "avoid", "trail_targets_n": 0, "ot_age_ms": 46.0, "rc_age_ms": 46.0, "n_wpnts": 44}
5983538000000,{"sm_state": "TRAILING", "path_source": "MPC_OT", "mpc_mode_echo": "avoid", "trail_targets_n": 0, "ot_age_ms": 80.0, "rc_age_ms": 80.0, "n_wpnts": 44}
5983538000000,{"sm_state": "TRAILING", "path_source": "MPC_OT", "mpc_mode_echo": "avoid", "trail_targets_n": 0, "ot_age_ms": 80.0, "rc_age_ms": 80.0, "n_wpnts": 43}
5983538000000,{"sm_state": "TRAILING", "path_source": "MPC_OT", "mpc_mode_echo": "avoid", "trail_targets_n": 0, "ot_age_ms": 80.0, "rc_age_ms": 80.0, "n_wpnts": 43}
5983569000000,{"sm_state": "TRAILING", "path_source": "MPC_OT", "mpc_mode_echo": "avoid", "trail_targets_n": 0, "ot_age_ms": 39.0, "rc_age_ms": 39.0, "n_wpnts": 42}
5983569000000,{"sm_state": "TRAILING", "path_source": "MPC_OT", "mpc_mode_echo": "avoid", "trail_targets_n": 0, "ot_age_ms": 39.0, "rc_age_ms": 39.0, "n_wpnts": 42}
5983586000000,{"sm_state": "TRAILING", "path_source": "MPC_OT", "mpc_mode_echo": "avoid", "trail_targets_n": 0, "ot_age_ms": 56.0, "rc_age_ms": 56.0, "n_wpnts": 42}
5983603000000,{"sm_state": "TRAILING", "path_source": "MPC_OT", "mpc_mode_echo": "avoid", "trail_targets_n": 0, "ot_age_ms": 39.0, "rc_age_ms": 39.0, "n_wpnts": 42}
5983620000000,{"sm_state": "TRAILING", "path_source": "MPC_OT", "mpc_mode_echo": "avoid", "trail_targets_n": 0, "ot_age_ms": 56.0, "rc_age_ms": 56.0, "n_wpnts": 42}
5983620000000,{"sm_state": "TRAILING", "path_source": "MPC_OT", "mpc_mode_echo": "avoid", "trail_targets_n": 0, "ot_age_ms": 56.0, "rc_age_ms": 56.0, "n_wpnts": 41}
5983637000000,{"sm_state": "OVERTAKE", "path_source": "MPC_OT", "mpc_mode_echo": "avoid", "trail_targets_n": 0, "ot_age_ms": 73.0, "rc_age_ms": 73.0, "n_wpnts": 41}
5983656000000,{"sm_state": "TRAILING", "path_source": "MPC_OT", "mpc_mode_echo": "avoid", "trail_targets_n": 0, "ot_age_ms": 7.0, "rc_age_ms": 7.0, "n_wpnts": 41}
5983656000000,{"sm_state": "TRAILING", "path_source": "MPC_OT", "mpc_mode_echo": "avoid", "trail_targets_n": 0, "ot_age_ms": 7.0, "rc_age_ms": 7.0, "n_wpnts": 41}
5983673000000,{"sm_state": "TRAILING", "path_source": "MPC_OT", "mpc_mode_echo": "avoid", "trail_targets_n": 0, "ot_age_ms": 24.0, "rc_age_ms": 24.0, "n_wpnts": 41}
5983690000000,{"sm_state": "TRAILING", "path_source": "MPC_OT", "mpc_mode_echo": "avoid", "trail_targets_n": 0, "ot_age_ms": 41.0, "rc_age_ms": 41.0, "n_wpnts": 40}
5983724000000,{"sm_state": "TRAILING", "path_source": "MPC_OT", "mpc_mode_echo": "avoid", "trail_targets_n": 0, "ot_age_ms": 22.0, "rc_age_ms": 22.0, "n_wpnts": 41}
5983724000000,{"sm_state": "TRAILING", "path_source": "MPC_OT", "mpc_mode_echo": "avoid", "trail_targets_n": 0, "ot_age_ms": 22.0, "rc_age_ms": 22.0, "n_wpnts": 41}
5983724000000,{"sm_state": "TRAILING", "path_source": "MPC_OT", "mpc_mode_echo": "avoid", "trail_targets_n": 0, "ot_age_ms": 22.0, "rc_age_ms": 22.0, "n_wpnts": 41}
5983724000000,{"sm_state": "TRAILING", "path_source": "MPC_OT", "mpc_mode_echo": "avoid", "trail_targets_n": 0, "ot_age_ms": 39.0, "rc_age_ms": 39.0, "n_wpnts": 41}
5983724000000,{"sm_state": "TRAILING", "path_source": "MPC_OT", "mpc_mode_echo": "avoid", "trail_targets_n": 0, "ot_age_ms": 39.0, "rc_age_ms": 39.0, "n_wpnts": 41}
5983741000000,{"sm_state": "TRAILING", "path_source": "MPC_OT", "mpc_mode_echo": "avoid", "trail_targets_n": 0, "ot_age_ms": 39.0, "rc_age_ms": 39.0, "n_wpnts": 41}
5983758000000,{"sm_state": "TRAILING", "path_source": "MPC_OT", "mpc_mode_echo": "avoid", "trail_targets_n": 0, "ot_age_ms": 22.0, "rc_age_ms": 22.0, "n_wpnts": 40}
5983792000000,{"sm_state": "TRAILING", "path_source": "MPC_OT", "mpc_mode_echo": "avoid", "trail_targets_n": 0, "ot_age_ms": 39.0, "rc_age_ms": 39.0, "n_wpnts": 39}
5983792000000,{"sm_state": "TRAILING", "path_source": "MPC_OT", "mpc_mode_echo": "avoid", "trail_targets_n": 0, "ot_age_ms": 39.0, "rc_age_ms": 39.0, "n_wpnts": 39}
5983809000000,{"sm_state": "TRAILING", "path_source": "MPC_OT", "mpc_mode_echo": "avoid", "trail_targets_n": 0, "ot_age_ms": 56.0, "rc_age_ms": 56.0, "n_wpnts": 39}
5983826000000,{"sm_state": "TRAILING", "path_source": "MPC_OT", "mpc_mode_echo": "avoid", "trail_targets_n": 0, "ot_age_ms": 39.0, "rc_age_ms": 39.0, "n_wpnts": 39}
5983843000000,{"sm_state": "TRAILING", "path_source": "MPC_OT", "mpc_mode_echo": "avoid", "trail_targets_n": 0, "ot_age_ms": 56.0, "rc_age_ms": 56.0, "n_wpnts": 39}
5983843000000,{"sm_state": "TRAILING", "path_source": "MPC_OT", "mpc_mode_echo": "avoid", "trail_targets_n": 0, "ot_age_ms": 56.0, "rc_age_ms": 56.0, "n_wpnts": 39}
5983860000000,{"sm_state": "TRAILING", "path_source": "MPC_OT", "mpc_mode_echo": "avoid", "trail_targets_n": 0, "ot_age_ms": 39.0, "rc_age_ms": 39.0, "n_wpnts": 40}
5983877000000,{"sm_state": "TRAILING", "path_source": "MPC_OT", "mpc_mode_echo": "avoid", "trail_targets_n": 0, "ot_age_ms": 22.0, "rc_age_ms": 22.0, "n_wpnts": 39}
5983911000000,{"sm_state": "TRAILING", "path_source": "MPC_OT", "mpc_mode_echo": "avoid", "trail_targets_n": 0, "ot_age_ms": 56.0, "rc_age_ms": 56.0, "n_wpnts": 39}
5983911000000,{"sm_state": "TRAILING", "path_source": "MPC_OT", "mpc_mode_echo": "avoid", "trail_targets_n": 0, "ot_age_ms": 56.0, "rc_age_ms": 56.0, "n_wpnts": 39}
5983911000000,{"sm_state": "TRAILING", "path_source": "MPC_OT", "mpc_mode_echo": "avoid", "trail_targets_n": 0, "ot_age_ms": 73.0, "rc_age_ms": 73.0, "n_wpnts": 39}
5983911000000,{"sm_state": "TRAILING", "path_source": "MPC_OT", "mpc_mode_echo": "avoid", "trail_targets_n": 0, "ot_age_ms": 73.0, "rc_age_ms": 73.0, "n_wpnts": 39}
5983945000000,{"sm_state": "TRAILING", "path_source": "MPC_OT", "mpc_mode_echo": "avoid", "trail_targets_n": 0, "ot_age_ms": 39.0, "rc_age_ms": 39.0, "n_wpnts": 39}
5983945000000,{"sm_state": "TRAILING", "path_source": "MPC_OT", "mpc_mode_echo": "avoid", "trail_targets_n": 0, "ot_age_ms": 39.0, "rc_age_ms": 39.0, "n_wpnts": 39}
5983962000000,{"sm_state": "TRAILING", "path_source": "MPC_OT", "mpc_mode_echo": "avoid", "trail_targets_n": 0, "ot_age_ms": 5.0, "rc_age_ms": 5.0, "n_wpnts": 39}
5983996000000,{"sm_state": "TRAILING", "path_source": "MPC_OT", "mpc_mode_echo": "avoid", "trail_targets_n": 0, "ot_age_ms": 39.0, "rc_age_ms": 39.0, "n_wpnts": 39}
5983996000000,{"sm_state": "TRAILING", "path_source": "MPC_OT", "mpc_mode_echo": "avoid", "trail_targets_n": 0, "ot_age_ms": 39.0, "rc_age_ms": 39.0, "n_wpnts": 39}
5983996000000,{"sm_state": "TRAILING", "path_source": "MPC_OT", "mpc_mode_echo": "avoid", "trail_targets_n": 0, "ot_age_ms": 39.0, "rc_age_ms": 39.0, "n_wpnts": 39}
5984030000000,{"sm_state": "TRAILING", "path_source": "MPC_OT", "mpc_mode_echo": "avoid", "trail_targets_n": 0, "ot_age_ms": 39.0, "rc_age_ms": 39.0, "n_wpnts": 38}
5984030000000,{"sm_state": "TRAILING", "path_source": "MPC_OT", "mpc_mode_echo": "avoid", "trail_targets_n": 0, "ot_age_ms": 39.0, "rc_age_ms": 39.0, "n_wpnts": 38}
5984030000000,{"sm_state": "TRAILING", "path_source": "MPC_OT", "mpc_mode_echo": "avoid", "trail_targets_n": 0, "ot_age_ms": 39.0, "rc_age_ms": 39.0, "n_wpnts": 38}
5984047000000,{"sm_state": "TRAILING", "path_source": "MPC_OT", "mpc_mode_echo": "avoid", "trail_targets_n": 0, "ot_age_ms": 56.0, "rc_age_ms": 56.0, "n_wpnts": 38}
5984064000000,{"sm_state": "TRAILING", "path_source": "MPC_OT", "mpc_mode_echo": "avoid", "trail_targets_n": 0, "ot_age_ms": 5.0, "rc_age_ms": 5.0, "n_wpnts": 37}
5984098000000,{"sm_state": "TRAILING", "path_source": "MPC_OT", "mpc_mode_echo": "avoid", "trail_targets_n": 0, "ot_age_ms": 22.0, "rc_age_ms": 22.0, "n_wpnts": 37}
5984098000000,{"sm_state": "TRAILING", "path_source": "MPC_OT", "mpc_mode_echo": "avoid", "trail_targets_n": 0, "ot_age_ms": 39.0, "rc_age_ms": 39.0, "n_wpnts": 37}
5984098000000,{"sm_state": "TRAILING", "path_source": "MPC_OT", "mpc_mode_echo": "avoid", "trail_targets_n": 0, "ot_age_ms": 39.0, "rc_age_ms": 39.0, "n_wpnts": 37}
5984115000000,{"sm_state": "TRAILING", "path_source": "MPC_OT", "mpc_mode_echo": "avoid", "trail_targets_n": 0, "ot_age_ms": 56.0, "rc_age_ms": 56.0, "n_wpnts": 37}
5984149000000,{"sm_state": "TRAILING", "path_source": "MPC_OT", "mpc_mode_echo": "avoid", "trail_targets_n": 0, "ot_age_ms": 73.0, "rc_age_ms": 73.0, "n_wpnts": 37}
5984149000000,{"sm_state": "TRAILING", "path_source": "MPC_OT", "mpc_mode_echo": "avoid", "trail_targets_n": 0, "ot_age_ms": 22.0, "rc_age_ms": 22.0, "n_wpnts": 37}
5984149000000,{"sm_state": "TRAILING", "path_source": "MPC_OT", "mpc_mode_echo": "avoid", "trail_targets_n": 0, "ot_age_ms": 22.0, "rc_age_ms": 22.0, "n_wpnts": 37}
5984166000000,{"sm_state": "TRAILING", "path_source": "MPC_OT", "mpc_mode_echo": "avoid", "trail_targets_n": 0, "ot_age_ms": 39.0, "rc_age_ms": 39.0, "n_wpnts": 37}
5984166000000,{"sm_state": "TRAILING", "path_source": "MPC_OT", "mpc_mode_echo": "avoid", "trail_targets_n": 0, "ot_age_ms": 39.0, "rc_age_ms": 39.0, "n_wpnts": 37}
5984166000000,{"sm_state": "TRAILING", "path_source": "MPC_OT", "mpc_mode_echo": "avoid", "trail_targets_n": 0, "ot_age_ms": 56.0, "rc_age_ms": 56.0, "n_wpnts": 37}
5984200000000,{"sm_state": "TRAILING", "path_source": "MPC_OT", "mpc_mode_echo": "avoid", "trail_targets_n": 0, "ot_age_ms": 39.0, "rc_age_ms": 39.0, "n_wpnts": 36}
5984200000000,{"sm_state": "TRAILING", "path_source": "MPC_OT", "mpc_mode_echo": "avoid", "trail_targets_n": 0, "ot_age_ms": 39.0, "rc_age_ms": 39.0, "n_wpnts": 36}
5984200000000,{"sm_state": "TRAILING", "path_source": "MPC_OT", "mpc_mode_echo": "avoid", "trail_targets_n": 0, "ot_age_ms": 39.0, "rc_age_ms": 39.0, "n_wpnts": 36}
5984234000000,{"sm_state": "TRAILING", "path_source": "MPC_OT", "mpc_mode_echo": "avoid", "trail_targets_n": 0, "ot_age_ms": 39.0, "rc_age_ms": 39.0, "n_wpnts": 36}
5984251000000,{"sm_state": "TRAILING", "path_source": "MPC_OT", "mpc_mode_echo": "avoid", "trail_targets_n": 0, "ot_age_ms": 22.0, "rc_age_ms": 22.0, "n_wpnts": 35}
5984251000000,{"sm_state": "TRAILING", "path_source": "MPC_OT", "mpc_mode_echo": "avoid", "trail_targets_n": 0, "ot_age_ms": 39.0, "rc_age_ms": 39.0, "n_wpnts": 35}
5984251000000,{"sm_state": "TRAILING", "path_source": "MPC_OT", "mpc_mode_echo": "avoid", "trail_targets_n": 0, "ot_age_ms": 39.0, "rc_age_ms": 39.0, "n_wpnts": 35}
5984285000000,{"sm_state": "TRAILING", "path_source": "MPC_OT", "mpc_mode_echo": "avoid", "trail_targets_n": 0, "ot_age_ms": 22.0, "rc_age_ms": 22.0, "n_wpnts": 36}
5984302000000,{"sm_state": "TRAILING", "path_source": "MPC_OT", "mpc_mode_echo": "avoid", "trail_targets_n": 0, "ot_age_ms": 39.0, "rc_age_ms": 39.0, "n_wpnts": 35}
5984319000000,{"sm_state": "TRAILING", "path_source": "MPC_OT", "mpc_mode_echo": "avoid", "trail_targets_n": 0, "ot_age_ms": 22.0, "rc_age_ms": 22.0, "n_wpnts": 36}
5984336000000,{"sm_state": "TRAILING", "path_source": "MPC_OT", "mpc_mode_echo": "avoid", "trail_targets_n": 0, "ot_age_ms": 39.0, "rc_age_ms": 39.0, "n_wpnts": 36}
5984336000000,{"sm_state": "TRAILING", "path_source": "MPC_OT", "mpc_mode_echo": "avoid", "trail_targets_n": 0, "ot_age_ms": 39.0, "rc_age_ms": 39.0, "n_wpnts": 36}
5984353000000,{"sm_state": "TRAILING", "path_source": "MPC_OT", "mpc_mode_echo": "avoid", "trail_targets_n": 0, "ot_age_ms": 56.0, "rc_age_ms": 56.0, "n_wpnts": 35}
5984370000000,{"sm_state": "TRAILING", "path_source": "MPC_OT", "mpc_mode_echo": "avoid", "trail_targets_n": 0, "ot_age_ms": 22.0, "rc_age_ms": 22.0, "n_wpnts": 34}
5984370000000,{"sm_state": "TRAILING", "path_source": "MPC_OT", "mpc_mode_echo": "avoid", "trail_targets_n": 0, "ot_age_ms": 22.0, "rc_age_ms": 22.0, "n_wpnts": 34}
5984404000000,{"sm_state": "TRAILING", "path_source": "MPC_OT", "mpc_mode_echo": "avoid", "trail_targets_n": 0, "ot_age_ms": 39.0, "rc_age_ms": 39.0, "n_wpnts": 33}
5984404000000,{"sm_state": "TRAILING", "path_source": "MPC_OT", "mpc_mode_echo": "avoid", "trail_targets_n": 0, "ot_age_ms": 39.0, "rc_age_ms": 39.0, "n_wpnts": 33}
5984404000000,{"sm_state": "TRAILING", "path_source": "MPC_OT", "mpc_mode_echo": "avoid", "trail_targets_n": 0, "ot_age_ms": 39.0, "rc_age_ms": 39.0, "n_wpnts": 33}
5984438000000,{"sm_state": "TRAILING", "path_source": "MPC_OT", "mpc_mode_echo": "avoid", "trail_targets_n": 0, "ot_age_ms": 39.0, "rc_age_ms": 39.0, "n_wpnts": 34}
5984438000000,{"sm_state": "TRAILING", "path_source": "MPC_OT", "mpc_mode_echo": "avoid", "trail_targets_n": 0, "ot_age_ms": 39.0, "rc_age_ms": 39.0, "n_wpnts": 34}
5984455000000,{"sm_state": "TRAILING", "path_source": "MPC_OT", "mpc_mode_echo": "avoid", "trail_targets_n": 0, "ot_age_ms": 22.0, "rc_age_ms": 22.0, "n_wpnts": 32}
5984455000000,{"sm_state": "TRAILING", "path_source": "MPC_OT", "mpc_mode_echo": "avoid", "trail_targets_n": 0, "ot_age_ms": 22.0, "rc_age_ms": 22.0, "n_wpnts": 32}
5984472000000,{"sm_state": "TRAILING", "path_source": "MPC_OT", "mpc_mode_echo": "avoid", "trail_targets_n": 0, "ot_age_ms": 22.0, "rc_age_ms": 22.0, "n_wpnts": 33}
5984489000000,{"sm_state": "TRAILING", "path_source": "MPC_OT", "mpc_mode_echo": "avoid", "trail_targets_n": 0, "ot_age_ms": 39.0, "rc_age_ms": 39.0, "n_wpnts": 33}
5984506000000,{"sm_state": "TRAILING", "path_source": "MPC_OT", "mpc_mode_echo": "avoid", "trail_targets_n": 0, "ot_age_ms": 56.0, "rc_age_ms": 56.0, "n_wpnts": 32}
5984506000000,{"sm_state": "TRAILING", "path_source": "MPC_OT", "mpc_mode_echo": "avoid", "trail_targets_n": 0, "ot_age_ms": 56.0, "rc_age_ms": 56.0, "n_wpnts": 32}
5984540000000,{"sm_state": "TRAILING", "path_source": "MPC_OT", "mpc_mode_echo": "avoid", "trail_targets_n": 0, "ot_age_ms": 90.0, "rc_age_ms": 90.0, "n_wpnts": 32}
5984540000000,{"sm_state": "TRAILING", "path_source": "MPC_OT", "mpc_mode_echo": "avoid", "trail_targets_n": 0, "ot_age_ms": 90.0, "rc_age_ms": 90.0, "n_wpnts": 32}
5984548000000,{"sm_state": "TRAILING", "path_source": "MPC_OT", "mpc_mode_echo": "avoid", "trail_targets_n": 0, "ot_age_ms": 13.0, "rc_age_ms": 13.0, "n_wpnts": 32}
5984565000000,{"sm_state": "TRAILING", "path_source": "MPC_OT", "mpc_mode_echo": "avoid", "trail_targets_n": 0, "ot_age_ms": 30.0, "rc_age_ms": 30.0, "n_wpnts": 31}
5984582000000,{"sm_state": "TRAILING", "path_source": "MPC_OT", "mpc_mode_echo": "avoid", "trail_targets_n": 0, "ot_age_ms": 30.0, "rc_age_ms": 30.0, "n_wpnts": 32}
5984582000000,{"sm_state": "TRAILING", "path_source": "MPC_OT", "mpc_mode_echo": "avoid", "trail_targets_n": 0, "ot_age_ms": 30.0, "rc_age_ms": 30.0, "n_wpnts": 32}
5984616000000,{"sm_state": "TRAILING", "path_source": "MPC_OT", "mpc_mode_echo": "avoid", "trail_targets_n": 0, "ot_age_ms": 64.0, "rc_age_ms": 64.0, "n_wpnts": 31}
5984616000000,{"sm_state": "TRAILING", "path_source": "MPC_OT", "mpc_mode_echo": "avoid", "trail_targets_n": 0, "ot_age_ms": 64.0, "rc_age_ms": 64.0, "n_wpnts": 31}
5984616000000,{"sm_state": "TRAILING", "path_source": "MPC_OT", "mpc_mode_echo": "avoid", "trail_targets_n": 0, "ot_age_ms": 30.0, "rc_age_ms": 30.0, "n_wpnts": 31}
5984650000000,{"sm_state": "TRAILING", "path_source": "MPC_OT", "mpc_mode_echo": "avoid", "trail_targets_n": 0, "ot_age_ms": 64.0, "rc_age_ms": 64.0, "n_wpnts": 31}
5984650000000,{"sm_state": "TRAILING", "path_source": "MPC_OT", "mpc_mode_echo": "avoid", "trail_targets_n": 0, "ot_age_ms": 64.0, "rc_age_ms": 64.0, "n_wpnts": 31}
5984667000000,{"sm_state": "TRAILING", "path_source": "MPC_OT", "mpc_mode_echo": "avoid", "trail_targets_n": 0, "ot_age_ms": 30.0, "rc_age_ms": 30.0, "n_wpnts": 31}
5984667000000,{"sm_state": "TRAILING", "path_source": "MPC_OT", "mpc_mode_echo": "avoid", "trail_targets_n": 0, "ot_age_ms": 13.0, "rc_age_ms": 13.0, "n_wpnts": 30}
5984667000000,{"sm_state": "TRAILING", "path_source": "MPC_OT", "mpc_mode_echo": "avoid", "trail_targets_n": 0, "ot_age_ms": 30.0, "rc_age_ms": 30.0, "n_wpnts": 29}
5984701000000,{"sm_state": "TRAILING", "path_source": "MPC_OT", "mpc_mode_echo": "avoid", "trail_targets_n": 0, "ot_age_ms": 47.0, "rc_age_ms": 47.0, "n_wpnts": 29}
5984735000000,{"sm_state": "TRAILING", "path_source": "MPC_OT", "mpc_mode_echo": "avoid", "trail_targets_n": 0, "ot_age_ms": 47.0, "rc_age_ms": 47.0, "n_wpnts": 29}
5984735000000,{"sm_state": "TRAILING", "path_source": "MPC_OT", "mpc_mode_echo": "avoid", "trail_targets_n": 0, "ot_age_ms": 47.0, "rc_age_ms": 47.0, "n_wpnts": 29}
5984735000000,{"sm_state": "TRAILING", "path_source": "MPC_OT", "mpc_mode_echo": "avoid", "trail_targets_n": 0, "ot_age_ms": 47.0, "rc_age_ms": 47.0, "n_wpnts": 29}
5984735000000,{"sm_state": "TRAILING", "path_source": "MPC_OT", "mpc_mode_echo": "avoid", "trail_targets_n": 0, "ot_age_ms": 64.0, "rc_age_ms": 64.0, "n_wpnts": 28}
5984752000000,{"sm_state": "TRAILING", "path_source": "MPC_OT", "mpc_mode_echo": "avoid", "trail_targets_n": 0, "ot_age_ms": 13.0, "rc_age_ms": 13.0, "n_wpnts": 29}
5984769000000,{"sm_state": "TRAILING", "path_source": "MPC_OT", "mpc_mode_echo": "avoid", "trail_targets_n": 0, "ot_age_ms": 13.0, "rc_age_ms": 13.0, "n_wpnts": 29}
5984769000000,{"sm_state": "TRAILING", "path_source": "MPC_OT", "mpc_mode_echo": "avoid", "trail_targets_n": 0, "ot_age_ms": 30.0, "rc_age_ms": 30.0, "n_wpnts": 28}
5984786000000,{"sm_state": "TRAILING", "path_source": "MPC_OT", "mpc_mode_echo": "avoid", "trail_targets_n": 0, "ot_age_ms": 47.0, "rc_age_ms": 47.0, "n_wpnts": 28}
5984837000000,{"sm_state": "TRAILING", "path_source": "MPC_OT", "mpc_mode_echo": "avoid", "trail_targets_n": 0, "ot_age_ms": 81.0, "rc_age_ms": 81.0, "n_wpnts": 28}
5984837000000,{"sm_state": "TRAILING", "path_source": "MPC_OT", "mpc_mode_echo": "avoid", "trail_targets_n": 0, "ot_age_ms": 81.0, "rc_age_ms": 81.0, "n_wpnts": 27}
5984837000000,{"sm_state": "TRAILING", "path_source": "MPC_OT", "mpc_mode_echo": "avoid", "trail_targets_n": 0, "ot_age_ms": 81.0, "rc_age_ms": 81.0, "n_wpnts": 27}
5984849000000,{"sm_state": "TRAILING", "path_source": "MPC_OT", "mpc_mode_echo": "avoid", "trail_targets_n": 0, "ot_age_ms": 25.0, "rc_age_ms": 25.0, "n_wpnts": 26}
5984866000000,{"sm_state": "TRAILING", "path_source": "MPC_OT", "mpc_mode_echo": "avoid", "trail_targets_n": 0, "ot_age_ms": 42.0, "rc_age_ms": 42.0, "n_wpnts": 26}
5984866000000,{"sm_state": "TRAILING", "path_source": "MPC_OT", "mpc_mode_echo": "avoid", "trail_targets_n": 0, "ot_age_ms": 42.0, "rc_age_ms": 42.0, "n_wpnts": 26}
5984866000000,{"sm_state": "TRAILING", "path_source": "MPC_OT", "mpc_mode_echo": "avoid", "trail_targets_n": 0, "ot_age_ms": 25.0, "rc_age_ms": 25.0, "n_wpnts": 27}
5984900000000,{"sm_state": "TRAILING", "path_source": "MPC_OT", "mpc_mode_echo": "avoid", "trail_targets_n": 0, "ot_age_ms": 59.0, "rc_age_ms": 59.0, "n_wpnts": 26}
5984900000000,{"sm_state": "TRAILING", "path_source": "MPC_OT", "mpc_mode_echo": "avoid", "trail_targets_n": 0, "ot_age_ms": 59.0, "rc_age_ms": 59.0, "n_wpnts": 26}
5984951000000,{"sm_state": "TRAILING", "path_source": "MPC_OT", "mpc_mode_echo": "avoid", "trail_targets_n": 0, "ot_age_ms": 59.0, "rc_age_ms": 59.0, "n_wpnts": 26}
5984951000000,{"sm_state": "TRAILING", "path_source": "MPC_OT", "mpc_mode_echo": "avoid", "trail_targets_n": 0, "ot_age_ms": 93.0, "rc_age_ms": 93.0, "n_wpnts": 26}
5984951000000,{"sm_state": "TRAILING", "path_source": "MPC_OT", "mpc_mode_echo": "avoid", "trail_targets_n": 0, "ot_age_ms": 42.0, "rc_age_ms": 42.0, "n_wpnts": 26}
5984968000000,{"sm_state": "TRAILING", "path_source": "MPC_OT", "mpc_mode_echo": "avoid", "trail_targets_n": 0, "ot_age_ms": 25.0, "rc_age_ms": 25.0, "n_wpnts": 25}
5984968000000,{"sm_state": "TRAILING", "path_source": "MPC_OT", "mpc_mode_echo": "avoid", "trail_targets_n": 0, "ot_age_ms": 25.0, "rc_age_ms": 25.0, "n_wpnts": 25}
5984985000000,{"sm_state": "TRAILING", "path_source": "MPC_OT", "mpc_mode_echo": "avoid", "trail_targets_n": 0, "ot_age_ms": 25.0, "rc_age_ms": 25.0, "n_wpnts": 26}
5985002000000,{"sm_state": "TRAILING", "path_source": "MPC_OT", "mpc_mode_echo": "avoid", "trail_targets_n": 0, "ot_age_ms": 42.0, "rc_age_ms": 42.0, "n_wpnts": 26}
5985019000000,{"sm_state": "TRAILING", "path_source": "MPC_OT", "mpc_mode_echo": "avoid", "trail_targets_n": 0, "ot_age_ms": 59.0, "rc_age_ms": 59.0, "n_wpnts": 26}
5985019000000,{"sm_state": "TRAILING", "path_source": "MPC_OT", "mpc_mode_echo": "avoid", "trail_targets_n": 0, "ot_age_ms": 59.0, "rc_age_ms": 59.0, "n_wpnts": 26}
5985036000000,{"sm_state": "TRAILING", "path_source": "MPC_OT", "mpc_mode_echo": "avoid", "trail_targets_n": 0, "ot_age_ms": 76.0, "rc_age_ms": 76.0, "n_wpnts": 25}
5985058000000,{"sm_state": "TRAILING", "path_source": "MPC_OT", "mpc_mode_echo": "avoid", "trail_targets_n": 0, "ot_age_ms": 30.0, "rc_age_ms": 30.0, "n_wpnts": 24}
5985058000000,{"sm_state": "TRAILING", "path_source": "MPC_OT", "mpc_mode_echo": "avoid", "trail_targets_n": 0, "ot_age_ms": 30.0, "rc_age_ms": 30.0, "n_wpnts": 24}
5985076000000,{"sm_state": "TRAILING", "path_source": "MPC_OT", "mpc_mode_echo": "avoid", "trail_targets_n": 0, "ot_age_ms": 31.0, "rc_age_ms": 31.0, "n_wpnts": 24}
5985093000000,{"sm_state": "TRAILING", "path_source": "MPC_OT", "mpc_mode_echo": "avoid", "trail_targets_n": 0, "ot_age_ms": 8.0, "rc_age_ms": 8.0, "n_wpnts": 25}
5985093000000,{"sm_state": "TRAILING", "path_source": "MPC_OT", "mpc_mode_echo": "avoid", "trail_targets_n": 0, "ot_age_ms": 8.0, "rc_age_ms": 8.0, "n_wpnts": 24}
5985127000000,{"sm_state": "TRAILING", "path_source": "MPC_OT", "mpc_mode_echo": "avoid", "trail_targets_n": 0, "ot_age_ms": 42.0, "rc_age_ms": 42.0, "n_wpnts": 24}
5985127000000,{"sm_state": "TRAILING", "path_source": "MPC_OT", "mpc_mode_echo": "avoid", "trail_targets_n": 0, "ot_age_ms": 42.0, "rc_age_ms": 42.0, "n_wpnts": 24}
5985144000000,{"sm_state": "TRAILING", "path_source": "MPC_OT", "mpc_mode_echo": "avoid", "trail_targets_n": 0, "ot_age_ms": 59.0, "rc_age_ms": 59.0, "n_wpnts": 24}
5985144000000,{"sm_state": "TRAILING", "path_source": "MPC_OT", "mpc_mode_echo": "avoid", "trail_targets_n": 0, "ot_age_ms": 59.0, "rc_age_ms": 59.0, "n_wpnts": 24}
5985161000000,{"sm_state": "TRAILING", "path_source": "MPC_OT", "mpc_mode_echo": "avoid", "trail_targets_n": 0, "ot_age_ms": 42.0, "rc_age_ms": 42.0, "n_wpnts": 24}
5985195000000,{"sm_state": "TRAILING", "path_source": "MPC_OT", "mpc_mode_echo": "avoid", "trail_targets_n": 0, "ot_age_ms": 42.0, "rc_age_ms": 42.0, "n_wpnts": 23}
5985229000000,{"sm_state": "TRAILING", "path_source": "MPC_OT", "mpc_mode_echo": "avoid", "trail_targets_n": 0, "ot_age_ms": 42.0, "rc_age_ms": 42.0, "n_wpnts": 23}
5985229000000,{"sm_state": "TRAILING", "path_source": "MPC_OT", "mpc_mode_echo": "avoid", "trail_targets_n": 0, "ot_age_ms": 42.0, "rc_age_ms": 42.0, "n_wpnts": 22}
5985229000000,{"sm_state": "TRAILING", "path_source": "MPC_OT", "mpc_mode_echo": "avoid", "trail_targets_n": 0, "ot_age_ms": 76.0, "rc_age_ms": 76.0, "n_wpnts": 22}
5985229000000,{"sm_state": "TRAILING", "path_source": "MPC_OT", "mpc_mode_echo": "avoid", "trail_targets_n": 0, "ot_age_ms": 25.0, "rc_age_ms": 25.0, "n_wpnts": 24}
5985246000000,{"sm_state": "TRAILING", "path_source": "MPC_OT", "mpc_mode_echo": "avoid", "trail_targets_n": 0, "ot_age_ms": 42.0, "rc_age_ms": 42.0, "n_wpnts": 23}
5985246000000,{"sm_state": "TRAILING", "path_source": "MPC_OT", "mpc_mode_echo": "avoid", "trail_targets_n": 0, "ot_age_ms": 42.0, "rc_age_ms": 42.0, "n_wpnts": 23}
5985263000000,{"sm_state": "TRAILING", "path_source": "MPC_OT", "mpc_mode_echo": "avoid", "trail_targets_n": 0, "ot_age_ms": 8.0, "rc_age_ms": 8.0, "n_wpnts": 22}
5985280000000,{"sm_state": "TRAILING", "path_source": "MPC_OT", "mpc_mode_echo": "avoid", "trail_targets_n": 0, "ot_age_ms": 25.0, "rc_age_ms": 25.0, "n_wpnts": 23}
5985280000000,{"sm_state": "TRAILING", "path_source": "MPC_OT", "mpc_mode_echo": "avoid", "trail_targets_n": 0, "ot_age_ms": 25.0, "rc_age_ms": 25.0, "n_wpnts": 23}
5985297000000,{"sm_state": "TRAILING", "path_source": "MPC_OT", "mpc_mode_echo": "avoid", "trail_targets_n": 0, "ot_age_ms": 42.0, "rc_age_ms": 42.0, "n_wpnts": 23}
5985331000000,{"sm_state": "TRAILING", "path_source": "MPC_OT", "mpc_mode_echo": "avoid", "trail_targets_n": 0, "ot_age_ms": 76.0, "rc_age_ms": 76.0, "n_wpnts": 23}
5985331000000,{"sm_state": "TRAILING", "path_source": "MPC_OT", "mpc_mode_echo": "avoid", "trail_targets_n": 0, "ot_age_ms": 76.0, "rc_age_ms": 76.0, "n_wpnts": 23}
5985331000000,{"sm_state": "TRAILING", "path_source": "MPC_OT", "mpc_mode_echo": "avoid", "trail_targets_n": 0, "ot_age_ms": 25.0, "rc_age_ms": 25.0, "n_wpnts": 23}
5985348000000,{"sm_state": "TRAILING", "path_source": "MPC_OT", "mpc_mode_echo": "avoid", "trail_targets_n": 0, "ot_age_ms": 25.0, "rc_age_ms": 25.0, "n_wpnts": 22}
5985365000000,{"sm_state": "TRAILING", "path_source": "MPC_OT", "mpc_mode_echo": "avoid", "trail_targets_n": 0, "ot_age_ms": 42.0, "rc_age_ms": 42.0, "n_wpnts": 21}
5985382000000,{"sm_state": "TRAILING", "path_source": "MPC_OT", "mpc_mode_echo": "avoid", "trail_targets_n": 0, "ot_age_ms": 59.0, "rc_age_ms": 59.0, "n_wpnts": 21}
5985382000000,{"sm_state": "TRAILING", "path_source": "MPC_OT", "mpc_mode_echo": "avoid", "trail_targets_n": 0, "ot_age_ms": 25.0, "rc_age_ms": 25.0, "n_wpnts": 21}
5985399000000,{"sm_state": "TRAILING", "path_source": "MPC_OT", "mpc_mode_echo": "avoid", "trail_targets_n": 0, "ot_age_ms": 42.0, "rc_age_ms": 42.0, "n_wpnts": 22}
5985416000000,{"sm_state": "TRAILING", "path_source": "MPC_OT", "mpc_mode_echo": "avoid", "trail_targets_n": 0, "ot_age_ms": 25.0, "rc_age_ms": 25.0, "n_wpnts": 22}
5985416000000,{"sm_state": "TRAILING", "path_source": "MPC_OT", "mpc_mode_echo": "avoid", "trail_targets_n": 0, "ot_age_ms": 25.0, "rc_age_ms": 25.0, "n_wpnts": 22}
5985433000000,{"sm_state": "TRAILING", "path_source": "MPC_OT", "mpc_mode_echo": "avoid", "trail_targets_n": 0, "ot_age_ms": 42.0, "rc_age_ms": 42.0, "n_wpnts": 22}
5985450000000,{"sm_state": "TRAILING", "path_source": "MPC_OT", "mpc_mode_echo": "avoid", "trail_targets_n": 0, "ot_age_ms": 8.0, "rc_age_ms": 8.0, "n_wpnts": 22}
5985467000000,{"sm_state": "TRAILING", "path_source": "MPC_OT", "mpc_mode_echo": "avoid", "trail_targets_n": 0, "ot_age_ms": 25.0, "rc_age_ms": 25.0, "n_wpnts": 21}
5985467000000,{"sm_state": "TRAILING", "path_source": "MPC_OT", "mpc_mode_echo": "avoid", "trail_targets_n": 0, "ot_age_ms": 25.0, "rc_age_ms": 25.0, "n_wpnts": 21}
5985501000000,{"sm_state": "TRAILING", "path_source": "MPC_OT", "mpc_mode_echo": "avoid", "trail_targets_n": 0, "ot_age_ms": 42.0, "rc_age_ms": 42.0, "n_wpnts": 22}
5985501000000,{"sm_state": "TRAILING", "path_source": "MPC_OT", "mpc_mode_echo": "avoid", "trail_targets_n": 0, "ot_age_ms": 42.0, "rc_age_ms": 42.0, "n_wpnts": 22}
5985518000000,{"sm_state": "TRAILING", "path_source": "MPC_OT", "mpc_mode_echo": "avoid", "trail_targets_n": 0, "ot_age_ms": 25.0, "rc_age_ms": 25.0, "n_wpnts": 23}
5985518000000,{"sm_state": "TRAILING", "path_source": "MPC_OT", "mpc_mode_echo": "avoid", "trail_targets_n": 0, "ot_age_ms": 25.0, "rc_age_ms": 25.0, "n_wpnts": 23}
5985535000000,{"sm_state": "TRAILING", "path_source": "MPC_OT", "mpc_mode_echo": "avoid", "trail_targets_n": 0, "ot_age_ms": 42.0, "rc_age_ms": 42.0, "n_wpnts": 22}
5985552000000,{"sm_state": "TRAILING", "path_source": "MPC_OT", "mpc_mode_echo": "avoid", "trail_targets_n": 0, "ot_age_ms": 59.0, "rc_age_ms": 59.0, "n_wpnts": 22}
5985569000000,{"sm_state": "TRAILING", "path_source": "MPC_OT", "mpc_mode_echo": "avoid", "trail_targets_n": 0, "ot_age_ms": 25.0, "rc_age_ms": 25.0, "n_wpnts": 22}
5985569000000,{"sm_state": "TRAILING", "path_source": "MPC_OT", "mpc_mode_echo": "avoid", "trail_targets_n": 0, "ot_age_ms": 25.0, "rc_age_ms": 25.0, "n_wpnts": 22}
5985586000000,{"sm_state": "TRAILING", "path_source": "MPC_OT", "mpc_mode_echo": "avoid", "trail_targets_n": 0, "ot_age_ms": 25.0, "rc_age_ms": 25.0, "n_wpnts": 22}
5985603000000,{"sm_state": "TRAILING", "path_source": "MPC_OT", "mpc_mode_echo": "avoid", "trail_targets_n": 0, "ot_age_ms": 42.0, "rc_age_ms": 42.0, "n_wpnts": 22}
5985637000000,{"sm_state": "TRAILING", "path_source": "MPC_OT", "mpc_mode_echo": "avoid", "trail_targets_n": 0, "ot_age_ms": 8.0, "rc_age_ms": 8.0, "n_wpnts": 23}
5985637000000,{"sm_state": "TRAILING", "path_source": "MPC_OT", "mpc_mode_echo": "avoid", "trail_targets_n": 0, "ot_age_ms": 8.0, "rc_age_ms": 8.0, "n_wpnts": 23}
5985637000000,{"sm_state": "TRAILING", "path_source": "MPC_OT", "mpc_mode_echo": "avoid", "trail_targets_n": 0, "ot_age_ms": 8.0, "rc_age_ms": 8.0, "n_wpnts": 23}
5985654000000,{"sm_state": "TRAILING", "path_source": "MPC_OT", "mpc_mode_echo": "avoid", "trail_targets_n": 0, "ot_age_ms": 5.0, "rc_age_ms": 5.0, "n_wpnts": 23}
5985654000000,{"sm_state": "TRAILING", "path_source": "MPC_OT", "mpc_mode_echo": "avoid", "trail_targets_n": 0, "ot_age_ms": 5.0, "rc_age_ms": 5.0, "n_wpnts": 23}
5985671000000,{"sm_state": "TRAILING", "path_source": "MPC_OT", "mpc_mode_echo": "avoid", "trail_targets_n": 0, "ot_age_ms": 22.0, "rc_age_ms": 22.0, "n_wpnts": 23}
5985688000000,{"sm_state": "TRAILING", "path_source": "MPC_OT", "mpc_mode_echo": "avoid", "trail_targets_n": 0, "ot_age_ms": 39.0, "rc_age_ms": 39.0, "n_wpnts": 23}
5985722000000,{"sm_state": "TRAILING", "path_source": "MPC_OT", "mpc_mode_echo": "avoid", "trail_targets_n": 0, "ot_age_ms": 39.0, "rc_age_ms": 39.0, "n_wpnts": 23}
5985739000000,{"sm_state": "TRAILING", "path_source": "MPC_OT", "mpc_mode_echo": "avoid", "trail_targets_n": 0, "ot_age_ms": 22.0, "rc_age_ms": 22.0, "n_wpnts": 22}
5985739000000,{"sm_state": "TRAILING", "path_source": "MPC_OT", "mpc_mode_echo": "avoid", "trail_targets_n": 0, "ot_age_ms": 22.0, "rc_age_ms": 22.0, "n_wpnts": 22}
5985739000000,{"sm_state": "TRAILING", "path_source": "MPC_OT", "mpc_mode_echo": "avoid", "trail_targets_n": 0, "ot_age_ms": 22.0, "rc_age_ms": 22.0, "n_wpnts": 21}
5985756000000,{"sm_state": "TRAILING", "path_source": "MPC_OT", "mpc_mode_echo": "avoid", "trail_targets_n": 0, "ot_age_ms": 39.0, "rc_age_ms": 39.0, "n_wpnts": 21}
5985756000000,{"sm_state": "TRAILING", "path_source": "MPC_OT", "mpc_mode_echo": "avoid", "trail_targets_n": 0, "ot_age_ms": 39.0, "rc_age_ms": 39.0, "n_wpnts": 21}
5985790000000,{"sm_state": "TRAILING", "path_source": "MPC_OT", "mpc_mode_echo": "avoid", "trail_targets_n": 0, "ot_age_ms": 73.0, "rc_age_ms": 73.0, "n_wpnts": 21}
5985790000000,{"sm_state": "TRAILING", "path_source": "MPC_OT", "mpc_mode_echo": "avoid", "trail_targets_n": 0, "ot_age_ms": 73.0, "rc_age_ms": 73.0, "n_wpnts": 21}
5985807000000,{"sm_state": "TRAILING", "path_source": "MPC_OT", "mpc_mode_echo": "avoid", "trail_targets_n": 0, "ot_age_ms": 56.0, "rc_age_ms": 56.0, "n_wpnts": 22}
5985807000000,{"sm_state": "TRAILING", "path_source": "MPC_OT", "mpc_mode_echo": "avoid", "trail_targets_n": 0, "ot_age_ms": 56.0, "rc_age_ms": 56.0, "n_wpnts": 22}
5985824000000,{"sm_state": "TRAILING", "path_source": "MPC_OT", "mpc_mode_echo": "avoid", "trail_targets_n": 0, "ot_age_ms": 39.0, "rc_age_ms": 39.0, "n_wpnts": 22}
5985841000000,{"sm_state": "TRAILING", "path_source": "MPC_OT", "mpc_mode_echo": "avoid", "trail_targets_n": 0, "ot_age_ms": 22.0, "rc_age_ms": 22.0, "n_wpnts": 22}
5985841000000,{"sm_state": "TRAILING", "path_source": "MPC_OT", "mpc_mode_echo": "avoid", "trail_targets_n": 0, "ot_age_ms": 22.0, "rc_age_ms": 22.0, "n_wpnts": 22}
5985865000000,{"sm_state": "TRAILING", "path_source": "MPC_OT", "mpc_mode_echo": "avoid", "trail_targets_n": 0, "ot_age_ms": 46.0, "rc_age_ms": 46.0, "n_wpnts": 22}
5985899000000,{"sm_state": "TRAILING", "path_source": "MPC_OT", "mpc_mode_echo": "avoid", "trail_targets_n": 0, "ot_age_ms": 39.0, "rc_age_ms": 39.0, "n_wpnts": 24}
5985899000000,{"sm_state": "TRAILING", "path_source": "MPC_OT", "mpc_mode_echo": "avoid", "trail_targets_n": 0, "ot_age_ms": 56.0, "rc_age_ms": 56.0, "n_wpnts": 23}
5985899000000,{"sm_state": "TRAILING", "path_source": "MPC_OT", "mpc_mode_echo": "avoid", "trail_targets_n": 0, "ot_age_ms": 56.0, "rc_age_ms": 56.0, "n_wpnts": 23}
5985933000000,{"sm_state": "TRAILING", "path_source": "MPC_OT", "mpc_mode_echo": "avoid", "trail_targets_n": 0, "ot_age_ms": 56.0, "rc_age_ms": 56.0, "n_wpnts": 23}
5985933000000,{"sm_state": "TRAILING", "path_source": "MPC_OT", "mpc_mode_echo": "avoid", "trail_targets_n": 0, "ot_age_ms": 73.0, "rc_age_ms": 73.0, "n_wpnts": 23}
5985933000000,{"sm_state": "TRAILING", "path_source": "MPC_OT", "mpc_mode_echo": "avoid", "trail_targets_n": 0, "ot_age_ms": 39.0, "rc_age_ms": 39.0, "n_wpnts": 22}
5985950000000,{"sm_state": "TRAILING", "path_source": "MPC_OT", "mpc_mode_echo": "avoid", "trail_targets_n": 0, "ot_age_ms": 22.0, "rc_age_ms": 22.0, "n_wpnts": 24}
5985967000000,{"sm_state": "TRAILING", "path_source": "MPC_OT", "mpc_mode_echo": "avoid", "trail_targets_n": 0, "ot_age_ms": 39.0, "rc_age_ms": 39.0, "n_wpnts": 24}
5985967000000,{"sm_state": "TRAILING", "path_source": "MPC_OT", "mpc_mode_echo": "avoid", "trail_targets_n": 0, "ot_age_ms": 39.0, "rc_age_ms": 39.0, "n_wpnts": 24}
5985984000000,{"sm_state": "TRAILING", "path_source": "MPC_OT", "mpc_mode_echo": "avoid", "trail_targets_n": 0, "ot_age_ms": 22.0, "rc_age_ms": 22.0, "n_wpnts": 24}
5986018000000,{"sm_state": "TRAILING", "path_source": "MPC_OT", "mpc_mode_echo": "avoid", "trail_targets_n": 0, "ot_age_ms": 56.0, "rc_age_ms": 56.0, "n_wpnts": 24}
5986035000000,{"sm_state": "TRAILING", "path_source": "MPC_OT", "mpc_mode_echo": "avoid", "trail_targets_n": 0, "ot_age_ms": 56.0, "rc_age_ms": 56.0, "n_wpnts": 24}
5986035000000,{"sm_state": "TRAILING", "path_source": "MPC_OT", "mpc_mode_echo": "avoid", "trail_targets_n": 0, "ot_age_ms": 5.0, "rc_age_ms": 5.0, "n_wpnts": 25}
5986035000000,{"sm_state": "TRAILING", "path_source": "MPC_OT", "mpc_mode_echo": "avoid", "trail_targets_n": 0, "ot_age_ms": 22.0, "rc_age_ms": 22.0, "n_wpnts": 25}
5986052000000,{"sm_state": "TRAILING", "path_source": "MPC_OT", "mpc_mode_echo": "avoid", "trail_targets_n": 0, "ot_age_ms": 39.0, "rc_age_ms": 39.0, "n_wpnts": 25}
5986071000000,{"sm_state": "TRAILING", "path_source": "MPC_OT", "mpc_mode_echo": "avoid", "trail_targets_n": 0, "ot_age_ms": 41.0, "rc_age_ms": 41.0, "n_wpnts": 24}
5986071000000,{"sm_state": "TRAILING", "path_source": "MPC_OT", "mpc_mode_echo": "avoid", "trail_targets_n": 0, "ot_age_ms": 41.0, "rc_age_ms": 41.0, "n_wpnts": 24}
5986071000000,{"sm_state": "TRAILING", "path_source": "MPC_OT", "mpc_mode_echo": "avoid", "trail_targets_n": 0, "ot_age_ms": 22.0, "rc_age_ms": 22.0, "n_wpnts": 27}
5986105000000,{"sm_state": "TRAILING", "path_source": "MPC_OT", "mpc_mode_echo": "avoid", "trail_targets_n": 0, "ot_age_ms": 39.0, "rc_age_ms": 39.0, "n_wpnts": 27}
5986105000000,{"sm_state": "TRAILING", "path_source": "MPC_OT", "mpc_mode_echo": "avoid", "trail_targets_n": 0, "ot_age_ms": 39.0, "rc_age_ms": 39.0, "n_wpnts": 27}
5986139000000,{"sm_state": "TRAILING", "path_source": "MPC_OT", "mpc_mode_echo": "avoid", "trail_targets_n": 0, "ot_age_ms": 22.0, "rc_age_ms": 22.0, "n_wpnts": 26}
5986139000000,{"sm_state": "TRAILING", "path_source": "MPC_OT", "mpc_mode_echo": "avoid", "trail_targets_n": 0, "ot_age_ms": 5.0, "rc_age_ms": 5.0, "n_wpnts": 25}
5986139000000,{"sm_state": "TRAILING", "path_source": "MPC_OT", "mpc_mode_echo": "avoid", "trail_targets_n": 0, "ot_age_ms": 22.0, "rc_age_ms": 22.0, "n_wpnts": 25}
5986156000000,{"sm_state": "TRAILING", "path_source": "MPC_OT", "mpc_mode_echo": "avoid", "trail_targets_n": 0, "ot_age_ms": 22.0, "rc_age_ms": 22.0, "n_wpnts": 25}
5986190000000,{"sm_state": "TRAILING", "path_source": "MPC_OT", "mpc_mode_echo": "avoid", "trail_targets_n": 0, "ot_age_ms": 22.0, "rc_age_ms": 22.0, "n_wpnts": 27}
5986224000000,{"sm_state": "TRAILING", "path_source": "MPC_OT", "mpc_mode_echo": "avoid", "trail_targets_n": 0, "ot_age_ms": 56.0, "rc_age_ms": 56.0, "n_wpnts": 26}
5986224000000,{"sm_state": "TRAILING", "path_source": "MPC_OT", "mpc_mode_echo": "avoid", "trail_targets_n": 0, "ot_age_ms": 56.0, "rc_age_ms": 56.0, "n_wpnts": 26}
5986224000000,{"sm_state": "TRAILING", "path_source": "MPC_OT", "mpc_mode_echo": "avoid", "trail_targets_n": 0, "ot_age_ms": 56.0, "rc_age_ms": 56.0, "n_wpnts": 26}
5986241000000,{"sm_state": "TRAILING", "path_source": "MPC_OT", "mpc_mode_echo": "avoid", "trail_targets_n": 0, "ot_age_ms": 22.0, "rc_age_ms": 22.0, "n_wpnts": 28}
5986241000000,{"sm_state": "TRAILING", "path_source": "MPC_OT", "mpc_mode_echo": "avoid", "trail_targets_n": 0, "ot_age_ms": 22.0, "rc_age_ms": 22.0, "n_wpnts": 28}
5986241000000,{"sm_state": "TRAILING", "path_source": "MPC_OT", "mpc_mode_echo": "avoid", "trail_targets_n": 0, "ot_age_ms": 22.0, "rc_age_ms": 22.0, "n_wpnts": 28}
5986264000000,{"sm_state": "TRAILING", "path_source": "MPC_OT", "mpc_mode_echo": "avoid", "trail_targets_n": 0, "ot_age_ms": 28.0, "rc_age_ms": 28.0, "n_wpnts": 27}
5986281000000,{"sm_state": "TRAILING", "path_source": "MPC_OT", "mpc_mode_echo": "avoid", "trail_targets_n": 0, "ot_age_ms": 17.0, "rc_age_ms": 17.0, "n_wpnts": 29}
5986281000000,{"sm_state": "TRAILING", "path_source": "MPC_OT", "mpc_mode_echo": "avoid", "trail_targets_n": 0, "ot_age_ms": 17.0, "rc_age_ms": 17.0, "n_wpnts": 29}
5986298000000,{"sm_state": "GB_TRACK", "path_source": "GB", "mpc_mode_echo": "avoid", "trail_targets_n": 0, "ot_age_ms": 34.0, "rc_age_ms": 34.0, "n_wpnts": 80}
5986315000000,{"sm_state": "GB_TRACK", "path_source": "GB", "mpc_mode_echo": "avoid", "trail_targets_n": 0, "ot_age_ms": 51.0, "rc_age_ms": 51.0, "n_wpnts": 80}
5986332000000,{"sm_state": "GB_TRACK", "path_source": "GB", "mpc_mode_echo": "avoid", "trail_targets_n": 0, "ot_age_ms": 17.0, "rc_age_ms": 17.0, "n_wpnts": 80}
5986332000000,{"sm_state": "GB_TRACK", "path_source": "GB", "mpc_mode_echo": "avoid", "trail_targets_n": 0, "ot_age_ms": 17.0, "rc_age_ms": 17.0, "n_wpnts": 80}
5986360000000,{"sm_state": "GB_TRACK", "path_source": "GB", "mpc_mode_echo": "avoid", "trail_targets_n": 0, "ot_age_ms": 28.0, "rc_age_ms": 28.0, "n_wpnts": 80}
5986360000000,{"sm_state": "GB_TRACK", "path_source": "GB", "mpc_mode_echo": "avoid", "trail_targets_n": 0, "ot_age_ms": 28.0, "rc_age_ms": 28.0, "n_wpnts": 80}
5986377000000,{"sm_state": "GB_TRACK", "path_source": "GB", "mpc_mode_echo": "avoid", "trail_targets_n": 0, "ot_age_ms": 45.0, "rc_age_ms": 45.0, "n_wpnts": 80}
5986394000000,{"sm_state": "GB_TRACK", "path_source": "GB", "mpc_mode_echo": "avoid", "trail_targets_n": 0, "ot_age_ms": 62.0, "rc_age_ms": 62.0, "n_wpnts": 80}
5986394000000,{"sm_state": "GB_TRACK", "path_source": "GB", "mpc_mode_echo": "avoid", "trail_targets_n": 0, "ot_age_ms": 34.0, "rc_age_ms": 34.0, "n_wpnts": 80}
5986411000000,{"sm_state": "GB_TRACK", "path_source": "GB", "mpc_mode_echo": "avoid", "trail_targets_n": 0, "ot_age_ms": 17.0, "rc_age_ms": 17.0, "n_wpnts": 80}
5986445000000,{"sm_state": "GB_TRACK", "path_source": "GB", "mpc_mode_echo": "avoid", "trail_targets_n": 0, "ot_age_ms": 51.0, "rc_age_ms": 51.0, "n_wpnts": 80}
5986445000000,{"sm_state": "GB_TRACK", "path_source": "GB", "mpc_mode_echo": "avoid", "trail_targets_n": 0, "ot_age_ms": 51.0, "rc_age_ms": 51.0, "n_wpnts": 80}
5986445000000,{"sm_state": "GB_TRACK", "path_source": "GB", "mpc_mode_echo": "avoid", "trail_targets_n": 0, "ot_age_ms": 51.0, "rc_age_ms": 51.0, "n_wpnts": 80}
5986462000000,{"sm_state": "GB_TRACK", "path_source": "GB", "mpc_mode_echo": "avoid", "trail_targets_n": 0, "ot_age_ms": 17.0, "rc_age_ms": 17.0, "n_wpnts": 80}
5986496000000,{"sm_state": "GB_TRACK", "path_source": "GB", "mpc_mode_echo": "avoid", "trail_targets_n": 0, "ot_age_ms": 34.0, "rc_age_ms": 34.0, "n_wpnts": 80}
5986496000000,{"sm_state": "GB_TRACK", "path_source": "GB", "mpc_mode_echo": "avoid", "trail_targets_n": 0, "ot_age_ms": 34.0, "rc_age_ms": 34.0, "n_wpnts": 80}
5986530000000,{"sm_state": "GB_TRACK", "path_source": "GB", "mpc_mode_echo": "avoid", "trail_targets_n": 0, "ot_age_ms": 34.0, "rc_age_ms": 34.0, "n_wpnts": 80}
5986547000000,{"sm_state": "GB_TRACK", "path_source": "GB", "mpc_mode_echo": "avoid", "trail_targets_n": 0, "ot_age_ms": 68.0, "rc_age_ms": 68.0, "n_wpnts": 80}
5986547000000,{"sm_state": "GB_TRACK", "path_source": "GB", "mpc_mode_echo": "avoid", "trail_targets_n": 0, "ot_age_ms": 85.0, "rc_age_ms": 85.0, "n_wpnts": 80}
5986547000000,{"sm_state": "GB_TRACK", "path_source": "GB", "mpc_mode_echo": "avoid", "trail_targets_n": 0, "ot_age_ms": 85.0, "rc_age_ms": 85.0, "n_wpnts": 80}
5986547000000,{"sm_state": "GB_TRACK", "path_source": "GB", "mpc_mode_echo": "avoid", "trail_targets_n": 0, "ot_age_ms": 85.0, "rc_age_ms": 85.0, "n_wpnts": 80}
5986564000000,{"sm_state": "GB_TRACK", "path_source": "GB", "mpc_mode_echo": "avoid", "trail_targets_n": 0, "ot_age_ms": 17.0, "rc_age_ms": 17.0, "n_wpnts": 80}
5986581000000,{"sm_state": "GB_TRACK", "path_source": "GB", "mpc_mode_echo": "avoid", "trail_targets_n": 0, "ot_age_ms": 17.0, "rc_age_ms": 17.0, "n_wpnts": 80}
5986581000000,{"sm_state": "GB_TRACK", "path_source": "GB", "mpc_mode_echo": "avoid", "trail_targets_n": 0, "ot_age_ms": 17.0, "rc_age_ms": 17.0, "n_wpnts": 80}
5986598000000,{"sm_state": "GB_TRACK", "path_source": "GB", "mpc_mode_echo": "avoid", "trail_targets_n": 0, "ot_age_ms": 34.0, "rc_age_ms": 34.0, "n_wpnts": 80}
5986632000000,{"sm_state": "GB_TRACK", "path_source": "GB", "mpc_mode_echo": "avoid", "trail_targets_n": 0, "ot_age_ms": 68.0, "rc_age_ms": 68.0, "n_wpnts": 80}
5986649000000,{"sm_state": "GB_TRACK", "path_source": "GB", "mpc_mode_echo": "avoid", "trail_targets_n": 0, "ot_age_ms": 68.0, "rc_age_ms": 68.0, "n_wpnts": 80}
5986649000000,{"sm_state": "GB_TRACK", "path_source": "GB", "mpc_mode_echo": "avoid", "trail_targets_n": 0, "ot_age_ms": 85.0, "rc_age_ms": 85.0, "n_wpnts": 80}
5986649000000,{"sm_state": "GB_TRACK", "path_source": "GB", "mpc_mode_echo": "avoid", "trail_targets_n": 0, "ot_age_ms": 85.0, "rc_age_ms": 85.0, "n_wpnts": 80}
5986669000000,{"sm_state": "GB_TRACK", "path_source": "GB", "mpc_mode_echo": "avoid", "trail_targets_n": 0, "ot_age_ms": 20.0, "rc_age_ms": 20.0, "n_wpnts": 80}
5986669000000,{"sm_state": "GB_TRACK", "path_source": "GB", "mpc_mode_echo": "avoid", "trail_targets_n": 0, "ot_age_ms": 20.0, "rc_age_ms": 20.0, "n_wpnts": 80}
5986669000000,{"sm_state": "GB_TRACK", "path_source": "GB", "mpc_mode_echo": "avoid", "trail_targets_n": 0, "ot_age_ms": 37.0, "rc_age_ms": 37.0, "n_wpnts": 80}
5986703000000,{"sm_state": "GB_TRACK", "path_source": "GB", "mpc_mode_echo": "avoid", "trail_targets_n": 0, "ot_age_ms": 54.0, "rc_age_ms": 54.0, "n_wpnts": 80}
5986720000000,{"sm_state": "GB_TRACK", "path_source": "GB", "mpc_mode_echo": "avoid", "trail_targets_n": 0, "ot_age_ms": 71.0, "rc_age_ms": 71.0, "n_wpnts": 80}
5986720000000,{"sm_state": "GB_TRACK", "path_source": "GB", "mpc_mode_echo": "avoid", "trail_targets_n": 0, "ot_age_ms": 71.0, "rc_age_ms": 71.0, "n_wpnts": 80}
5986737000000,{"sm_state": "GB_TRACK", "path_source": "GB", "mpc_mode_echo": "avoid", "trail_targets_n": 0, "ot_age_ms": 34.0, "rc_age_ms": 34.0, "n_wpnts": 80}
5986756000000,{"sm_state": "GB_TRACK", "path_source": "GB", "mpc_mode_echo": "avoid", "trail_targets_n": 0, "ot_age_ms": 36.0, "rc_age_ms": 36.0, "n_wpnts": 80}
5986756000000,{"sm_state": "GB_TRACK", "path_source": "GB", "mpc_mode_echo": "avoid", "trail_targets_n": 0, "ot_age_ms": 36.0, "rc_age_ms": 36.0, "n_wpnts": 80}
5986773000000,{"sm_state": "GB_TRACK", "path_source": "GB", "mpc_mode_echo": "avoid", "trail_targets_n": 0, "ot_age_ms": 17.0, "rc_age_ms": 17.0, "n_wpnts": 80}
5986790000000,{"sm_state": "GB_TRACK", "path_source": "GB", "mpc_mode_echo": "avoid", "trail_targets_n": 0, "ot_age_ms": 34.0, "rc_age_ms": 34.0, "n_wpnts": 80}
5986807000000,{"sm_state": "GB_TRACK", "path_source": "GB", "mpc_mode_echo": "avoid", "trail_targets_n": 0, "ot_age_ms": 51.0, "rc_age_ms": 51.0, "n_wpnts": 80}
5986824000000,{"sm_state": "GB_TRACK", "path_source": "GB", "mpc_mode_echo": "avoid", "trail_targets_n": 0, "ot_age_ms": 68.0, "rc_age_ms": 68.0, "n_wpnts": 80}
5986841000000,{"sm_state": "GB_TRACK", "path_source": "GB", "mpc_mode_echo": "avoid", "trail_targets_n": 0, "ot_age_ms": 85.0, "rc_age_ms": 85.0, "n_wpnts": 80}
5986841000000,{"sm_state": "GB_TRACK", "path_source": "GB", "mpc_mode_echo": "avoid", "trail_targets_n": 0, "ot_age_ms": 85.0, "rc_age_ms": 85.0, "n_wpnts": 80}
5986856000000,{"sm_state": "GB_TRACK", "path_source": "GB", "mpc_mode_echo": "avoid", "trail_targets_n": 0, "ot_age_ms": 49.0, "rc_age_ms": 49.0, "n_wpnts": 80}
5986856000000,{"sm_state": "GB_TRACK", "path_source": "GB", "mpc_mode_echo": "avoid", "trail_targets_n": 0, "ot_age_ms": 49.0, "rc_age_ms": 49.0, "n_wpnts": 80}
5986890000000,{"sm_state": "GB_TRACK", "path_source": "GB", "mpc_mode_echo": "avoid", "trail_targets_n": 0, "ot_age_ms": 32.0, "rc_age_ms": 32.0, "n_wpnts": 80}
5986890000000,{"sm_state": "GB_TRACK", "path_source": "GB", "mpc_mode_echo": "avoid", "trail_targets_n": 0, "ot_age_ms": 32.0, "rc_age_ms": 32.0, "n_wpnts": 80}
5986907000000,{"sm_state": "GB_TRACK", "path_source": "GB", "mpc_mode_echo": "avoid", "trail_targets_n": 0, "ot_age_ms": 49.0, "rc_age_ms": 49.0, "n_wpnts": 80}
5986907000000,{"sm_state": "GB_TRACK", "path_source": "GB", "mpc_mode_echo": "avoid", "trail_targets_n": 0, "ot_age_ms": 49.0, "rc_age_ms": 49.0, "n_wpnts": 80}
5986924000000,{"sm_state": "GB_TRACK", "path_source": "GB", "mpc_mode_echo": "avoid", "trail_targets_n": 0, "ot_age_ms": 32.0, "rc_age_ms": 32.0, "n_wpnts": 80}
5986941000000,{"sm_state": "GB_TRACK", "path_source": "GB", "mpc_mode_echo": "avoid", "trail_targets_n": 0, "ot_age_ms": 49.0, "rc_age_ms": 49.0, "n_wpnts": 80}
5986941000000,{"sm_state": "GB_TRACK", "path_source": "GB", "mpc_mode_echo": "avoid", "trail_targets_n": 0, "ot_age_ms": 49.0, "rc_age_ms": 49.0, "n_wpnts": 80}
5986958000000,{"sm_state": "GB_TRACK", "path_source": "GB", "mpc_mode_echo": "avoid", "trail_targets_n": 0, "ot_age_ms": 66.0, "rc_age_ms": 66.0, "n_wpnts": 80}
5986975000000,{"sm_state": "GB_TRACK", "path_source": "GB", "mpc_mode_echo": "avoid", "trail_targets_n": 0, "ot_age_ms": 32.0, "rc_age_ms": 32.0, "n_wpnts": 80}
5986992000000,{"sm_state": "GB_TRACK", "path_source": "GB", "mpc_mode_echo": "avoid", "trail_targets_n": 0, "ot_age_ms": 32.0, "rc_age_ms": 32.0, "n_wpnts": 80}
5986992000000,{"sm_state": "GB_TRACK", "path_source": "GB", "mpc_mode_echo": "avoid", "trail_targets_n": 0, "ot_age_ms": 32.0, "rc_age_ms": 32.0, "n_wpnts": 80}
5987009000000,{"sm_state": "GB_TRACK", "path_source": "GB", "mpc_mode_echo": "avoid", "trail_targets_n": 0, "ot_age_ms": 49.0, "rc_age_ms": 49.0, "n_wpnts": 80}
5987026000000,{"sm_state": "GB_TRACK", "path_source": "GB", "mpc_mode_echo": "avoid", "trail_targets_n": 0, "ot_age_ms": 32.0, "rc_age_ms": 32.0, "n_wpnts": 80}
5987043000000,{"sm_state": "GB_TRACK", "path_source": "GB", "mpc_mode_echo": "avoid", "trail_targets_n": 0, "ot_age_ms": 49.0, "rc_age_ms": 49.0, "n_wpnts": 80}
5987043000000,{"sm_state": "GB_TRACK", "path_source": "GB", "mpc_mode_echo": "avoid", "trail_targets_n": 0, "ot_age_ms": 49.0, "rc_age_ms": 49.0, "n_wpnts": 80}
5987063000000,{"sm_state": "GB_TRACK", "path_source": "GB", "mpc_mode_echo": "avoid", "trail_targets_n": 0, "ot_age_ms": 18.0, "rc_age_ms": 18.0, "n_wpnts": 80}
5987080000000,{"sm_state": "GB_TRACK", "path_source": "GB", "mpc_mode_echo": "avoid", "trail_targets_n": 0, "ot_age_ms": 35.0, "rc_age_ms": 35.0, "n_wpnts": 80}
5987080000000,{"sm_state": "GB_TRACK", "path_source": "GB", "mpc_mode_echo": "avoid", "trail_targets_n": 0, "ot_age_ms": 15.0, "rc_age_ms": 15.0, "n_wpnts": 80}
5987080000000,{"sm_state": "GB_TRACK", "path_source": "GB", "mpc_mode_echo": "avoid", "trail_targets_n": 0, "ot_age_ms": 32.0, "rc_age_ms": 32.0, "n_wpnts": 80}
5987114000000,{"sm_state": "GB_TRACK", "path_source": "GB", "mpc_mode_echo": "avoid", "trail_targets_n": 0, "ot_age_ms": 49.0, "rc_age_ms": 49.0, "n_wpnts": 80}
5987131000000,{"sm_state": "GB_TRACK", "path_source": "GB", "mpc_mode_echo": "avoid", "trail_targets_n": 0, "ot_age_ms": 32.0, "rc_age_ms": 32.0, "n_wpnts": 80}
5987148000000,{"sm_state": "GB_TRACK", "path_source": "GB", "mpc_mode_echo": "avoid", "trail_targets_n": 0, "ot_age_ms": 32.0, "rc_age_ms": 32.0, "n_wpnts": 80}
5987148000000,{"sm_state": "GB_TRACK", "path_source": "GB", "mpc_mode_echo": "avoid", "trail_targets_n": 0, "ot_age_ms": 49.0, "rc_age_ms": 49.0, "n_wpnts": 80}
5987165000000,{"sm_state": "GB_TRACK", "path_source": "GB", "mpc_mode_echo": "avoid", "trail_targets_n": 0, "ot_age_ms": 15.0, "rc_age_ms": 15.0, "n_wpnts": 80}
5987182000000,{"sm_state": "GB_TRACK", "path_source": "GB", "mpc_mode_echo": "avoid", "trail_targets_n": 0, "ot_age_ms": 32.0, "rc_age_ms": 32.0, "n_wpnts": 80}
5987199000000,{"sm_state": "GB_TRACK", "path_source": "GB", "mpc_mode_echo": "avoid", "trail_targets_n": 0, "ot_age_ms": 49.0, "rc_age_ms": 49.0, "n_wpnts": 80}
5987199000000,{"sm_state": "GB_TRACK", "path_source": "GB", "mpc_mode_echo": "avoid", "trail_targets_n": 0, "ot_age_ms": 49.0, "rc_age_ms": 49.0, "n_wpnts": 80}
5987233000000,{"sm_state": "GB_TRACK", "path_source": "GB", "mpc_mode_echo": "recover", "trail_targets_n": 0, "ot_age_ms": 49.0, "rc_age_ms": 49.0, "n_wpnts": 80}
5987233000000,{"sm_state": "GB_TRACK", "path_source": "GB", "mpc_mode_echo": "recover", "trail_targets_n": 0, "ot_age_ms": 49.0, "rc_age_ms": 49.0, "n_wpnts": 80}
5987250000000,{"sm_state": "GB_TRACK", "path_source": "GB", "mpc_mode_echo": "recover", "trail_targets_n": 0, "ot_age_ms": 66.0, "rc_age_ms": 66.0, "n_wpnts": 80}
5987250000000,{"sm_state": "GB_TRACK", "path_source": "GB", "mpc_mode_echo": "recover", "trail_targets_n": 0, "ot_age_ms": 66.0, "rc_age_ms": 66.0, "n_wpnts": 80}
5987267000000,{"sm_state": "GB_TRACK", "path_source": "GB", "mpc_mode_echo": "recover", "trail_targets_n": 0, "ot_age_ms": 15.0, "rc_age_ms": 15.0, "n_wpnts": 80}
5987267000000,{"sm_state": "GB_TRACK", "path_source": "GB", "mpc_mode_echo": "recover", "trail_targets_n": 0, "ot_age_ms": 15.0, "rc_age_ms": 15.0, "n_wpnts": 80}
5987284000000,{"sm_state": "GB_TRACK", "path_source": "GB", "mpc_mode_echo": "recover", "trail_targets_n": 0, "ot_age_ms": 32.0, "rc_age_ms": 32.0, "n_wpnts": 80}
5987335000000,{"sm_state": "GB_TRACK", "path_source": "GB", "mpc_mode_echo": "recover", "trail_targets_n": 0, "ot_age_ms": 49.0, "rc_age_ms": 49.0, "n_wpnts": 80}
5987335000000,{"sm_state": "GB_TRACK", "path_source": "GB", "mpc_mode_echo": "recover", "trail_targets_n": 0, "ot_age_ms": 83.0, "rc_age_ms": 83.0, "n_wpnts": 80}
5987335000000,{"sm_state": "GB_TRACK", "path_source": "GB", "mpc_mode_echo": "recover", "trail_targets_n": 0, "ot_age_ms": 83.0, "rc_age_ms": 83.0, "n_wpnts": 80}
5987335000000,{"sm_state": "GB_TRACK", "path_source": "GB", "mpc_mode_echo": "recover", "trail_targets_n": 0, "ot_age_ms": 83.0, "rc_age_ms": 83.0, "n_wpnts": 80}
5987352000000,{"sm_state": "GB_TRACK", "path_source": "GB", "mpc_mode_echo": "recover", "trail_targets_n": 0, "ot_age_ms": 66.0, "rc_age_ms": 66.0, "n_wpnts": 80}
5987369000000,{"sm_state": "GB_TRACK", "path_source": "GB", "mpc_mode_echo": "recover", "trail_targets_n": 0, "ot_age_ms": 49.0, "rc_age_ms": 49.0, "n_wpnts": 80}
5987369000000,{"sm_state": "GB_TRACK", "path_source": "GB", "mpc_mode_echo": "recover", "trail_targets_n": 0, "ot_age_ms": 49.0, "rc_age_ms": 49.0, "n_wpnts": 80}
5987386000000,{"sm_state": "GB_TRACK", "path_source": "GB", "mpc_mode_echo": "recover", "trail_targets_n": 0, "ot_age_ms": 15.0, "rc_age_ms": 15.0, "n_wpnts": 80}
5987403000000,{"sm_state": "GB_TRACK", "path_source": "GB", "mpc_mode_echo": "recover", "trail_targets_n": 0, "ot_age_ms": 15.0, "rc_age_ms": 15.0, "n_wpnts": 80}
5987420000000,{"sm_state": "GB_TRACK", "path_source": "GB", "mpc_mode_echo": "recover", "trail_targets_n": 0, "ot_age_ms": 32.0, "rc_age_ms": 32.0, "n_wpnts": 80}
5987420000000,{"sm_state": "GB_TRACK", "path_source": "GB", "mpc_mode_echo": "recover", "trail_targets_n": 0, "ot_age_ms": 32.0, "rc_age_ms": 32.0, "n_wpnts": 80}
5987437000000,{"sm_state": "GB_TRACK", "path_source": "GB", "mpc_mode_echo": "recover", "trail_targets_n": 0, "ot_age_ms": 49.0, "rc_age_ms": 49.0, "n_wpnts": 80}
5987454000000,{"sm_state": "GB_TRACK", "path_source": "GB", "mpc_mode_echo": "recover", "trail_targets_n": 0, "ot_age_ms": 32.0, "rc_age_ms": 32.0, "n_wpnts": 80}
5987454000000,{"sm_state": "GB_TRACK", "path_source": "GB", "mpc_mode_echo": "recover", "trail_targets_n": 0, "ot_age_ms": 32.0, "rc_age_ms": 32.0, "n_wpnts": 80}
5987488000000,{"sm_state": "GB_TRACK", "path_source": "GB", "mpc_mode_echo": "recover", "trail_targets_n": 0, "ot_age_ms": 32.0, "rc_age_ms": 32.0, "n_wpnts": 80}
5987522000000,{"sm_state": "GB_TRACK", "path_source": "GB", "mpc_mode_echo": "recover", "trail_targets_n": 0, "ot_age_ms": 32.0, "rc_age_ms": 32.0, "n_wpnts": 80}
5987539000000,{"sm_state": "GB_TRACK", "path_source": "GB", "mpc_mode_echo": "recover", "trail_targets_n": 0, "ot_age_ms": 66.0, "rc_age_ms": 66.0, "n_wpnts": 80}
5987539000000,{"sm_state": "GB_TRACK", "path_source": "GB", "mpc_mode_echo": "recover", "trail_targets_n": 0, "ot_age_ms": 83.0, "rc_age_ms": 83.0, "n_wpnts": 80}
5987539000000,{"sm_state": "GB_TRACK", "path_source": "GB", "mpc_mode_echo": "recover", "trail_targets_n": 0, "ot_age_ms": 83.0, "rc_age_ms": 83.0, "n_wpnts": 80}
5987539000000,{"sm_state": "GB_TRACK", "path_source": "GB", "mpc_mode_echo": "recover", "trail_targets_n": 0, "ot_age_ms": 49.0, "rc_age_ms": 49.0, "n_wpnts": 80}
5987556000000,{"sm_state": "GB_TRACK", "path_source": "GB", "mpc_mode_echo": "recover", "trail_targets_n": 0, "ot_age_ms": 66.0, "rc_age_ms": 66.0, "n_wpnts": 80}
5987556000000,{"sm_state": "GB_TRACK", "path_source": "GB", "mpc_mode_echo": "recover", "trail_targets_n": 0, "ot_age_ms": 66.0, "rc_age_ms": 66.0, "n_wpnts": 80}
5987573000000,{"sm_state": "GB_TRACK", "path_source": "GB", "mpc_mode_echo": "recover", "trail_targets_n": 0, "ot_age_ms": 15.0, "rc_age_ms": 15.0, "n_wpnts": 80}
5987607000000,{"sm_state": "GB_TRACK", "path_source": "GB", "mpc_mode_echo": "recover", "trail_targets_n": 0, "ot_age_ms": 49.0, "rc_age_ms": 49.0, "n_wpnts": 80}
5987624000000,{"sm_state": "GB_TRACK", "path_source": "GB", "mpc_mode_echo": "recover", "trail_targets_n": 0, "ot_age_ms": 66.0, "rc_age_ms": 66.0, "n_wpnts": 80}
5987624000000,{"sm_state": "GB_TRACK", "path_source": "GB", "mpc_mode_echo": "recover", "trail_targets_n": 0, "ot_age_ms": 66.0, "rc_age_ms": 66.0, "n_wpnts": 80}
5987641000000,{"sm_state": "GB_TRACK", "path_source": "GB", "mpc_mode_echo": "recover", "trail_targets_n": 0, "ot_age_ms": 83.0, "rc_age_ms": 83.0, "n_wpnts": 80}
5987661000000,{"sm_state": "TRAILING", "path_source": "GB", "mpc_mode_echo": "recover", "trail_targets_n": 1, "ot_age_ms": 83.0, "rc_age_ms": 83.0, "n_wpnts": 80}
5987661000000,{"sm_state": "TRAILING", "path_source": "GB", "mpc_mode_echo": "recover", "trail_targets_n": 1, "ot_age_ms": 52.0, "rc_age_ms": 52.0, "n_wpnts": 80}
5987661000000,{"sm_state": "TRAILING", "path_source": "GB", "mpc_mode_echo": "recover", "trail_targets_n": 1, "ot_age_ms": 52.0, "rc_age_ms": 52.0, "n_wpnts": 80}
5987678000000,{"sm_state": "TRAILING", "path_source": "GB", "mpc_mode_echo": "recover", "trail_targets_n": 1, "ot_age_ms": 69.0, "rc_age_ms": 69.0, "n_wpnts": 80}
5987712000000,{"sm_state": "TRAILING", "path_source": "GB", "mpc_mode_echo": "avoid", "trail_targets_n": 1, "ot_age_ms": 32.0, "rc_age_ms": 32.0, "n_wpnts": 80}
5987712000000,{"sm_state": "TRAILING", "path_source": "GB", "mpc_mode_echo": "avoid", "trail_targets_n": 1, "ot_age_ms": 49.0, "rc_age_ms": 49.0, "n_wpnts": 80}
5987712000000,{"sm_state": "TRAILING", "path_source": "GB", "mpc_mode_echo": "avoid", "trail_targets_n": 1, "ot_age_ms": 49.0, "rc_age_ms": 49.0, "n_wpnts": 80}
5987729000000,{"sm_state": "TRAILING", "path_source": "GB", "mpc_mode_echo": "avoid", "trail_targets_n": 1, "ot_age_ms": 66.0, "rc_age_ms": 66.0, "n_wpnts": 80}
5987729000000,{"sm_state": "TRAILING", "path_source": "GB", "mpc_mode_echo": "avoid", "trail_targets_n": 1, "ot_age_ms": 15.0, "rc_age_ms": 15.0, "n_wpnts": 80}
5987729000000,{"sm_state": "TRAILING", "path_source": "GB", "mpc_mode_echo": "avoid", "trail_targets_n": 1, "ot_age_ms": 32.0, "rc_age_ms": 32.0, "n_wpnts": 80}
5987765000000,{"sm_state": "TRAILING", "path_source": "GB", "mpc_mode_echo": "avoid", "trail_targets_n": 1, "ot_age_ms": 34.0, "rc_age_ms": 34.0, "n_wpnts": 80}
5987799000000,{"sm_state": "TRAILING", "path_source": "GB", "mpc_mode_echo": "avoid", "trail_targets_n": 1, "ot_age_ms": 32.0, "rc_age_ms": 32.0, "n_wpnts": 80}
5987799000000,{"sm_state": "TRAILING", "path_source": "GB", "mpc_mode_echo": "avoid", "trail_targets_n": 1, "ot_age_ms": 32.0, "rc_age_ms": 32.0, "n_wpnts": 80}
5987816000000,{"sm_state": "TRAILING", "path_source": "MPC_OT", "mpc_mode_echo": "avoid", "trail_targets_n": 0, "ot_age_ms": 32.0, "rc_age_ms": 32.0, "n_wpnts": 33}
5987833000000,{"sm_state": "TRAILING", "path_source": "MPC_OT", "mpc_mode_echo": "avoid", "trail_targets_n": 0, "ot_age_ms": 49.0, "rc_age_ms": 49.0, "n_wpnts": 33}
5987833000000,{"sm_state": "TRAILING", "path_source": "MPC_OT", "mpc_mode_echo": "avoid", "trail_targets_n": 0, "ot_age_ms": 49.0, "rc_age_ms": 49.0, "n_wpnts": 33}
5987833000000,{"sm_state": "TRAILING", "path_source": "MPC_OT", "mpc_mode_echo": "avoid", "trail_targets_n": 0, "ot_age_ms": 49.0, "rc_age_ms": 49.0, "n_wpnts": 33}
5987850000000,{"sm_state": "TRAILING", "path_source": "MPC_OT", "mpc_mode_echo": "avoid", "trail_targets_n": 0, "ot_age_ms": 15.0, "rc_age_ms": 15.0, "n_wpnts": 34}
5987867000000,{"sm_state": "TRAILING", "path_source": "MPC_OT", "mpc_mode_echo": "avoid", "trail_targets_n": 0, "ot_age_ms": 15.0, "rc_age_ms": 15.0, "n_wpnts": 35}
5987867000000,{"sm_state": "TRAILING", "path_source": "MPC_OT", "mpc_mode_echo": "avoid", "trail_targets_n": 0, "ot_age_ms": 15.0, "rc_age_ms": 15.0, "n_wpnts": 35}
5987884000000,{"sm_state": "TRAILING", "path_source": "MPC_OT", "mpc_mode_echo": "avoid", "trail_targets_n": 0, "ot_age_ms": 32.0, "rc_age_ms": 32.0, "n_wpnts": 35}
5987901000000,{"sm_state": "TRAILING", "path_source": "MPC_OT", "mpc_mode_echo": "avoid", "trail_targets_n": 0, "ot_age_ms": 49.0, "rc_age_ms": 49.0, "n_wpnts": 35}
5987935000000,{"sm_state": "TRAILING", "path_source": "MPC_OT", "mpc_mode_echo": "avoid", "trail_targets_n": 0, "ot_age_ms": 32.0, "rc_age_ms": 32.0, "n_wpnts": 35}
5987935000000,{"sm_state": "TRAILING", "path_source": "MPC_OT", "mpc_mode_echo": "avoid", "trail_targets_n": 0, "ot_age_ms": 49.0, "rc_age_ms": 49.0, "n_wpnts": 35}
5987935000000,{"sm_state": "TRAILING", "path_source": "MPC_OT", "mpc_mode_echo": "avoid", "trail_targets_n": 0, "ot_age_ms": -2.0, "rc_age_ms": -2.0, "n_wpnts": 35}
5987952000000,{"sm_state": "TRAILING", "path_source": "MPC_OT", "mpc_mode_echo": "avoid", "trail_targets_n": 0, "ot_age_ms": 15.0, "rc_age_ms": 15.0, "n_wpnts": 35}
5987969000000,{"sm_state": "TRAILING", "path_source": "MPC_OT", "mpc_mode_echo": "avoid", "trail_targets_n": 0, "ot_age_ms": 15.0, "rc_age_ms": 15.0, "n_wpnts": 35}
5987969000000,{"sm_state": "TRAILING", "path_source": "MPC_OT", "mpc_mode_echo": "avoid", "trail_targets_n": 0, "ot_age_ms": 15.0, "rc_age_ms": 15.0, "n_wpnts": 35}
5987986000000,{"sm_state": "TRAILING", "path_source": "MPC_OT", "mpc_mode_echo": "avoid", "trail_targets_n": 0, "ot_age_ms": 32.0, "rc_age_ms": 32.0, "n_wpnts": 35}
5988003000000,{"sm_state": "TRAILING", "path_source": "MPC_OT", "mpc_mode_echo": "avoid", "trail_targets_n": 0, "ot_age_ms": 49.0, "rc_age_ms": 49.0, "n_wpnts": 35}
5988037000000,{"sm_state": "TRAILING", "path_source": "MPC_OT", "mpc_mode_echo": "avoid", "trail_targets_n": 0, "ot_age_ms": 49.0, "rc_age_ms": 49.0, "n_wpnts": 33}
5988037000000,{"sm_state": "TRAILING", "path_source": "MPC_OT", "mpc_mode_echo": "avoid", "trail_targets_n": 0, "ot_age_ms": 49.0, "rc_age_ms": 49.0, "n_wpnts": 33}
5988037000000,{"sm_state": "TRAILING", "path_source": "MPC_OT", "mpc_mode_echo": "avoid", "trail_targets_n": 0, "ot_age_ms": 49.0, "rc_age_ms": 49.0, "n_wpnts": 33}
5988054000000,{"sm_state": "TRAILING", "path_source": "MPC_OT", "mpc_mode_echo": "avoid", "trail_targets_n": 0, "ot_age_ms": 66.0, "rc_age_ms": 66.0, "n_wpnts": 33}
5988054000000,{"sm_state": "TRAILING", "path_source": "MPC_OT", "mpc_mode_echo": "avoid", "trail_targets_n": 0, "ot_age_ms": 15.0, "rc_age_ms": 15.0, "n_wpnts": 33}
5988072000000,{"sm_state": "TRAILING", "path_source": "MPC_OT", "mpc_mode_echo": "avoid", "trail_targets_n": 0, "ot_age_ms": 33.0, "rc_age_ms": 33.0, "n_wpnts": 33}
5988089000000,{"sm_state": "TRAILING", "path_source": "MPC_OT", "mpc_mode_echo": "avoid", "trail_targets_n": 0, "ot_age_ms": 33.0, "rc_age_ms": 33.0, "n_wpnts": 31}
5988140000000,{"sm_state": "TRAILING", "path_source": "MPC_OT", "mpc_mode_echo": "avoid", "trail_targets_n": 0, "ot_age_ms": 49.0, "rc_age_ms": 49.0, "n_wpnts": 32}
5988140000000,{"sm_state": "TRAILING", "path_source": "MPC_OT", "mpc_mode_echo": "avoid", "trail_targets_n": 0, "ot_age_ms": 49.0, "rc_age_ms": 49.0, "n_wpnts": 32}
5988174000000,{"sm_state": "TRAILING", "path_source": "MPC_OT", "mpc_mode_echo": "avoid", "trail_targets_n": 0, "ot_age_ms": 32.0, "rc_age_ms": 32.0, "n_wpnts": 32}
5988174000000,{"sm_state": "TRAILING", "path_source": "MPC_OT", "mpc_mode_echo": "avoid", "trail_targets_n": 0, "ot_age_ms": 32.0, "rc_age_ms": 32.0, "n_wpnts": 32}
5988191000000,{"sm_state": "TRAILING", "path_source": "MPC_OT", "mpc_mode_echo": "avoid", "trail_targets_n": 0, "ot_age_ms": 49.0, "rc_age_ms": 49.0, "n_wpnts": 32}
5988191000000,{"sm_state": "TRAILING", "path_source": "MPC_OT", "mpc_mode_echo": "avoid", "trail_targets_n": 0, "ot_age_ms": 49.0, "rc_age_ms": 49.0, "n_wpnts": 32}
5988208000000,{"sm_state": "TRAILING", "path_source": "MPC_OT", "mpc_mode_echo": "avoid", "trail_targets_n": 0, "ot_age_ms": 49.0, "rc_age_ms": 49.0, "n_wpnts": 32}
5988208000000,{"sm_state": "TRAILING", "path_source": "MPC_OT", "mpc_mode_echo": "avoid", "trail_targets_n": 0, "ot_age_ms": 32.0, "rc_age_ms": 32.0, "n_wpnts": 32}
5988242000000,{"sm_state": "TRAILING", "path_source": "MPC_OT", "mpc_mode_echo": "avoid", "trail_targets_n": 0, "ot_age_ms": 49.0, "rc_age_ms": 49.0, "n_wpnts": 32}
5988242000000,{"sm_state": "TRAILING", "path_source": "MPC_OT", "mpc_mode_echo": "avoid", "trail_targets_n": 0, "ot_age_ms": 49.0, "rc_age_ms": 49.0, "n_wpnts": 32}
5988259000000,{"sm_state": "TRAILING", "path_source": "MPC_OT", "mpc_mode_echo": "avoid", "trail_targets_n": 0, "ot_age_ms": 32.0, "rc_age_ms": 32.0, "n_wpnts": 32}
5988276000000,{"sm_state": "TRAILING", "path_source": "MPC_OT", "mpc_mode_echo": "avoid", "trail_targets_n": 0, "ot_age_ms": 49.0, "rc_age_ms": 49.0, "n_wpnts": 32}
5988293000000,{"sm_state": "TRAILING", "path_source": "MPC_OT", "mpc_mode_echo": "avoid", "trail_targets_n": 0, "ot_age_ms": 32.0, "rc_age_ms": 32.0, "n_wpnts": 32}
5988293000000,{"sm_state": "TRAILING", "path_source": "MPC_OT", "mpc_mode_echo": "avoid", "trail_targets_n": 0, "ot_age_ms": 32.0, "rc_age_ms": 32.0, "n_wpnts": 32}
5988327000000,{"sm_state": "TRAILING", "path_source": "MPC_OT", "mpc_mode_echo": "avoid", "trail_targets_n": 0, "ot_age_ms": 15.0, "rc_age_ms": 15.0, "n_wpnts": 33}
5988327000000,{"sm_state": "TRAILING", "path_source": "MPC_OT", "mpc_mode_echo": "avoid", "trail_targets_n": 0, "ot_age_ms": 32.0, "rc_age_ms": 32.0, "n_wpnts": 33}
5988344000000,{"sm_state": "TRAILING", "path_source": "MPC_OT", "mpc_mode_echo": "avoid", "trail_targets_n": 0, "ot_age_ms": 15.0, "rc_age_ms": 15.0, "n_wpnts": 32}
5988344000000,{"sm_state": "TRAILING", "path_source": "MPC_OT", "mpc_mode_echo": "avoid", "trail_targets_n": 0, "ot_age_ms": 15.0, "rc_age_ms": 15.0, "n_wpnts": 32}
5988355000000,{"sm_state": "TRAILING", "path_source": "MPC_OT", "mpc_mode_echo": "avoid", "trail_targets_n": 0, "ot_age_ms": 26.0, "rc_age_ms": 26.0, "n_wpnts": 32}
5988374000000,{"sm_state": "TRAILING", "path_source": "MPC_OT", "mpc_mode_echo": "avoid", "trail_targets_n": 0, "ot_age_ms": 19.0, "rc_age_ms": 19.0, "n_wpnts": 32}
5988391000000,{"sm_state": "TRAILING", "path_source": "MPC_OT", "mpc_mode_echo": "avoid", "trail_targets_n": 0, "ot_age_ms": 36.0, "rc_age_ms": 36.0, "n_wpnts": 32}
5988391000000,{"sm_state": "TRAILING", "path_source": "MPC_OT", "mpc_mode_echo": "avoid", "trail_targets_n": 0, "ot_age_ms": 36.0, "rc_age_ms": 36.0, "n_wpnts": 32}
5988408000000,{"sm_state": "TRAILING", "path_source": "MPC_OT", "mpc_mode_echo": "avoid", "trail_targets_n": 0, "ot_age_ms": 53.0, "rc_age_ms": 53.0, "n_wpnts": 32}
5988425000000,{"sm_state": "TRAILING", "path_source": "MPC_OT", "mpc_mode_echo": "avoid", "trail_targets_n": 0, "ot_age_ms": 34.0, "rc_age_ms": 34.0, "n_wpnts": 33}
5988442000000,{"sm_state": "TRAILING", "path_source": "MPC_OT", "mpc_mode_echo": "avoid", "trail_targets_n": 0, "ot_age_ms": 51.0, "rc_age_ms": 51.0, "n_wpnts": 33}
5988442000000,{"sm_state": "TRAILING", "path_source": "MPC_OT", "mpc_mode_echo": "avoid", "trail_targets_n": 0, "ot_age_ms": 51.0, "rc_age_ms": 51.0, "n_wpnts": 33}
5988459000000,{"sm_state": "TRAILING", "path_source": "MPC_OT", "mpc_mode_echo": "avoid", "trail_targets_n": 0, "ot_age_ms": 34.0, "rc_age_ms": 34.0, "n_wpnts": 33}
5988476000000,{"sm_state": "TRAILING", "path_source": "MPC_OT", "mpc_mode_echo": "avoid", "trail_targets_n": 0, "ot_age_ms": 17.0, "rc_age_ms": 17.0, "n_wpnts": 33}
5988493000000,{"sm_state": "TRAILING", "path_source": "MPC_OT", "mpc_mode_echo": "avoid", "trail_targets_n": 0, "ot_age_ms": 34.0, "rc_age_ms": 34.0, "n_wpnts": 33}
5988493000000,{"sm_state": "TRAILING", "path_source": "MPC_OT", "mpc_mode_echo": "avoid", "trail_targets_n": 0, "ot_age_ms": 34.0, "rc_age_ms": 34.0, "n_wpnts": 33}
5988527000000,{"sm_state": "TRAILING", "path_source": "MPC_OT", "mpc_mode_echo": "avoid", "trail_targets_n": 0, "ot_age_ms": 34.0, "rc_age_ms": 34.0, "n_wpnts": 33}
5988527000000,{"sm_state": "TRAILING", "path_source": "MPC_OT", "mpc_mode_echo": "avoid", "trail_targets_n": 0, "ot_age_ms": 34.0, "rc_age_ms": 34.0, "n_wpnts": 33}
5988544000000,{"sm_state": "TRAILING", "path_source": "MPC_OT", "mpc_mode_echo": "avoid", "trail_targets_n": 0, "ot_age_ms": 51.0, "rc_age_ms": 51.0, "n_wpnts": 33}
5988544000000,{"sm_state": "TRAILING", "path_source": "MPC_OT", "mpc_mode_echo": "avoid", "trail_targets_n": 0, "ot_age_ms": 51.0, "rc_age_ms": 51.0, "n_wpnts": 33}
5988567000000,{"sm_state": "TRAILING", "path_source": "MPC_OT", "mpc_mode_echo": "avoid", "trail_targets_n": 0, "ot_age_ms": 40.0, "rc_age_ms": 40.0, "n_wpnts": 34}
5988567000000,{"sm_state": "TRAILING", "path_source": "MPC_OT", "mpc_mode_echo": "avoid", "trail_targets_n": 0, "ot_age_ms": 40.0, "rc_age_ms": 40.0, "n_wpnts": 34}
5988584000000,{"sm_state": "TRAILING", "path_source": "MPC_OT", "mpc_mode_echo": "avoid", "trail_targets_n": 0, "ot_age_ms": 57.0, "rc_age_ms": 57.0, "n_wpnts": 34}
5988601000000,{"sm_state": "TRAILING", "path_source": "MPC_OT", "mpc_mode_echo": "avoid", "trail_targets_n": 0, "ot_age_ms": 17.0, "rc_age_ms": 17.0, "n_wpnts": 33}
5988618000000,{"sm_state": "TRAILING", "path_source": "MPC_OT", "mpc_mode_echo": "avoid", "trail_targets_n": 0, "ot_age_ms": 34.0, "rc_age_ms": 34.0, "n_wpnts": 33}
5988618000000,{"sm_state": "TRAILING", "path_source": "MPC_OT", "mpc_mode_echo": "avoid", "trail_targets_n": 0, "ot_age_ms": 34.0, "rc_age_ms": 34.0, "n_wpnts": 33}
5988635000000,{"sm_state": "TRAILING", "path_source": "MPC_OT", "mpc_mode_echo": "avoid", "trail_targets_n": 0, "ot_age_ms": 34.0, "rc_age_ms": 34.0, "n_wpnts": 33}
5988652000000,{"sm_state": "TRAILING", "path_source": "MPC_OT", "mpc_mode_echo": "avoid", "trail_targets_n": 0, "ot_age_ms": 51.0, "rc_age_ms": 51.0, "n_wpnts": 33}
5988669000000,{"sm_state": "TRAILING", "path_source": "MPC_OT", "mpc_mode_echo": "avoid", "trail_targets_n": 0, "ot_age_ms": 17.0, "rc_age_ms": 17.0, "n_wpnts": 34}
5988669000000,{"sm_state": "TRAILING", "path_source": "MPC_OT", "mpc_mode_echo": "avoid", "trail_targets_n": 0, "ot_age_ms": 17.0, "rc_age_ms": 17.0, "n_wpnts": 34}
5988686000000,{"sm_state": "TRAILING", "path_source": "MPC_OT", "mpc_mode_echo": "avoid", "trail_targets_n": 0, "ot_age_ms": 34.0, "rc_age_ms": 34.0, "n_wpnts": 34}
5988720000000,{"sm_state": "TRAILING", "path_source": "MPC_OT", "mpc_mode_echo": "avoid", "trail_targets_n": 0, "ot_age_ms": 68.0, "rc_age_ms": 68.0, "n_wpnts": 34}
5988720000000,{"sm_state": "TRAILING", "path_source": "MPC_OT", "mpc_mode_echo": "avoid", "trail_targets_n": 0, "ot_age_ms": 68.0, "rc_age_ms": 68.0, "n_wpnts": 34}
5988737000000,{"sm_state": "TRAILING", "path_source": "MPC_OT", "mpc_mode_echo": "avoid", "trail_targets_n": 0, "ot_age_ms": 34.0, "rc_age_ms": 34.0, "n_wpnts": 35}
5988737000000,{"sm_state": "TRAILING", "path_source": "MPC_OT", "mpc_mode_echo": "avoid", "trail_targets_n": 0, "ot_age_ms": 51.0, "rc_age_ms": 51.0, "n_wpnts": 35}
5988754000000,{"sm_state": "TRAILING", "path_source": "MPC_OT", "mpc_mode_echo": "avoid", "trail_targets_n": 0, "ot_age_ms": 34.0, "rc_age_ms": 34.0, "n_wpnts": 34}
5988754000000,{"sm_state": "TRAILING", "path_source": "MPC_OT", "mpc_mode_echo": "avoid", "trail_targets_n": 0, "ot_age_ms": 34.0, "rc_age_ms": 34.0, "n_wpnts": 34}
5988788000000,{"sm_state": "TRAILING", "path_source": "MPC_OT", "mpc_mode_echo": "avoid", "trail_targets_n": 0, "ot_age_ms": 34.0, "rc_age_ms": 34.0, "n_wpnts": 35}
5988788000000,{"sm_state": "TRAILING", "path_source": "MPC_OT", "mpc_mode_echo": "avoid", "trail_targets_n": 0, "ot_age_ms": 34.0, "rc_age_ms": 34.0, "n_wpnts": 35}
5988822000000,{"sm_state": "TRAILING", "path_source": "MPC_OT", "mpc_mode_echo": "avoid", "trail_targets_n": 0, "ot_age_ms": 34.0, "rc_age_ms": 34.0, "n_wpnts": 36}
5988822000000,{"sm_state": "TRAILING", "path_source": "MPC_OT", "mpc_mode_echo": "avoid", "trail_targets_n": 0, "ot_age_ms": 34.0, "rc_age_ms": 34.0, "n_wpnts": 36}
5988822000000,{"sm_state": "TRAILING", "path_source": "MPC_OT", "mpc_mode_echo": "avoid", "trail_targets_n": 0, "ot_age_ms": 34.0, "rc_age_ms": 34.0, "n_wpnts": 36}
5988839000000,{"sm_state": "TRAILING", "path_source": "MPC_OT", "mpc_mode_echo": "avoid", "trail_targets_n": 0, "ot_age_ms": 17.0, "rc_age_ms": 17.0, "n_wpnts": 35}
5988856000000,{"sm_state": "TRAILING", "path_source": "MPC_OT", "mpc_mode_echo": "avoid", "trail_targets_n": 0, "ot_age_ms": 34.0, "rc_age_ms": 34.0, "n_wpnts": 35}
5988856000000,{"sm_state": "TRAILING", "path_source": "MPC_OT", "mpc_mode_echo": "avoid", "trail_targets_n": 0, "ot_age_ms": 34.0, "rc_age_ms": 34.0, "n_wpnts": 35}
5988873000000,{"sm_state": "TRAILING", "path_source": "MPC_OT", "mpc_mode_echo": "avoid", "trail_targets_n": 0, "ot_age_ms": 17.0, "rc_age_ms": 17.0, "n_wpnts": 38}
5988907000000,{"sm_state": "TRAILING", "path_source": "MPC_OT", "mpc_mode_echo": "avoid", "trail_targets_n": 0, "ot_age_ms": 51.0, "rc_age_ms": 51.0, "n_wpnts": 36}
5988907000000,{"sm_state": "TRAILING", "path_source": "MPC_OT", "mpc_mode_echo": "avoid", "trail_targets_n": 0, "ot_age_ms": 51.0, "rc_age_ms": 51.0, "n_wpnts": 36}
5988907000000,{"sm_state": "TRAILING", "path_source": "MPC_OT", "mpc_mode_echo": "avoid", "trail_targets_n": 0, "ot_age_ms": 51.0, "rc_age_ms": 51.0, "n_wpnts": 36}
5988941000000,{"sm_state": "TRAILING", "path_source": "MPC_OT", "mpc_mode_echo": "avoid", "trail_targets_n": 0, "ot_age_ms": 17.0, "rc_age_ms": 17.0, "n_wpnts": 39}
5988941000000,{"sm_state": "TRAILING", "path_source": "MPC_OT", "mpc_mode_echo": "avoid", "trail_targets_n": 0, "ot_age_ms": 17.0, "rc_age_ms": 17.0, "n_wpnts": 38}
5988941000000,{"sm_state": "TRAILING", "path_source": "MPC_OT", "mpc_mode_echo": "avoid", "trail_targets_n": 0, "ot_age_ms": 17.0, "rc_age_ms": 17.0, "n_wpnts": 38}
5988958000000,{"sm_state": "TRAILING", "path_source": "MPC_OT", "mpc_mode_echo": "avoid", "trail_targets_n": 0, "ot_age_ms": 34.0, "rc_age_ms": 34.0, "n_wpnts": 38}
5988992000000,{"sm_state": "TRAILING", "path_source": "MPC_OT", "mpc_mode_echo": "avoid", "trail_targets_n": 0, "ot_age_ms": 34.0, "rc_age_ms": 34.0, "n_wpnts": 39}
5988992000000,{"sm_state": "TRAILING", "path_source": "MPC_OT", "mpc_mode_echo": "avoid", "trail_targets_n": 0, "ot_age_ms": 34.0, "rc_age_ms": 34.0, "n_wpnts": 39}
5988992000000,{"sm_state": "TRAILING", "path_source": "MPC_OT", "mpc_mode_echo": "avoid", "trail_targets_n": 0, "ot_age_ms": 34.0, "rc_age_ms": 34.0, "n_wpnts": 39}
5989009000000,{"sm_state": "TRAILING", "path_source": "MPC_OT", "mpc_mode_echo": "avoid", "trail_targets_n": 0, "ot_age_ms": 51.0, "rc_age_ms": 51.0, "n_wpnts": 39}
5989026000000,{"sm_state": "TRAILING", "path_source": "MPC_OT", "mpc_mode_echo": "avoid", "trail_targets_n": 0, "ot_age_ms": 17.0, "rc_age_ms": 17.0, "n_wpnts": 38}
5989043000000,{"sm_state": "TRAILING", "path_source": "MPC_OT", "mpc_mode_echo": "avoid", "trail_targets_n": 0, "ot_age_ms": 34.0, "rc_age_ms": 34.0, "n_wpnts": 37}
5989043000000,{"sm_state": "TRAILING", "path_source": "MPC_OT", "mpc_mode_echo": "avoid", "trail_targets_n": 0, "ot_age_ms": 34.0, "rc_age_ms": 34.0, "n_wpnts": 37}
5989060000000,{"sm_state": "TRAILING", "path_source": "MPC_OT", "mpc_mode_echo": "avoid", "trail_targets_n": 0, "ot_age_ms": 34.0, "rc_age_ms": 34.0, "n_wpnts": 38}
5989077000000,{"sm_state": "TRAILING", "path_source": "MPC_OT", "mpc_mode_echo": "avoid", "trail_targets_n": 0, "ot_age_ms": 17.0, "rc_age_ms": 17.0, "n_wpnts": 39}
5989094000000,{"sm_state": "TRAILING", "path_source": "MPC_OT", "mpc_mode_echo": "avoid", "trail_targets_n": 0, "ot_age_ms": 34.0, "rc_age_ms": 34.0, "n_wpnts": 38}
5989094000000,{"sm_state": "TRAILING", "path_source": "MPC_OT", "mpc_mode_echo": "avoid", "trail_targets_n": 0, "ot_age_ms": 34.0, "rc_age_ms": 34.0, "n_wpnts": 38}
5989111000000,{"sm_state": "TRAILING", "path_source": "MPC_OT", "mpc_mode_echo": "avoid", "trail_targets_n": 0, "ot_age_ms": 51.0, "rc_age_ms": 51.0, "n_wpnts": 38}
5989128000000,{"sm_state": "TRAILING", "path_source": "MPC_OT", "mpc_mode_echo": "avoid", "trail_targets_n": 0, "ot_age_ms": 68.0, "rc_age_ms": 68.0, "n_wpnts": 38}
5989145000000,{"sm_state": "TRAILING", "path_source": "MPC_OT", "mpc_mode_echo": "avoid", "trail_targets_n": 0, "ot_age_ms": 34.0, "rc_age_ms": 34.0, "n_wpnts": 39}
5989145000000,{"sm_state": "TRAILING", "path_source": "MPC_OT", "mpc_mode_echo": "avoid", "trail_targets_n": 0, "ot_age_ms": 51.0, "rc_age_ms": 51.0, "n_wpnts": 39}
5989169000000,{"sm_state": "TRAILING", "path_source": "MPC_OT", "mpc_mode_echo": "avoid", "trail_targets_n": 0, "ot_age_ms": 24.0, "rc_age_ms": 24.0, "n_wpnts": 39}
5989169000000,{"sm_state": "TRAILING", "path_source": "MPC_OT", "mpc_mode_echo": "avoid", "trail_targets_n": 0, "ot_age_ms": 24.0, "rc_age_ms": 24.0, "n_wpnts": 39}
5989203000000,{"sm_state": "TRAILING", "path_source": "MPC_OT", "mpc_mode_echo": "avoid", "trail_targets_n": 0, "ot_age_ms": 34.0, "rc_age_ms": 34.0, "n_wpnts": 40}
5989203000000,{"sm_state": "TRAILING", "path_source": "MPC_OT", "mpc_mode_echo": "avoid", "trail_targets_n": 0, "ot_age_ms": 34.0, "rc_age_ms": 34.0, "n_wpnts": 39}
5989220000000,{"sm_state": "TRAILING", "path_source": "MPC_OT", "mpc_mode_echo": "avoid", "trail_targets_n": 0, "ot_age_ms": 34.0, "rc_age_ms": 34.0, "n_wpnts": 39}
5989220000000,{"sm_state": "TRAILING", "path_source": "MPC_OT", "mpc_mode_echo": "avoid", "trail_targets_n": 0, "ot_age_ms": 51.0, "rc_age_ms": 51.0, "n_wpnts": 39}
5989237000000,{"sm_state": "TRAILING", "path_source": "MPC_OT", "mpc_mode_echo": "avoid", "trail_targets_n": 0, "ot_age_ms": 17.0, "rc_age_ms": 17.0, "n_wpnts": 41}
5989254000000,{"sm_state": "TRAILING", "path_source": "MPC_OT", "mpc_mode_echo": "avoid", "trail_targets_n": 0, "ot_age_ms": 34.0, "rc_age_ms": 34.0, "n_wpnts": 41}
5989254000000,{"sm_state": "TRAILING", "path_source": "MPC_OT", "mpc_mode_echo": "avoid", "trail_targets_n": 0, "ot_age_ms": 34.0, "rc_age_ms": 34.0, "n_wpnts": 41}
5989271000000,{"sm_state": "TRAILING", "path_source": "MPC_OT", "mpc_mode_echo": "avoid", "trail_targets_n": 0, "ot_age_ms": 17.0, "rc_age_ms": 17.0, "n_wpnts": 42}
5989288000000,{"sm_state": "TRAILING", "path_source": "MPC_OT", "mpc_mode_echo": "avoid", "trail_targets_n": 0, "ot_age_ms": 34.0, "rc_age_ms": 34.0, "n_wpnts": 41}
5989305000000,{"sm_state": "TRAILING", "path_source": "MPC_OT", "mpc_mode_echo": "avoid", "trail_targets_n": 0, "ot_age_ms": 51.0, "rc_age_ms": 51.0, "n_wpnts": 41}
5989339000000,{"sm_state": "TRAILING", "path_source": "MPC_OT", "mpc_mode_echo": "avoid", "trail_targets_n": 0, "ot_age_ms": 51.0, "rc_age_ms": 51.0, "n_wpnts": 40}
5989339000000,{"sm_state": "TRAILING", "path_source": "MPC_OT", "mpc_mode_echo": "avoid", "trail_targets_n": 0, "ot_age_ms": 85.0, "rc_age_ms": 85.0, "n_wpnts": 40}
5989339000000,{"sm_state": "TRAILING", "path_source": "MPC_OT", "mpc_mode_echo": "avoid", "trail_targets_n": 0, "ot_age_ms": 51.0, "rc_age_ms": 51.0, "n_wpnts": 40}
5989352000000,{"sm_state": "TRAILING", "path_source": "MPC_OT", "mpc_mode_echo": "avoid", "trail_targets_n": 0, "ot_age_ms": 13.0, "rc_age_ms": 13.0, "n_wpnts": 40}
5989386000000,{"sm_state": "TRAILING", "path_source": "MPC_OT", "mpc_mode_echo": "avoid", "trail_targets_n": 0, "ot_age_ms": 34.0, "rc_age_ms": 34.0, "n_wpnts": 40}
5989386000000,{"sm_state": "TRAILING", "path_source": "MPC_OT", "mpc_mode_echo": "avoid", "trail_targets_n": 0, "ot_age_ms": 34.0, "rc_age_ms": 34.0, "n_wpnts": 40}
5989386000000,{"sm_state": "TRAILING", "path_source": "MPC_OT", "mpc_mode_echo": "avoid", "trail_targets_n": 0, "ot_age_ms": 34.0, "rc_age_ms": 34.0, "n_wpnts": 40}
5989403000000,{"sm_state": "TRAILING", "path_source": "MPC_OT", "mpc_mode_echo": "avoid", "trail_targets_n": 0, "ot_age_ms": 17.0, "rc_age_ms": 17.0, "n_wpnts": 41}
5989403000000,{"sm_state": "TRAILING", "path_source": "MPC_OT", "mpc_mode_echo": "avoid", "trail_targets_n": 0, "ot_age_ms": 17.0, "rc_age_ms": 17.0, "n_wpnts": 41}
5989437000000,{"sm_state": "TRAILING", "path_source": "MPC_OT", "mpc_mode_echo": "avoid", "trail_targets_n": 0, "ot_age_ms": 51.0, "rc_age_ms": 51.0, "n_wpnts": 41}
5989437000000,{"sm_state": "TRAILING", "path_source": "MPC_OT", "mpc_mode_echo": "avoid", "trail_targets_n": 0, "ot_age_ms": 51.0, "rc_age_ms": 51.0, "n_wpnts": 40}
5989454000000,{"sm_state": "TRAILING", "path_source": "MPC_OT", "mpc_mode_echo": "avoid", "trail_targets_n": 0, "ot_age_ms": 17.0, "rc_age_ms": 17.0, "n_wpnts": 40}
5989454000000,{"sm_state": "TRAILING", "path_source": "MPC_OT", "mpc_mode_echo": "avoid", "trail_targets_n": 0, "ot_age_ms": 17.0, "rc_age_ms": 17.0, "n_wpnts": 40}
5989473000000,{"sm_state": "TRAILING", "path_source": "MPC_OT", "mpc_mode_echo": "avoid", "trail_targets_n": 0, "ot_age_ms": 19.0, "rc_age_ms": 19.0, "n_wpnts": 41}
5989524000000,{"sm_state": "TRAILING", "path_source": "MPC_OT", "mpc_mode_echo": "avoid", "trail_targets_n": 0, "ot_age_ms": 70.0, "rc_age_ms": 70.0, "n_wpnts": 40}
5989524000000,{"sm_state": "TRAILING", "path_source": "MPC_OT", "mpc_mode_echo": "avoid", "trail_targets_n": 0, "ot_age_ms": 70.0, "rc_age_ms": 70.0, "n_wpnts": 40}
5989541000000,{"sm_state": "TRAILING", "path_source": "MPC_OT", "mpc_mode_echo": "avoid", "trail_targets_n": 0, "ot_age_ms": 87.0, "rc_age_ms": 87.0, "n_wpnts": 39}
5989558000000,{"sm_state": "TRAILING", "path_source": "MPC_OT", "mpc_mode_echo": "avoid", "trail_targets_n": 0, "ot_age_ms": 17.0, "rc_age_ms": 17.0, "n_wpnts": 42}
5989577000000,{"sm_state": "TRAILING", "path_source": "MPC_OT", "mpc_mode_echo": "avoid", "trail_targets_n": 0, "ot_age_ms": 19.0, "rc_age_ms": 19.0, "n_wpnts": 43}
5989577000000,{"sm_state": "TRAILING", "path_source": "MPC_OT", "mpc_mode_echo": "avoid", "trail_targets_n": 0, "ot_age_ms": 19.0, "rc_age_ms": 19.0, "n_wpnts": 43}
5989594000000,{"sm_state": "TRAILING", "path_source": "MPC_OT", "mpc_mode_echo": "avoid", "trail_targets_n": 0, "ot_age_ms": 36.0, "rc_age_ms": 36.0, "n_wpnts": 43}
5989594000000,{"sm_state": "TRAILING", "path_source": "MPC_OT", "mpc_mode_echo": "avoid", "trail_targets_n": 0, "ot_age_ms": 53.0, "rc_age_ms": 53.0, "n_wpnts": 43}
5989628000000,{"sm_state": "TRAILING", "path_source": "MPC_OT", "mpc_mode_echo": "avoid", "trail_targets_n": 0, "ot_age_ms": 70.0, "rc_age_ms": 70.0, "n_wpnts": 43}
5989645000000,{"sm_state": "TRAILING", "path_source": "MPC_OT", "mpc_mode_echo": "avoid", "trail_targets_n": 0, "ot_age_ms": 87.0, "rc_age_ms": 87.0, "n_wpnts": 43}
5989645000000,{"sm_state": "TRAILING", "path_source": "MPC_OT", "mpc_mode_echo": "avoid", "trail_targets_n": 0, "ot_age_ms": 87.0, "rc_age_ms": 87.0, "n_wpnts": 43}
5989662000000,{"sm_state": "TRAILING", "path_source": "MPC_OT", "mpc_mode_echo": "avoid", "trail_targets_n": 0, "ot_age_ms": 17.0, "rc_age_ms": 17.0, "n_wpnts": 42}
5989662000000,{"sm_state": "TRAILING", "path_source": "MPC_OT", "mpc_mode_echo": "avoid", "trail_targets_n": 0, "ot_age_ms": 17.0, "rc_age_ms": 17.0, "n_wpnts": 42}
5989679000000,{"sm_state": "TRAILING", "path_source": "MPC_OT", "mpc_mode_echo": "avoid", "trail_targets_n": 0, "ot_age_ms": 34.0, "rc_age_ms": 34.0, "n_wpnts": 42}
5989696000000,{"sm_state": "TRAILING", "path_source": "MPC_OT", "mpc_mode_echo": "avoid", "trail_targets_n": 0, "ot_age_ms": 34.0, "rc_age_ms": 34.0, "n_wpnts": 43}
5989713000000,{"sm_state": "TRAILING", "path_source": "MPC_OT", "mpc_mode_echo": "avoid", "trail_targets_n": 0, "ot_age_ms": 17.0, "rc_age_ms": 17.0, "n_wpnts": 44}
5989713000000,{"sm_state": "TRAILING", "path_source": "MPC_OT", "mpc_mode_echo": "avoid", "trail_targets_n": 0, "ot_age_ms": 17.0, "rc_age_ms": 17.0, "n_wpnts": 44}
5989730000000,{"sm_state": "TRAILING", "path_source": "MPC_OT", "mpc_mode_echo": "avoid", "trail_targets_n": 0, "ot_age_ms": 34.0, "rc_age_ms": 34.0, "n_wpnts": 43}
5989747000000,{"sm_state": "TRAILING", "path_source": "MPC_OT", "mpc_mode_echo": "avoid", "trail_targets_n": 0, "ot_age_ms": 51.0, "rc_age_ms": 51.0, "n_wpnts": 43}
5989764000000,{"sm_state": "TRAILING", "path_source": "MPC_OT", "mpc_mode_echo": "avoid", "trail_targets_n": 0, "ot_age_ms": 17.0, "rc_age_ms": 17.0, "n_wpnts": 45}
5989764000000,{"sm_state": "TRAILING", "path_source": "MPC_OT", "mpc_mode_echo": "avoid", "trail_targets_n": 0, "ot_age_ms": 17.0, "rc_age_ms": 17.0, "n_wpnts": 45}
5989781000000,{"sm_state": "TRAILING", "path_source": "MPC_OT", "mpc_mode_echo": "avoid", "trail_targets_n": 0, "ot_age_ms": 34.0, "rc_age_ms": 34.0, "n_wpnts": 44}
5989798000000,{"sm_state": "TRAILING", "path_source": "MPC_OT", "mpc_mode_echo": "avoid", "trail_targets_n": 0, "ot_age_ms": 17.0, "rc_age_ms": 17.0, "n_wpnts": 44}
5989832000000,{"sm_state": "TRAILING", "path_source": "MPC_OT", "mpc_mode_echo": "avoid", "trail_targets_n": 0, "ot_age_ms": 34.0, "rc_age_ms": 34.0, "n_wpnts": 44}
5989866000000,{"sm_state": "TRAILING", "path_source": "MPC_OT", "mpc_mode_echo": "avoid", "trail_targets_n": 0, "ot_age_ms": 68.0, "rc_age_ms": 68.0, "n_wpnts": 42}
5989866000000,{"sm_state": "TRAILING", "path_source": "MPC_OT", "mpc_mode_echo": "avoid", "trail_targets_n": 0, "ot_age_ms": 68.0, "rc_age_ms": 68.0, "n_wpnts": 44}
5989883000000,{"sm_state": "TRAILING", "path_source": "MPC_OT", "mpc_mode_echo": "avoid", "trail_targets_n": 0, "ot_age_ms": 34.0, "rc_age_ms": 34.0, "n_wpnts": 45}
5989900000000,{"sm_state": "TRAILING", "path_source": "MPC_OT", "mpc_mode_echo": "avoid", "trail_targets_n": 0, "ot_age_ms": 17.0, "rc_age_ms": 17.0, "n_wpnts": 46}
5989917000000,{"sm_state": "TRAILING", "path_source": "MPC_OT", "mpc_mode_echo": "avoid", "trail_targets_n": 0, "ot_age_ms": 34.0, "rc_age_ms": 34.0, "n_wpnts": 44}
5989917000000,{"sm_state": "TRAILING", "path_source": "MPC_OT", "mpc_mode_echo": "avoid", "trail_targets_n": 0, "ot_age_ms": 34.0, "rc_age_ms": 34.0, "n_wpnts": 44}
5989951000000,{"sm_state": "TRAILING", "path_source": "MPC_OT", "mpc_mode_echo": "avoid", "trail_targets_n": 0, "ot_age_ms": 68.0, "rc_age_ms": 68.0, "n_wpnts": 44}
5989951000000,{"sm_state": "TRAILING", "path_source": "MPC_OT", "mpc_mode_echo": "avoid", "trail_targets_n": 0, "ot_age_ms": 68.0, "rc_age_ms": 68.0, "n_wpnts": 44}
5989968000000,{"sm_state": "TRAILING", "path_source": "MPC_OT", "mpc_mode_echo": "avoid", "trail_targets_n": 0, "ot_age_ms": 17.0, "rc_age_ms": 17.0, "n_wpnts": 48}
5989968000000,{"sm_state": "TRAILING", "path_source": "MPC_OT", "mpc_mode_echo": "avoid", "trail_targets_n": 0, "ot_age_ms": 17.0, "rc_age_ms": 17.0, "n_wpnts": 48}
5990002000000,{"sm_state": "OVERTAKE", "path_source": "MPC_OT", "mpc_mode_echo": "avoid", "trail_targets_n": 0, "ot_age_ms": 51.0, "rc_age_ms": 51.0, "n_wpnts": 46}
5990036000000,{"sm_state": "OVERTAKE", "path_source": "MPC_OT", "mpc_mode_echo": "avoid", "trail_targets_n": 0, "ot_age_ms": 17.0, "rc_age_ms": 17.0, "n_wpnts": 49}
5990036000000,{"sm_state": "OVERTAKE", "path_source": "MPC_OT", "mpc_mode_echo": "avoid", "trail_targets_n": 0, "ot_age_ms": 34.0, "rc_age_ms": 34.0, "n_wpnts": 49}
5990036000000,{"sm_state": "OVERTAKE", "path_source": "MPC_OT", "mpc_mode_echo": "avoid", "trail_targets_n": 0, "ot_age_ms": 34.0, "rc_age_ms": 34.0, "n_wpnts": 48}
5990053000000,{"sm_state": "OVERTAKE", "path_source": "MPC_OT", "mpc_mode_echo": "avoid", "trail_targets_n": 0, "ot_age_ms": 51.0, "rc_age_ms": 51.0, "n_wpnts": 48}
5990076000000,{"sm_state": "OVERTAKE", "path_source": "MPC_OT", "mpc_mode_echo": "avoid", "trail_targets_n": 0, "ot_age_ms": 23.0, "rc_age_ms": 23.0, "n_wpnts": 48}
5990076000000,{"sm_state": "OVERTAKE", "path_source": "MPC_OT", "mpc_mode_echo": "avoid", "trail_targets_n": 0, "ot_age_ms": 23.0, "rc_age_ms": 23.0, "n_wpnts": 48}
5990093000000,{"sm_state": "OVERTAKE", "path_source": "MPC_OT", "mpc_mode_echo": "avoid", "trail_targets_n": 0, "ot_age_ms": 40.0, "rc_age_ms": 40.0, "n_wpnts": 47}
5990093000000,{"sm_state": "OVERTAKE", "path_source": "MPC_OT", "mpc_mode_echo": "avoid", "trail_targets_n": 0, "ot_age_ms": 40.0, "rc_age_ms": 40.0, "n_wpnts": 47}
5990127000000,{"sm_state": "OVERTAKE", "path_source": "MPC_OT", "mpc_mode_echo": "avoid", "trail_targets_n": 0, "ot_age_ms": 74.0, "rc_age_ms": 74.0, "n_wpnts": 47}
5990144000000,{"sm_state": "OVERTAKE", "path_source": "MPC_OT", "mpc_mode_echo": "avoid", "trail_targets_n": 0, "ot_age_ms": 17.0, "rc_age_ms": 17.0, "n_wpnts": 47}
5990144000000,{"sm_state": "OVERTAKE", "path_source": "MPC_OT", "mpc_mode_echo": "avoid", "trail_targets_n": 0, "ot_age_ms": 17.0, "rc_age_ms": 17.0, "n_wpnts": 48}
5990161000000,{"sm_state": "OVERTAKE", "path_source": "MPC_OT", "mpc_mode_echo": "avoid", "trail_targets_n": 0, "ot_age_ms": 17.0, "rc_age_ms": 17.0, "n_wpnts": 48}
5990178000000,{"sm_state": "OVERTAKE", "path_source": "MPC_OT", "mpc_mode_echo": "avoid", "trail_targets_n": 0, "ot_age_ms": 17.0, "rc_age_ms": 17.0, "n_wpnts": 49}
5990212000000,{"sm_state": "OVERTAKE", "path_source": "MPC_OT", "mpc_mode_echo": "avoid", "trail_targets_n": 0, "ot_age_ms": 34.0, "rc_age_ms": 34.0, "n_wpnts": 48}
5990229000000,{"sm_state": "OVERTAKE", "path_source": "MPC_OT", "mpc_mode_echo": "avoid", "trail_targets_n": 0, "ot_age_ms": 68.0, "rc_age_ms": 68.0, "n_wpnts": 48}
5990246000000,{"sm_state": "OVERTAKE", "path_source": "MPC_OT", "mpc_mode_echo": "avoid", "trail_targets_n": 0, "ot_age_ms": 68.0, "rc_age_ms": 68.0, "n_wpnts": 48}
5990246000000,{"sm_state": "OVERTAKE", "path_source": "MPC_OT", "mpc_mode_echo": "avoid", "trail_targets_n": 0, "ot_age_ms": 68.0, "rc_age_ms": 68.0, "n_wpnts": 46}
5990246000000,{"sm_state": "OVERTAKE", "path_source": "MPC_OT", "mpc_mode_echo": "avoid", "trail_targets_n": 0, "ot_age_ms": 85.0, "rc_age_ms": 85.0, "n_wpnts": 46}
5990263000000,{"sm_state": "OVERTAKE", "path_source": "MPC_OT", "mpc_mode_echo": "avoid", "trail_targets_n": 0, "ot_age_ms": 34.0, "rc_age_ms": 34.0, "n_wpnts": 47}
5990263000000,{"sm_state": "OVERTAKE", "path_source": "MPC_OT", "mpc_mode_echo": "avoid", "trail_targets_n": 0, "ot_age_ms": 51.0, "rc_age_ms": 51.0, "n_wpnts": 46}
5990263000000,{"sm_state": "OVERTAKE", "path_source": "MPC_OT", "mpc_mode_echo": "avoid", "trail_targets_n": 0, "ot_age_ms": 51.0, "rc_age_ms": 51.0, "n_wpnts": 46}
5990297000000,{"sm_state": "OVERTAKE", "path_source": "MPC_OT", "mpc_mode_echo": "avoid", "trail_targets_n": 0, "ot_age_ms": 34.0, "rc_age_ms": 34.0, "n_wpnts": 48}
5990331000000,{"sm_state": "TRAILING", "path_source": "MPC_OT", "mpc_mode_echo": "avoid", "trail_targets_n": 0, "ot_age_ms": 17.0, "rc_age_ms": 17.0, "n_wpnts": 47}
5990348000000,{"sm_state": "TRAILING", "path_source": "MPC_OT", "mpc_mode_echo": "avoid", "trail_targets_n": 0, "ot_age_ms": 34.0, "rc_age_ms": 34.0, "n_wpnts": 47}
5990348000000,{"sm_state": "TRAILING", "path_source": "MPC_OT", "mpc_mode_echo": "avoid", "trail_targets_n": 0, "ot_age_ms": 51.0, "rc_age_ms": 51.0, "n_wpnts": 46}
5990348000000,{"sm_state": "TRAILING", "path_source": "MPC_OT", "mpc_mode_echo": "avoid", "trail_targets_n": 0, "ot_age_ms": 51.0, "rc_age_ms": 51.0, "n_wpnts": 46}
5990365000000,{"sm_state": "TRAILING", "path_source": "MPC_OT", "mpc_mode_echo": "avoid", "trail_targets_n": 0, "ot_age_ms": 17.0, "rc_age_ms": 17.0, "n_wpnts": 48}
5990399000000,{"sm_state": "TRAILING", "path_source": "MPC_OT", "mpc_mode_echo": "avoid", "trail_targets_n": 0, "ot_age_ms": 34.0, "rc_age_ms": 34.0, "n_wpnts": 48}
5990399000000,{"sm_state": "TRAILING", "path_source": "MPC_OT", "mpc_mode_echo": "avoid", "trail_targets_n": 0, "ot_age_ms": 34.0, "rc_age_ms": 34.0, "n_wpnts": 48}
5990399000000,{"sm_state": "TRAILING", "path_source": "MPC_OT", "mpc_mode_echo": "avoid", "trail_targets_n": 0, "ot_age_ms": 34.0, "rc_age_ms": 34.0, "n_wpnts": 48}
5990416000000,{"sm_state": "TRAILING", "path_source": "MPC_OT", "mpc_mode_echo": "avoid", "trail_targets_n": 0, "ot_age_ms": 51.0, "rc_age_ms": 51.0, "n_wpnts": 47}
5990416000000,{"sm_state": "TRAILING", "path_source": "MPC_OT", "mpc_mode_echo": "avoid", "trail_targets_n": 0, "ot_age_ms": 51.0, "rc_age_ms": 51.0, "n_wpnts": 47}
5990433000000,{"sm_state": "TRAILING", "path_source": "MPC_OT", "mpc_mode_echo": "avoid", "trail_targets_n": 0, "ot_age_ms": 17.0, "rc_age_ms": 17.0, "n_wpnts": 47}
5990450000000,{"sm_state": "TRAILING", "path_source": "MPC_OT", "mpc_mode_echo": "avoid", "trail_targets_n": 0, "ot_age_ms": 34.0, "rc_age_ms": 34.0, "n_wpnts": 46}
5990467000000,{"sm_state": "TRAILING", "path_source": "MPC_OT", "mpc_mode_echo": "avoid", "trail_targets_n": 0, "ot_age_ms": 17.0, "rc_age_ms": 17.0, "n_wpnts": 48}
5990467000000,{"sm_state": "TRAILING", "path_source": "MPC_OT", "mpc_mode_echo": "avoid", "trail_targets_n": 0, "ot_age_ms": 17.0, "rc_age_ms": 17.0, "n_wpnts": 48}
5990484000000,{"sm_state": "TRAILING", "path_source": "MPC_OT", "mpc_mode_echo": "avoid", "trail_targets_n": 0, "ot_age_ms": 34.0, "rc_age_ms": 34.0, "n_wpnts": 48}
5990518000000,{"sm_state": "TRAILING", "path_source": "MPC_OT", "mpc_mode_echo": "avoid", "trail_targets_n": 0, "ot_age_ms": 34.0, "rc_age_ms": 34.0, "n_wpnts": 48}
5990518000000,{"sm_state": "TRAILING", "path_source": "MPC_OT", "mpc_mode_echo": "avoid", "trail_targets_n": 0, "ot_age_ms": 34.0, "rc_age_ms": 34.0, "n_wpnts": 48}
5990518000000,{"sm_state": "TRAILING", "path_source": "MPC_OT", "mpc_mode_echo": "avoid", "trail_targets_n": 0, "ot_age_ms": 34.0, "rc_age_ms": 34.0, "n_wpnts": 48}
5990535000000,{"sm_state": "TRAILING", "path_source": "MPC_OT", "mpc_mode_echo": "avoid", "trail_targets_n": 0, "ot_age_ms": 17.0, "rc_age_ms": 17.0, "n_wpnts": 47}
5990552000000,{"sm_state": "TRAILING", "path_source": "MPC_OT", "mpc_mode_echo": "avoid", "trail_targets_n": 0, "ot_age_ms": 34.0, "rc_age_ms": 34.0, "n_wpnts": 47}
5990586000000,{"sm_state": "TRAILING", "path_source": "MPC_OT", "mpc_mode_echo": "avoid", "trail_targets_n": 0, "ot_age_ms": 17.0, "rc_age_ms": 17.0, "n_wpnts": 48}
5990586000000,{"sm_state": "TRAILING", "path_source": "MPC_OT", "mpc_mode_echo": "avoid", "trail_targets_n": 0, "ot_age_ms": 17.0, "rc_age_ms": 17.0, "n_wpnts": 48}
5990586000000,{"sm_state": "TRAILING", "path_source": "MPC_OT", "mpc_mode_echo": "avoid", "trail_targets_n": 0, "ot_age_ms": 51.0, "rc_age_ms": 51.0, "n_wpnts": 48}
5990637000000,{"sm_state": "TRAILING", "path_source": "MPC_OT", "mpc_mode_echo": "avoid", "trail_targets_n": 0, "ot_age_ms": 51.0, "rc_age_ms": 51.0, "n_wpnts": 48}
5990637000000,{"sm_state": "TRAILING", "path_source": "MPC_OT", "mpc_mode_echo": "avoid", "trail_targets_n": 0, "ot_age_ms": 85.0, "rc_age_ms": 85.0, "n_wpnts": 48}
5990637000000,{"sm_state": "TRAILING", "path_source": "MPC_OT", "mpc_mode_echo": "avoid", "trail_targets_n": 0, "ot_age_ms": 85.0, "rc_age_ms": 85.0, "n_wpnts": 48}
5990637000000,{"sm_state": "TRAILING", "path_source": "MPC_OT", "mpc_mode_echo": "avoid", "trail_targets_n": 0, "ot_age_ms": 85.0, "rc_age_ms": 85.0, "n_wpnts": 48}
5990658000000,{"sm_state": "TRAILING", "path_source": "MPC_OT", "mpc_mode_echo": "avoid", "trail_targets_n": 0, "ot_age_ms": 21.0, "rc_age_ms": 21.0, "n_wpnts": 48}
5990658000000,{"sm_state": "TRAILING", "path_source": "MPC_OT", "mpc_mode_echo": "avoid", "trail_targets_n": 0, "ot_age_ms": 21.0, "rc_age_ms": 21.0, "n_wpnts": 48}
5990678000000,{"sm_state": "TRAILING", "path_source": "MPC_OT", "mpc_mode_echo": "avoid", "trail_targets_n": 0, "ot_age_ms": 20.0, "rc_age_ms": 20.0, "n_wpnts": 47}
5990695000000,{"sm_state": "TRAILING", "path_source": "MPC_OT", "mpc_mode_echo": "avoid", "trail_targets_n": 0, "ot_age_ms": 37.0, "rc_age_ms": 37.0, "n_wpnts": 47}
5990695000000,{"sm_state": "TRAILING", "path_source": "MPC_OT", "mpc_mode_echo": "avoid", "trail_targets_n": 0, "ot_age_ms": 37.0, "rc_age_ms": 37.0, "n_wpnts": 47}
5990729000000,{"sm_state": "TRAILING", "path_source": "MPC_OT", "mpc_mode_echo": "avoid", "trail_targets_n": 0, "ot_age_ms": 34.0, "rc_age_ms": 34.0, "n_wpnts": 46}
5990729000000,{"sm_state": "TRAILING", "path_source": "MPC_OT", "mpc_mode_echo": "avoid", "trail_targets_n": 0, "ot_age_ms": 34.0, "rc_age_ms": 34.0, "n_wpnts": 46}
5990746000000,{"sm_state": "TRAILING", "path_source": "MPC_OT", "mpc_mode_echo": "avoid", "trail_targets_n": 0, "ot_age_ms": 34.0, "rc_age_ms": 34.0, "n_wpnts": 46}
5990746000000,{"sm_state": "TRAILING", "path_source": "MPC_OT", "mpc_mode_echo": "avoid", "trail_targets_n": 0, "ot_age_ms": 51.0, "rc_age_ms": 51.0, "n_wpnts": 46}
5990763000000,{"sm_state": "TRAILING", "path_source": "MPC_OT", "mpc_mode_echo": "avoid", "trail_targets_n": 0, "ot_age_ms": 34.0, "rc_age_ms": 34.0, "n_wpnts": 46}
5990797000000,{"sm_state": "TRAILING", "path_source": "MPC_OT", "mpc_mode_echo": "avoid", "trail_targets_n": 0, "ot_age_ms": 34.0, "rc_age_ms": 34.0, "n_wpnts": 47}
5990797000000,{"sm_state": "TRAILING", "path_source": "MPC_OT", "mpc_mode_echo": "avoid", "trail_targets_n": 0, "ot_age_ms": 34.0, "rc_age_ms": 34.0, "n_wpnts": 47}
5990814000000,{"sm_state": "TRAILING", "path_source": "MPC_OT", "mpc_mode_echo": "avoid", "trail_targets_n": 0, "ot_age_ms": 34.0, "rc_age_ms": 34.0, "n_wpnts": 47}
5990814000000,{"sm_state": "TRAILING", "path_source": "MPC_OT", "mpc_mode_echo": "avoid", "trail_targets_n": 0, "ot_age_ms": 51.0, "rc_age_ms": 51.0, "n_wpnts": 47}
5990831000000,{"sm_state": "TRAILING", "path_source": "MPC_OT", "mpc_mode_echo": "avoid", "trail_targets_n": 0, "ot_age_ms": 34.0, "rc_age_ms": 34.0, "n_wpnts": 46}
5990831000000,{"sm_state": "TRAILING", "path_source": "MPC_OT", "mpc_mode_echo": "avoid", "trail_targets_n": 0, "ot_age_ms": 34.0, "rc_age_ms": 34.0, "n_wpnts": 46}
5990848000000,{"sm_state": "TRAILING", "path_source": "MPC_OT", "mpc_mode_echo": "avoid", "trail_targets_n": 0, "ot_age_ms": 51.0, "rc_age_ms": 51.0, "n_wpnts": 46}
5990865000000,{"sm_state": "TRAILING", "path_source": "MPC_OT", "mpc_mode_echo": "avoid", "trail_targets_n": 0, "ot_age_ms": 17.0, "rc_age_ms": 17.0, "n_wpnts": 47}
5990899000000,{"sm_state": "TRAILING", "path_source": "MPC_OT", "mpc_mode_echo": "avoid", "trail_targets_n": 0, "ot_age_ms": 34.0, "rc_age_ms": 34.0, "n_wpnts": 47}
5990899000000,{"sm_state": "TRAILING", "path_source": "MPC_OT", "mpc_mode_echo": "avoid", "trail_targets_n": 0, "ot_age_ms": 34.0, "rc_age_ms": 34.0, "n_wpnts": 47}
5990899000000,{"sm_state": "TRAILING", "path_source": "MPC_OT", "mpc_mode_echo": "avoid", "trail_targets_n": 0, "ot_age_ms": 34.0, "rc_age_ms": 34.0, "n_wpnts": 47}
5990916000000,{"sm_state": "TRAILING", "path_source": "MPC_OT", "mpc_mode_echo": "avoid", "trail_targets_n": 0, "ot_age_ms": 51.0, "rc_age_ms": 51.0, "n_wpnts": 47}
5990916000000,{"sm_state": "TRAILING", "path_source": "MPC_OT", "mpc_mode_echo": "avoid", "trail_targets_n": 0, "ot_age_ms": 51.0, "rc_age_ms": 51.0, "n_wpnts": 47}
5990950000000,{"sm_state": "TRAILING", "path_source": "MPC_OT", "mpc_mode_echo": "avoid", "trail_targets_n": 0, "ot_age_ms": 34.0, "rc_age_ms": 34.0, "n_wpnts": 48}
5990950000000,{"sm_state": "TRAILING", "path_source": "MPC_OT", "mpc_mode_echo": "avoid", "trail_targets_n": 0, "ot_age_ms": 34.0, "rc_age_ms": 34.0, "n_wpnts": 48}
5990967000000,{"sm_state": "OVERTAKE", "path_source": "MPC_OT", "mpc_mode_echo": "avoid", "trail_targets_n": 0, "ot_age_ms": 17.0, "rc_age_ms": 17.0, "n_wpnts": 48}
5990967000000,{"sm_state": "TRAILING", "path_source": "MPC_OT", "mpc_mode_echo": "avoid", "trail_targets_n": 0, "ot_age_ms": 17.0, "rc_age_ms": 17.0, "n_wpnts": 48}
5990984000000,{"sm_state": "TRAILING", "path_source": "MPC_OT", "mpc_mode_echo": "avoid", "trail_targets_n": 0, "ot_age_ms": 34.0, "rc_age_ms": 34.0, "n_wpnts": 48}
5991001000000,{"sm_state": "TRAILING", "path_source": "MPC_OT", "mpc_mode_echo": "avoid", "trail_targets_n": 0, "ot_age_ms": 17.0, "rc_age_ms": 17.0, "n_wpnts": 47}
5991035000000,{"sm_state": "TRAILING", "path_source": "MPC_OT", "mpc_mode_echo": "avoid", "trail_targets_n": 0, "ot_age_ms": 51.0, "rc_age_ms": 51.0, "n_wpnts": 47}
5991035000000,{"sm_state": "TRAILING", "path_source": "MPC_OT", "mpc_mode_echo": "avoid", "trail_targets_n": 0, "ot_age_ms": 51.0, "rc_age_ms": 51.0, "n_wpnts": 47}
5991035000000,{"sm_state": "TRAILING", "path_source": "MPC_OT", "mpc_mode_echo": "avoid", "trail_targets_n": 0, "ot_age_ms": 51.0, "rc_age_ms": 51.0, "n_wpnts": 47}
5991052000000,{"sm_state": "TRAILING", "path_source": "MPC_OT", "mpc_mode_echo": "avoid", "trail_targets_n": 0, "ot_age_ms": 17.0, "rc_age_ms": 17.0, "n_wpnts": 48}
5991069000000,{"sm_state": "TRAILING", "path_source": "MPC_OT", "mpc_mode_echo": "avoid", "trail_targets_n": 0, "ot_age_ms": 17.0, "rc_age_ms": 17.0, "n_wpnts": 48}
5991069000000,{"sm_state": "TRAILING", "path_source": "MPC_OT", "mpc_mode_echo": "avoid", "trail_targets_n": 0, "ot_age_ms": 17.0, "rc_age_ms": 17.0, "n_wpnts": 48}
5991086000000,{"sm_state": "TRAILING", "path_source": "MPC_OT", "mpc_mode_echo": "avoid", "trail_targets_n": 0, "ot_age_ms": 34.0, "rc_age_ms": 34.0, "n_wpnts": 48}
5991103000000,{"sm_state": "TRAILING", "path_source": "MPC_OT", "mpc_mode_echo": "avoid", "trail_targets_n": 0, "ot_age_ms": 51.0, "rc_age_ms": 51.0, "n_wpnts": 48}
5991120000000,{"sm_state": "TRAILING", "path_source": "MPC_OT", "mpc_mode_echo": "avoid", "trail_targets_n": 0, "ot_age_ms": 34.0, "rc_age_ms": 34.0, "n_wpnts": 48}
5991120000000,{"sm_state": "TRAILING", "path_source": "MPC_OT", "mpc_mode_echo": "avoid", "trail_targets_n": 0, "ot_age_ms": 34.0, "rc_age_ms": 34.0, "n_wpnts": 48}
5991154000000,{"sm_state": "TRAILING", "path_source": "MPC_OT", "mpc_mode_echo": "avoid", "trail_targets_n": 0, "ot_age_ms": 68.0, "rc_age_ms": 68.0, "n_wpnts": 48}
5991154000000,{"sm_state": "TRAILING", "path_source": "MPC_OT", "mpc_mode_echo": "avoid", "trail_targets_n": 0, "ot_age_ms": 34.0, "rc_age_ms": 34.0, "n_wpnts": 47}
5991154000000,{"sm_state": "TRAILING", "path_source": "MPC_OT", "mpc_mode_echo": "avoid", "trail_targets_n": 0, "ot_age_ms": 34.0, "rc_age_ms": 34.0, "n_wpnts": 47}
5991171000000,{"sm_state": "TRAILING", "path_source": "MPC_OT", "mpc_mode_echo": "avoid", "trail_targets_n": 0, "ot_age_ms": 17.0, "rc_age_ms": 17.0, "n_wpnts": 47}
5991188000000,{"sm_state": "TRAILING", "path_source": "MPC_OT", "mpc_mode_echo": "avoid", "trail_targets_n": 0, "ot_age_ms": 34.0, "rc_age_ms": 34.0, "n_wpnts": 47}
5991205000000,{"sm_state": "TRAILING", "path_source": "MPC_OT", "mpc_mode_echo": "avoid", "trail_targets_n": 0, "ot_age_ms": 17.0, "rc_age_ms": 17.0, "n_wpnts": 47}
5991222000000,{"sm_state": "TRAILING", "path_source": "MPC_OT", "mpc_mode_echo": "avoid", "trail_targets_n": 0, "ot_age_ms": 34.0, "rc_age_ms": 34.0, "n_wpnts": 47}
5991222000000,{"sm_state": "TRAILING", "path_source": "MPC_OT", "mpc_mode_echo": "avoid", "trail_targets_n": 0, "ot_age_ms": 34.0, "rc_age_ms": 34.0, "n_wpnts": 47}
5991239000000,{"sm_state": "TRAILING", "path_source": "MPC_OT", "mpc_mode_echo": "avoid", "trail_targets_n": 0, "ot_age_ms": 51.0, "rc_age_ms": 51.0, "n_wpnts": 47}
5991256000000,{"sm_state": "TRAILING", "path_source": "MPC_OT", "mpc_mode_echo": "avoid", "trail_targets_n": 0, "ot_age_ms": 17.0, "rc_age_ms": 17.0, "n_wpnts": 47}
5991256000000,{"sm_state": "TRAILING", "path_source": "MPC_OT", "mpc_mode_echo": "avoid", "trail_targets_n": 0, "ot_age_ms": 17.0, "rc_age_ms": 17.0, "n_wpnts": 47}
5991273000000,{"sm_state": "TRAILING", "path_source": "MPC_OT", "mpc_mode_echo": "avoid", "trail_targets_n": 0, "ot_age_ms": 34.0, "rc_age_ms": 34.0, "n_wpnts": 47}
5991290000000,{"sm_state": "TRAILING", "path_source": "MPC_OT", "mpc_mode_echo": "avoid", "trail_targets_n": 0, "ot_age_ms": 34.0, "rc_age_ms": 34.0, "n_wpnts": 47}
5991307000000,{"sm_state": "TRAILING", "path_source": "MPC_OT", "mpc_mode_echo": "avoid", "trail_targets_n": 0, "ot_age_ms": 17.0, "rc_age_ms": 17.0, "n_wpnts": 47}
5991307000000,{"sm_state": "TRAILING", "path_source": "MPC_OT", "mpc_mode_echo": "avoid", "trail_targets_n": 0, "ot_age_ms": 17.0, "rc_age_ms": 17.0, "n_wpnts": 47}
5991324000000,{"sm_state": "TRAILING", "path_source": "MPC_OT", "mpc_mode_echo": "avoid", "trail_targets_n": 0, "ot_age_ms": 34.0, "rc_age_ms": 34.0, "n_wpnts": 47}
5991324000000,{"sm_state": "TRAILING", "path_source": "MPC_OT", "mpc_mode_echo": "avoid", "trail_targets_n": 0, "ot_age_ms": 51.0, "rc_age_ms": 51.0, "n_wpnts": 47}
5991341000000,{"sm_state": "TRAILING", "path_source": "MPC_OT", "mpc_mode_echo": "avoid", "trail_targets_n": 0, "ot_age_ms": 51.0, "rc_age_ms": 51.0, "n_wpnts": 47}
5991341000000,{"sm_state": "TRAILING", "path_source": "MPC_OT", "mpc_mode_echo": "avoid", "trail_targets_n": 0, "ot_age_ms": 34.0, "rc_age_ms": 34.0, "n_wpnts": 48}
5991375000000,{"sm_state": "TRAILING", "path_source": "MPC_OT", "mpc_mode_echo": "avoid", "trail_targets_n": 0, "ot_age_ms": 17.0, "rc_age_ms": 17.0, "n_wpnts": 48}
5991409000000,{"sm_state": "TRAILING", "path_source": "MPC_OT", "mpc_mode_echo": "avoid", "trail_targets_n": 0, "ot_age_ms": 51.0, "rc_age_ms": 51.0, "n_wpnts": 48}
5991426000000,{"sm_state": "TRAILING", "path_source": "MPC_OT", "mpc_mode_echo": "avoid", "trail_targets_n": 0, "ot_age_ms": 68.0, "rc_age_ms": 68.0, "n_wpnts": 48}
5991426000000,{"sm_state": "TRAILING", "path_source": "MPC_OT", "mpc_mode_echo": "avoid", "trail_targets_n": 0, "ot_age_ms": 68.0, "rc_age_ms": 68.0, "n_wpnts": 48}
5991443000000,{"sm_state": "TRAILING", "path_source": "MPC_OT", "mpc_mode_echo": "avoid", "trail_targets_n": 0, "ot_age_ms": 68.0, "rc_age_ms": 68.0, "n_wpnts": 48}
5991443000000,{"sm_state": "TRAILING", "path_source": "MPC_OT", "mpc_mode_echo": "avoid", "trail_targets_n": 0, "ot_age_ms": 85.0, "rc_age_ms": 85.0, "n_wpnts": 47}
5991443000000,{"sm_state": "TRAILING", "path_source": "MPC_OT", "mpc_mode_echo": "avoid", "trail_targets_n": 0, "ot_age_ms": 17.0, "rc_age_ms": 17.0, "n_wpnts": 47}
5991460000000,{"sm_state": "TRAILING", "path_source": "MPC_OT", "mpc_mode_echo": "avoid", "trail_targets_n": 0, "ot_age_ms": 17.0, "rc_age_ms": 17.0, "n_wpnts": 47}
5991494000000,{"sm_state": "TRAILING", "path_source": "MPC_OT", "mpc_mode_echo": "avoid", "trail_targets_n": 0, "ot_age_ms": 34.0, "rc_age_ms": 34.0, "n_wpnts": 48}
5991494000000,{"sm_state": "TRAILING", "path_source": "MPC_OT", "mpc_mode_echo": "avoid", "trail_targets_n": 0, "ot_age_ms": 34.0, "rc_age_ms": 34.0, "n_wpnts": 48}
5991494000000,{"sm_state": "TRAILING", "path_source": "MPC_OT", "mpc_mode_echo": "avoid", "trail_targets_n": 0, "ot_age_ms": 34.0, "rc_age_ms": 34.0, "n_wpnts": 48}
5991511000000,{"sm_state": "TRAILING", "path_source": "MPC_OT", "mpc_mode_echo": "avoid", "trail_targets_n": 0, "ot_age_ms": 17.0, "rc_age_ms": 17.0, "n_wpnts": 48}
5991528000000,{"sm_state": "TRAILING", "path_source": "MPC_OT", "mpc_mode_echo": "avoid", "trail_targets_n": 0, "ot_age_ms": 34.0, "rc_age_ms": 34.0, "n_wpnts": 48}
5991545000000,{"sm_state": "TRAILING", "path_source": "MPC_OT", "mpc_mode_echo": "avoid", "trail_targets_n": 0, "ot_age_ms": 51.0, "rc_age_ms": 51.0, "n_wpnts": 47}
5991545000000,{"sm_state": "TRAILING", "path_source": "MPC_OT", "mpc_mode_echo": "avoid", "trail_targets_n": 0, "ot_age_ms": 51.0, "rc_age_ms": 51.0, "n_wpnts": 47}
5991562000000,{"sm_state": "TRAILING", "path_source": "MPC_OT", "mpc_mode_echo": "avoid", "trail_targets_n": 0, "ot_age_ms": 17.0, "rc_age_ms": 17.0, "n_wpnts": 48}
5991579000000,{"sm_state": "TRAILING", "path_source": "MPC_OT", "mpc_mode_echo": "avoid", "trail_targets_n": 0, "ot_age_ms": 17.0, "rc_age_ms": 17.0, "n_wpnts": 49}
5991579000000,{"sm_state": "TRAILING", "path_source": "MPC_OT", "mpc_mode_echo": "avoid", "trail_targets_n": 0, "ot_age_ms": 17.0, "rc_age_ms": 17.0, "n_wpnts": 49}
5991613000000,{"sm_state": "TRAILING", "path_source": "MPC_OT", "mpc_mode_echo": "avoid", "trail_targets_n": 0, "ot_age_ms": 51.0, "rc_age_ms": 51.0, "n_wpnts": 49}
5991613000000,{"sm_state": "TRAILING", "path_source": "MPC_OT", "mpc_mode_echo": "avoid", "trail_targets_n": 0, "ot_age_ms": 51.0, "rc_age_ms": 51.0, "n_wpnts": 49}
5991630000000,{"sm_state": "TRAILING", "path_source": "MPC_OT", "mpc_mode_echo": "avoid", "trail_targets_n": 0, "ot_age_ms": 68.0, "rc_age_ms": 68.0, "n_wpnts": 48}
5991630000000,{"sm_state": "TRAILING", "path_source": "MPC_OT", "mpc_mode_echo": "avoid", "trail_targets_n": 0, "ot_age_ms": 68.0, "rc_age_ms": 68.0, "n_wpnts": 48}
5991647000000,{"sm_state": "TRAILING", "path_source": "MPC_OT", "mpc_mode_echo": "avoid", "trail_targets_n": 0, "ot_age_ms": 17.0, "rc_age_ms": 17.0, "n_wpnts": 49}
5991647000000,{"sm_state": "TRAILING", "path_source": "MPC_OT", "mpc_mode_echo": "avoid", "trail_targets_n": 0, "ot_age_ms": 34.0, "rc_age_ms": 34.0, "n_wpnts": 50}
5991664000000,{"sm_state": "TRAILING", "path_source": "MPC_OT", "mpc_mode_echo": "avoid", "trail_targets_n": 0, "ot_age_ms": 34.0, "rc_age_ms": 34.0, "n_wpnts": 49}
5991664000000,{"sm_state": "TRAILING", "path_source": "MPC_OT", "mpc_mode_echo": "avoid", "trail_targets_n": 0, "ot_age_ms": 51.0, "rc_age_ms": 51.0, "n_wpnts": 49}
5991715000000,{"sm_state": "TRAILING", "path_source": "MPC_OT", "mpc_mode_echo": "avoid", "trail_targets_n": 0, "ot_age_ms": 51.0, "rc_age_ms": 51.0, "n_wpnts": 49}
5991715000000,{"sm_state": "TRAILING", "path_source": "MPC_OT", "mpc_mode_echo": "avoid", "trail_targets_n": 0, "ot_age_ms": 51.0, "rc_age_ms": 51.0, "n_wpnts": 49}
5991749000000,{"sm_state": "TRAILING", "path_source": "MPC_OT", "mpc_mode_echo": "avoid", "trail_targets_n": 0, "ot_age_ms": 17.0, "rc_age_ms": 17.0, "n_wpnts": 49}
5991749000000,{"sm_state": "TRAILING", "path_source": "MPC_OT", "mpc_mode_echo": "avoid", "trail_targets_n": 0, "ot_age_ms": 17.0, "rc_age_ms": 17.0, "n_wpnts": 49}
5991749000000,{"sm_state": "TRAILING", "path_source": "MPC_OT", "mpc_mode_echo": "avoid", "trail_targets_n": 0, "ot_age_ms": 34.0, "rc_age_ms": 34.0, "n_wpnts": 49}
5991768000000,{"sm_state": "TRAILING", "path_source": "MPC_OT", "mpc_mode_echo": "avoid", "trail_targets_n": 0, "ot_age_ms": 53.0, "rc_age_ms": 53.0, "n_wpnts": 49}
5991768000000,{"sm_state": "TRAILING", "path_source": "MPC_OT", "mpc_mode_echo": "avoid", "trail_targets_n": 0, "ot_age_ms": 53.0, "rc_age_ms": 53.0, "n_wpnts": 49}
5991785000000,{"sm_state": "TRAILING", "path_source": "MPC_OT", "mpc_mode_echo": "avoid", "trail_targets_n": 0, "ot_age_ms": 36.0, "rc_age_ms": 36.0, "n_wpnts": 49}
5991819000000,{"sm_state": "TRAILING", "path_source": "MPC_OT", "mpc_mode_echo": "avoid", "trail_targets_n": 0, "ot_age_ms": 34.0, "rc_age_ms": 34.0, "n_wpnts": 49}
5991819000000,{"sm_state": "TRAILING", "path_source": "MPC_OT", "mpc_mode_echo": "avoid", "trail_targets_n": 0, "ot_age_ms": 34.0, "rc_age_ms": 34.0, "n_wpnts": 49}
5991819000000,{"sm_state": "TRAILING", "path_source": "MPC_OT", "mpc_mode_echo": "avoid", "trail_targets_n": 0, "ot_age_ms": 34.0, "rc_age_ms": 34.0, "n_wpnts": 49}
5991836000000,{"sm_state": "TRAILING", "path_source": "MPC_OT", "mpc_mode_echo": "avoid", "trail_targets_n": 0, "ot_age_ms": 51.0, "rc_age_ms": 51.0, "n_wpnts": 49}
5991857000000,{"sm_state": "TRAILING", "path_source": "MPC_OT", "mpc_mode_echo": "avoid", "trail_targets_n": 0, "ot_age_ms": 38.0, "rc_age_ms": 38.0, "n_wpnts": 49}
5991857000000,{"sm_state": "TRAILING", "path_source": "MPC_OT", "mpc_mode_echo": "avoid", "trail_targets_n": 0, "ot_age_ms": 38.0, "rc_age_ms": 38.0, "n_wpnts": 49}
5991874000000,{"sm_state": "TRAILING", "path_source": "MPC_OT", "mpc_mode_echo": "avoid", "trail_targets_n": 0, "ot_age_ms": 17.0, "rc_age_ms": 17.0, "n_wpnts": 50}
5991908000000,{"sm_state": "TRAILING", "path_source": "MPC_OT", "mpc_mode_echo": "avoid", "trail_targets_n": 0, "ot_age_ms": 34.0, "rc_age_ms": 34.0, "n_wpnts": 50}
5991908000000,{"sm_state": "TRAILING", "path_source": "MPC_OT", "mpc_mode_echo": "avoid", "trail_targets_n": 0, "ot_age_ms": 51.0, "rc_age_ms": 51.0, "n_wpnts": 50}
5991942000000,{"sm_state": "TRAILING", "path_source": "MPC_OT", "mpc_mode_echo": "avoid", "trail_targets_n": 0, "ot_age_ms": 85.0, "rc_age_ms": 85.0, "n_wpnts": 50}
5991942000000,{"sm_state": "TRAILING", "path_source": "MPC_OT", "mpc_mode_echo": "avoid", "trail_targets_n": 0, "ot_age_ms": 85.0, "rc_age_ms": 85.0, "n_wpnts": 50}
5991956000000,{"sm_state": "TRAILING", "path_source": "MPC_OT", "mpc_mode_echo": "recover", "trail_targets_n": 0, "ot_age_ms": 17.0, "rc_age_ms": 17.0, "n_wpnts": 49}
5991990000000,{"sm_state": "TRAILING", "path_source": "MPC_OT", "mpc_mode_echo": "recover", "trail_targets_n": 0, "ot_age_ms": 17.0, "rc_age_ms": 17.0, "n_wpnts": 50}
5991990000000,{"sm_state": "TRAILING", "path_source": "MPC_OT", "mpc_mode_echo": "recover", "trail_targets_n": 0, "ot_age_ms": 34.0, "rc_age_ms": 34.0, "n_wpnts": 50}
5991990000000,{"sm_state": "TRAILING", "path_source": "MPC_OT", "mpc_mode_echo": "recover", "trail_targets_n": 0, "ot_age_ms": 34.0, "rc_age_ms": 34.0, "n_wpnts": 50}
5992007000000,{"sm_state": "TRAILING", "path_source": "MPC_OT", "mpc_mode_echo": "recover", "trail_targets_n": 0, "ot_age_ms": 51.0, "rc_age_ms": 51.0, "n_wpnts": 50}
5992041000000,{"sm_state": "TRAILING", "path_source": "MPC_OT", "mpc_mode_echo": "recover", "trail_targets_n": 0, "ot_age_ms": 17.0, "rc_age_ms": 17.0, "n_wpnts": 50}
5992041000000,{"sm_state": "TRAILING", "path_source": "MPC_OT", "mpc_mode_echo": "recover", "trail_targets_n": 0, "ot_age_ms": 17.0, "rc_age_ms": 17.0, "n_wpnts": 51}
5992041000000,{"sm_state": "TRAILING", "path_source": "MPC_OT", "mpc_mode_echo": "recover", "trail_targets_n": 0, "ot_age_ms": 17.0, "rc_age_ms": 17.0, "n_wpnts": 51}
5992058000000,{"sm_state": "TRAILING", "path_source": "MPC_OT", "mpc_mode_echo": "recover", "trail_targets_n": 0, "ot_age_ms": 35.0, "rc_age_ms": 35.0, "n_wpnts": 51}
5992077000000,{"sm_state": "TRAILING", "path_source": "MPC_OT", "mpc_mode_echo": "recover", "trail_targets_n": 0, "ot_age_ms": 18.0, "rc_age_ms": 18.0, "n_wpnts": 51}
5992077000000,{"sm_state": "TRAILING", "path_source": "MPC_OT", "mpc_mode_echo": "recover", "trail_targets_n": 0, "ot_age_ms": 18.0, "rc_age_ms": 18.0, "n_wpnts": 51}
5992111000000,{"sm_state": "TRAILING", "path_source": "MPC_OT", "mpc_mode_echo": "recover", "trail_targets_n": 0, "ot_age_ms": 52.0, "rc_age_ms": 52.0, "n_wpnts": 51}
5992111000000,{"sm_state": "TRAILING", "path_source": "MPC_OT", "mpc_mode_echo": "recover", "trail_targets_n": 0, "ot_age_ms": 52.0, "rc_age_ms": 52.0, "n_wpnts": 51}
5992128000000,{"sm_state": "TRAILING", "path_source": "MPC_OT", "mpc_mode_echo": "recover", "trail_targets_n": 0, "ot_age_ms": 69.0, "rc_age_ms": 69.0, "n_wpnts": 51}
5992128000000,{"sm_state": "TRAILING", "path_source": "MPC_OT", "mpc_mode_echo": "recover", "trail_targets_n": 0, "ot_age_ms": 69.0, "rc_age_ms": 69.0, "n_wpnts": 51}
5992145000000,{"sm_state": "TRAILING", "path_source": "MPC_OT", "mpc_mode_echo": "recover", "trail_targets_n": 0, "ot_age_ms": 17.0, "rc_age_ms": 17.0, "n_wpnts": 52}
5992162000000,{"sm_state": "TRAILING", "path_source": "MPC_OT", "mpc_mode_echo": "recover", "trail_targets_n": 0, "ot_age_ms": 34.0, "rc_age_ms": 34.0, "n_wpnts": 52}
5992213000000,{"sm_state": "TRAILING", "path_source": "MPC_OT", "mpc_mode_echo": "recover", "trail_targets_n": 0, "ot_age_ms": 51.0, "rc_age_ms": 51.0, "n_wpnts": 51}
5992213000000,{"sm_state": "TRAILING", "path_source": "MPC_OT", "mpc_mode_echo": "recover", "trail_targets_n": 0, "ot_age_ms": 68.0, "rc_age_ms": 68.0, "n_wpnts": 51}
5992213000000,{"sm_state": "TRAILING", "path_source": "MPC_OT", "mpc_mode_echo": "recover", "trail_targets_n": 0, "ot_age_ms": 68.0, "rc_age_ms": 68.0, "n_wpnts": 51}
5992247000000,{"sm_state": "TRAILING", "path_source": "MPC_OT", "mpc_mode_echo": "avoid", "trail_targets_n": 0, "ot_age_ms": 17.0, "rc_age_ms": 17.0, "n_wpnts": 51}
5992264000000,{"sm_state": "TRAILING", "path_source": "MPC_OT", "mpc_mode_echo": "avoid", "trail_targets_n": 0, "ot_age_ms": 17.0, "rc_age_ms": 17.0, "n_wpnts": 52}
5992264000000,{"sm_state": "TRAILING", "path_source": "MPC_OT", "mpc_mode_echo": "avoid", "trail_targets_n": 0, "ot_age_ms": 34.0, "rc_age_ms": 34.0, "n_wpnts": 52}
5992264000000,{"sm_state": "TRAILING", "path_source": "MPC_OT", "mpc_mode_echo": "avoid", "trail_targets_n": 0, "ot_age_ms": 34.0, "rc_age_ms": 34.0, "n_wpnts": 52}
5992315000000,{"sm_state": "TRAILING", "path_source": "MPC_OT", "mpc_mode_echo": "avoid", "trail_targets_n": 0, "ot_age_ms": 34.0, "rc_age_ms": 34.0, "n_wpnts": 52}
5992315000000,{"sm_state": "TRAILING", "path_source": "MPC_OT", "mpc_mode_echo": "avoid", "trail_targets_n": 0, "ot_age_ms": 34.0, "rc_age_ms": 34.0, "n_wpnts": 52}
5992349000000,{"sm_state": "TRAILING", "path_source": "MPC_OT", "mpc_mode_echo": "avoid", "trail_targets_n": 0, "ot_age_ms": 34.0, "rc_age_ms": 34.0, "n_wpnts": 52}
5992349000000,{"sm_state": "TRAILING", "path_source": "MPC_OT", "mpc_mode_echo": "avoid", "trail_targets_n": 0, "ot_age_ms": 34.0, "rc_age_ms": 34.0, "n_wpnts": 53}
5992349000000,{"sm_state": "TRAILING", "path_source": "MPC_OT", "mpc_mode_echo": "avoid", "trail_targets_n": 0, "ot_age_ms": 34.0, "rc_age_ms": 34.0, "n_wpnts": 53}
5992366000000,{"sm_state": "TRAILING", "path_source": "MPC_OT", "mpc_mode_echo": "avoid", "trail_targets_n": 0, "ot_age_ms": 17.0, "rc_age_ms": 17.0, "n_wpnts": 53}
5992366000000,{"sm_state": "TRAILING", "path_source": "MPC_OT", "mpc_mode_echo": "avoid", "trail_targets_n": 0, "ot_age_ms": 17.0, "rc_age_ms": 17.0, "n_wpnts": 53}
5992366000000,{"sm_state": "TRAILING", "path_source": "MPC_OT", "mpc_mode_echo": "avoid", "trail_targets_n": 0, "ot_age_ms": 34.0, "rc_age_ms": 34.0, "n_wpnts": 53}
5992400000000,{"sm_state": "TRAILING", "path_source": "MPC_OT", "mpc_mode_echo": "avoid", "trail_targets_n": 0, "ot_age_ms": 51.0, "rc_age_ms": 51.0, "n_wpnts": 53}
5992400000000,{"sm_state": "TRAILING", "path_source": "MPC_OT", "mpc_mode_echo": "avoid", "trail_targets_n": 0, "ot_age_ms": 68.0, "rc_age_ms": 68.0, "n_wpnts": 53}
5992434000000,{"sm_state": "TRAILING", "path_source": "MPC_OT", "mpc_mode_echo": "avoid", "trail_targets_n": 0, "ot_age_ms": 85.0, "rc_age_ms": 85.0, "n_wpnts": 53}
5992434000000,{"sm_state": "TRAILING", "path_source": "MPC_OT", "mpc_mode_echo": "avoid", "trail_targets_n": 0, "ot_age_ms": 51.0, "rc_age_ms": 51.0, "n_wpnts": 53}
5992451000000,{"sm_state": "TRAILING", "path_source": "MPC_OT", "mpc_mode_echo": "avoid", "trail_targets_n": 0, "ot_age_ms": 34.0, "rc_age_ms": 34.0, "n_wpnts": 53}
5992451000000,{"sm_state": "TRAILING", "path_source": "MPC_OT", "mpc_mode_echo": "avoid", "trail_targets_n": 0, "ot_age_ms": 34.0, "rc_age_ms": 34.0, "n_wpnts": 53}
5992468000000,{"sm_state": "TRAILING", "path_source": "MPC_OT", "mpc_mode_echo": "avoid", "trail_targets_n": 0, "ot_age_ms": 17.0, "rc_age_ms": 17.0, "n_wpnts": 55}
5992502000000,{"sm_state": "TRAILING", "path_source": "MPC_OT", "mpc_mode_echo": "avoid", "trail_targets_n": 0, "ot_age_ms": 51.0, "rc_age_ms": 51.0, "n_wpnts": 55}
5992502000000,{"sm_state": "TRAILING", "path_source": "MPC_OT", "mpc_mode_echo": "avoid", "trail_targets_n": 0, "ot_age_ms": 51.0, "rc_age_ms": 51.0, "n_wpnts": 55}
5992502000000,{"sm_state": "TRAILING", "path_source": "MPC_OT", "mpc_mode_echo": "avoid", "trail_targets_n": 0, "ot_age_ms": 51.0, "rc_age_ms": 51.0, "n_wpnts": 55}
5992536000000,{"sm_state": "TRAILING", "path_source": "MPC_OT", "mpc_mode_echo": "avoid", "trail_targets_n": 0, "ot_age_ms": 17.0, "rc_age_ms": 17.0, "n_wpnts": 55}
5992536000000,{"sm_state": "TRAILING", "path_source": "MPC_OT", "mpc_mode_echo": "avoid", "trail_targets_n": 0, "ot_age_ms": 34.0, "rc_age_ms": 34.0, "n_wpnts": 55}
5992549000000,{"sm_state": "TRAILING", "path_source": "MPC_OT", "mpc_mode_echo": "avoid", "trail_targets_n": 0, "ot_age_ms": 36.0, "rc_age_ms": 36.0, "n_wpnts": 55}
5992549000000,{"sm_state": "TRAILING", "path_source": "MPC_OT", "mpc_mode_echo": "avoid", "trail_targets_n": 0, "ot_age_ms": 36.0, "rc_age_ms": 36.0, "n_wpnts": 55}
5992585000000,{"sm_state": "TRAILING", "path_source": "MPC_OT", "mpc_mode_echo": "avoid", "trail_targets_n": 0, "ot_age_ms": 34.0, "rc_age_ms": 34.0, "n_wpnts": 56}
5992585000000,{"sm_state": "TRAILING", "path_source": "MPC_OT", "mpc_mode_echo": "avoid", "trail_targets_n": 0, "ot_age_ms": 34.0, "rc_age_ms": 34.0, "n_wpnts": 56}
5992585000000,{"sm_state": "TRAILING", "path_source": "MPC_OT", "mpc_mode_echo": "avoid", "trail_targets_n": 0, "ot_age_ms": 34.0, "rc_age_ms": 34.0, "n_wpnts": 56}
5992619000000,{"sm_state": "TRAILING", "path_source": "MPC_OT", "mpc_mode_echo": "avoid", "trail_targets_n": 0, "ot_age_ms": 68.0, "rc_age_ms": 68.0, "n_wpnts": 56}
5992619000000,{"sm_state": "TRAILING", "path_source": "MPC_OT", "mpc_mode_echo": "avoid", "trail_targets_n": 0, "ot_age_ms": 68.0, "rc_age_ms": 68.0, "n_wpnts": 56}
5992636000000,{"sm_state": "TRAILING", "path_source": "MPC_OT", "mpc_mode_echo": "avoid", "trail_targets_n": 0, "ot_age_ms": 17.0, "rc_age_ms": 17.0, "n_wpnts": 55}
5992636000000,{"sm_state": "TRAILING", "path_source": "MPC_OT", "mpc_mode_echo": "avoid", "trail_targets_n": 0, "ot_age_ms": 17.0, "rc_age_ms": 17.0, "n_wpnts": 55}
5992653000000,{"sm_state": "TRAILING", "path_source": "MPC_OT", "mpc_mode_echo": "avoid", "trail_targets_n": 0, "ot_age_ms": 17.0, "rc_age_ms": 17.0, "n_wpnts": 55}
5992687000000,{"sm_state": "TRAILING", "path_source": "MPC_OT", "mpc_mode_echo": "avoid", "trail_targets_n": 0, "ot_age_ms": 34.0, "rc_age_ms": 34.0, "n_wpnts": 56}
5992687000000,{"sm_state": "TRAILING", "path_source": "MPC_OT", "mpc_mode_echo": "avoid", "trail_targets_n": 0, "ot_age_ms": 34.0, "rc_age_ms": 34.0, "n_wpnts": 56}
5992687000000,{"sm_state": "TRAILING", "path_source": "MPC_OT", "mpc_mode_echo": "avoid", "trail_targets_n": 0, "ot_age_ms": 34.0, "rc_age_ms": 34.0, "n_wpnts": 56}
5992704000000,{"sm_state": "TRAILING", "path_source": "MPC_OT", "mpc_mode_echo": "avoid", "trail_targets_n": 0, "ot_age_ms": 51.0, "rc_age_ms": 51.0, "n_wpnts": 56}
5992738000000,{"sm_state": "TRAILING", "path_source": "MPC_OT", "mpc_mode_echo": "avoid", "trail_targets_n": 0, "ot_age_ms": 34.0, "rc_age_ms": 34.0, "n_wpnts": 56}
5992738000000,{"sm_state": "TRAILING", "path_source": "MPC_OT", "mpc_mode_echo": "avoid", "trail_targets_n": 0, "ot_age_ms": 34.0, "rc_age_ms": 34.0, "n_wpnts": 56}
5992738000000,{"sm_state": "TRAILING", "path_source": "MPC_OT", "mpc_mode_echo": "avoid", "trail_targets_n": 0, "ot_age_ms": 34.0, "rc_age_ms": 34.0, "n_wpnts": 56}
5992755000000,{"sm_state": "TRAILING", "path_source": "MPC_OT", "mpc_mode_echo": "avoid", "trail_targets_n": 0, "ot_age_ms": 14.0, "rc_age_ms": 14.0, "n_wpnts": 56}
5992772000000,{"sm_state": "TRAILING", "path_source": "MPC_OT", "mpc_mode_echo": "avoid", "trail_targets_n": 0, "ot_age_ms": 31.0, "rc_age_ms": 31.0, "n_wpnts": 56}
5992789000000,{"sm_state": "TRAILING", "path_source": "MPC_OT", "mpc_mode_echo": "avoid", "trail_targets_n": 0, "ot_age_ms": 34.0, "rc_age_ms": 34.0, "n_wpnts": 57}
5992806000000,{"sm_state": "TRAILING", "path_source": "MPC_OT", "mpc_mode_echo": "avoid", "trail_targets_n": 0, "ot_age_ms": 51.0, "rc_age_ms": 51.0, "n_wpnts": 57}
5992806000000,{"sm_state": "TRAILING", "path_source": "MPC_OT", "mpc_mode_echo": "avoid", "trail_targets_n": 0, "ot_age_ms": 51.0, "rc_age_ms": 51.0, "n_wpnts": 57}
5992823000000,{"sm_state": "TRAILING", "path_source": "MPC_OT", "mpc_mode_echo": "avoid", "trail_targets_n": 0, "ot_age_ms": 17.0, "rc_age_ms": 17.0, "n_wpnts": 57}
5992840000000,{"sm_state": "TRAILING", "path_source": "MPC_OT", "mpc_mode_echo": "avoid", "trail_targets_n": 0, "ot_age_ms": 34.0, "rc_age_ms": 34.0, "n_wpnts": 57}
5992840000000,{"sm_state": "TRAILING", "path_source": "MPC_OT", "mpc_mode_echo": "avoid", "trail_targets_n": 0, "ot_age_ms": 34.0, "rc_age_ms": 34.0, "n_wpnts": 56}
5992857000000,{"sm_state": "TRAILING", "path_source": "MPC_OT", "mpc_mode_echo": "avoid", "trail_targets_n": 0, "ot_age_ms": 34.0, "rc_age_ms": 34.0, "n_wpnts": 58}
5992891000000,{"sm_state": "TRAILING", "path_source": "MPC_OT", "mpc_mode_echo": "avoid", "trail_targets_n": 0, "ot_age_ms": 34.0, "rc_age_ms": 34.0, "n_wpnts": 59}
5992908000000,{"sm_state": "TRAILING", "path_source": "MPC_OT", "mpc_mode_echo": "avoid", "trail_targets_n": 0, "ot_age_ms": 51.0, "rc_age_ms": 51.0, "n_wpnts": 59}
5992925000000,{"sm_state": "TRAILING", "path_source": "MPC_OT", "mpc_mode_echo": "avoid", "trail_targets_n": 0, "ot_age_ms": 51.0, "rc_age_ms": 51.0, "n_wpnts": 59}
5992925000000,{"sm_state": "TRAILING", "path_source": "MPC_OT", "mpc_mode_echo": "avoid", "trail_targets_n": 0, "ot_age_ms": 17.0, "rc_age_ms": 17.0, "n_wpnts": 59}
5992942000000,{"sm_state": "TRAILING", "path_source": "MPC_OT", "mpc_mode_echo": "avoid", "trail_targets_n": 0, "ot_age_ms": 51.0, "rc_age_ms": 51.0, "n_wpnts": 59}
5992942000000,{"sm_state": "TRAILING", "path_source": "MPC_OT", "mpc_mode_echo": "avoid", "trail_targets_n": 0, "ot_age_ms": 51.0, "rc_age_ms": 51.0, "n_wpnts": 59}
5992942000000,{"sm_state": "TRAILING", "path_source": "MPC_OT", "mpc_mode_echo": "avoid", "trail_targets_n": 0, "ot_age_ms": 51.0, "rc_age_ms": 51.0, "n_wpnts": 59}
5992959000000,{"sm_state": "TRAILING", "path_source": "MPC_OT", "mpc_mode_echo": "avoid", "trail_targets_n": 0, "ot_age_ms": 17.0, "rc_age_ms": 17.0, "n_wpnts": 58}
5992993000000,{"sm_state": "TRAILING", "path_source": "MPC_OT", "mpc_mode_echo": "avoid", "trail_targets_n": 0, "ot_age_ms": 34.0, "rc_age_ms": 34.0, "n_wpnts": 61}
5993010000000,{"sm_state": "TRAILING", "path_source": "MPC_OT", "mpc_mode_echo": "avoid", "trail_targets_n": 0, "ot_age_ms": 68.0, "rc_age_ms": 68.0, "n_wpnts": 60}
5993010000000,{"sm_state": "TRAILING", "path_source": "MPC_OT", "mpc_mode_echo": "avoid", "trail_targets_n": 0, "ot_age_ms": 68.0, "rc_age_ms": 68.0, "n_wpnts": 60}
5993044000000,{"sm_state": "TRAILING", "path_source": "MPC_OT", "mpc_mode_echo": "avoid", "trail_targets_n": 0, "ot_age_ms": 34.0, "rc_age_ms": 34.0, "n_wpnts": 61}
5993062000000,{"sm_state": "TRAILING", "path_source": "MPC_OT", "mpc_mode_echo": "avoid", "trail_targets_n": 0, "ot_age_ms": 18.0, "rc_age_ms": 18.0, "n_wpnts": 60}
5993096000000,{"sm_state": "TRAILING", "path_source": "MPC_OT", "mpc_mode_echo": "avoid", "trail_targets_n": 0, "ot_age_ms": 34.0, "rc_age_ms": 34.0, "n_wpnts": 61}
5993096000000,{"sm_state": "TRAILING", "path_source": "MPC_OT", "mpc_mode_echo": "avoid", "trail_targets_n": 0, "ot_age_ms": 34.0, "rc_age_ms": 34.0, "n_wpnts": 60}
5993096000000,{"sm_state": "TRAILING", "path_source": "MPC_OT", "mpc_mode_echo": "avoid", "trail_targets_n": 0, "ot_age_ms": 34.0, "rc_age_ms": 34.0, "n_wpnts": 60}
5993130000000,{"sm_state": "TRAILING", "path_source": "MPC_OT", "mpc_mode_echo": "avoid", "trail_targets_n": 0, "ot_age_ms": 68.0, "rc_age_ms": 68.0, "n_wpnts": 60}
5993130000000,{"sm_state": "TRAILING", "path_source": "MPC_OT", "mpc_mode_echo": "avoid", "trail_targets_n": 0, "ot_age_ms": 68.0, "rc_age_ms": 68.0, "n_wpnts": 60}
5993130000000,{"sm_state": "TRAILING", "path_source": "MPC_OT", "mpc_mode_echo": "avoid", "trail_targets_n": 0, "ot_age_ms": 68.0, "rc_age_ms": 68.0, "n_wpnts": 60}
5993147000000,{"sm_state": "TRAILING", "path_source": "MPC_OT", "mpc_mode_echo": "avoid", "trail_targets_n": 0, "ot_age_ms": 17.0, "rc_age_ms": 17.0, "n_wpnts": 62}
5993164000000,{"sm_state": "TRAILING", "path_source": "MPC_OT", "mpc_mode_echo": "avoid", "trail_targets_n": 0, "ot_age_ms": 17.0, "rc_age_ms": 17.0, "n_wpnts": 61}
5993198000000,{"sm_state": "TRAILING", "path_source": "MPC_OT", "mpc_mode_echo": "avoid", "trail_targets_n": 0, "ot_age_ms": 34.0, "rc_age_ms": 34.0, "n_wpnts": 61}
5993215000000,{"sm_state": "TRAILING", "path_source": "MPC_OT", "mpc_mode_echo": "avoid", "trail_targets_n": 0, "ot_age_ms": 51.0, "rc_age_ms": 51.0, "n_wpnts": 61}
5993232000000,{"sm_state": "TRAILING", "path_source": "MPC_OT", "mpc_mode_echo": "avoid", "trail_targets_n": 0, "ot_age_ms": 68.0, "rc_age_ms": 68.0, "n_wpnts": 60}
5993232000000,{"sm_state": "TRAILING", "path_source": "MPC_OT", "mpc_mode_echo": "avoid", "trail_targets_n": 0, "ot_age_ms": 68.0, "rc_age_ms": 68.0, "n_wpnts": 60}
5993232000000,{"sm_state": "TRAILING", "path_source": "MPC_OT", "mpc_mode_echo": "avoid", "trail_targets_n": 0, "ot_age_ms": 85.0, "rc_age_ms": 85.0, "n_wpnts": 60}
5993232000000,{"sm_state": "TRAILING", "path_source": "MPC_OT", "mpc_mode_echo": "avoid", "trail_targets_n": 0, "ot_age_ms": 51.0, "rc_age_ms": 51.0, "n_wpnts": 62}
5993249000000,{"sm_state": "TRAILING", "path_source": "MPC_OT", "mpc_mode_echo": "avoid", "trail_targets_n": 0, "ot_age_ms": 34.0, "rc_age_ms": 34.0, "n_wpnts": 63}
5993249000000,{"sm_state": "TRAILING", "path_source": "MPC_OT", "mpc_mode_echo": "avoid", "trail_targets_n": 0, "ot_age_ms": 51.0, "rc_age_ms": 51.0, "n_wpnts": 62}
5993283000000,{"sm_state": "TRAILING", "path_source": "MPC_OT", "mpc_mode_echo": "avoid", "trail_targets_n": 0, "ot_age_ms": 34.0, "rc_age_ms": 34.0, "n_wpnts": 62}
5993283000000,{"sm_state": "TRAILING", "path_source": "MPC_OT", "mpc_mode_echo": "avoid", "trail_targets_n": 0, "ot_age_ms": 34.0, "rc_age_ms": 34.0, "n_wpnts": 62}
5993317000000,{"sm_state": "TRAILING", "path_source": "MPC_OT", "mpc_mode_echo": "avoid", "trail_targets_n": 0, "ot_age_ms": 51.0, "rc_age_ms": 51.0, "n_wpnts": 61}
5993334000000,{"sm_state": "TRAILING", "path_source": "MPC_OT", "mpc_mode_echo": "avoid", "trail_targets_n": 0, "ot_age_ms": 51.0, "rc_age_ms": 51.0, "n_wpnts": 62}
5993334000000,{"sm_state": "TRAILING", "path_source": "MPC_OT", "mpc_mode_echo": "avoid", "trail_targets_n": 0, "ot_age_ms": 51.0, "rc_age_ms": 51.0, "n_wpnts": 62}
5993334000000,{"sm_state": "TRAILING", "path_source": "MPC_OT", "mpc_mode_echo": "avoid", "trail_targets_n": 0, "ot_age_ms": 51.0, "rc_age_ms": 51.0, "n_wpnts": 62}
5993368000000,{"sm_state": "TRAILING", "path_source": "MPC_OT", "mpc_mode_echo": "avoid", "trail_targets_n": 0, "ot_age_ms": 17.0, "rc_age_ms": 17.0, "n_wpnts": 64}
5993385000000,{"sm_state": "TRAILING", "path_source": "MPC_OT", "mpc_mode_echo": "avoid", "trail_targets_n": 0, "ot_age_ms": 17.0, "rc_age_ms": 17.0, "n_wpnts": 63}
5993385000000,{"sm_state": "TRAILING", "path_source": "MPC_OT", "mpc_mode_echo": "avoid", "trail_targets_n": 0, "ot_age_ms": 17.0, "rc_age_ms": 17.0, "n_wpnts": 63}
5993385000000,{"sm_state": "TRAILING", "path_source": "MPC_OT", "mpc_mode_echo": "avoid", "trail_targets_n": 0, "ot_age_ms": 34.0, "rc_age_ms": 34.0, "n_wpnts": 63}
5993436000000,{"sm_state": "TRAILING", "path_source": "MPC_OT", "mpc_mode_echo": "avoid", "trail_targets_n": 0, "ot_age_ms": 85.0, "rc_age_ms": 85.0, "n_wpnts": 63}
5993453000000,{"sm_state": "TRAILING", "path_source": "MPC_OT", "mpc_mode_echo": "avoid", "trail_targets_n": 0, "ot_age_ms": 85.0, "rc_age_ms": 85.0, "n_wpnts": 63}
5993453000000,{"sm_state": "TRAILING", "path_source": "MPC_OT", "mpc_mode_echo": "avoid", "trail_targets_n": 0, "ot_age_ms": 17.0, "rc_age_ms": 17.0, "n_wpnts": 63}
5993468000000,{"sm_state": "TRAILING", "path_source": "MPC_OT", "mpc_mode_echo": "avoid", "trail_targets_n": 0, "ot_age_ms": 17.0, "rc_age_ms": 17.0, "n_wpnts": 66}
5993485000000,{"sm_state": "TRAILING", "path_source": "MPC_OT", "mpc_mode_echo": "avoid", "trail_targets_n": 0, "ot_age_ms": 34.0, "rc_age_ms": 34.0, "n_wpnts": 65}
5993485000000,{"sm_state": "TRAILING", "path_source": "MPC_OT", "mpc_mode_echo": "avoid", "trail_targets_n": 0, "ot_age_ms": 34.0, "rc_age_ms": 34.0, "n_wpnts": 65}
5993519000000,{"sm_state": "TRAILING", "path_source": "MPC_OT", "mpc_mode_echo": "avoid", "trail_targets_n": 0, "ot_age_ms": 34.0, "rc_age_ms": 34.0, "n_wpnts": 65}
5993519000000,{"sm_state": "TRAILING", "path_source": "MPC_OT", "mpc_mode_echo": "avoid", "trail_targets_n": 0, "ot_age_ms": 34.0, "rc_age_ms": 34.0, "n_wpnts": 65}
5993536000000,{"sm_state": "TRAILING", "path_source": "MPC_OT", "mpc_mode_echo": "avoid", "trail_targets_n": 0, "ot_age_ms": 0.0, "rc_age_ms": 0.0, "n_wpnts": 65}
5993536000000,{"sm_state": "TRAILING", "path_source": "MPC_OT", "mpc_mode_echo": "avoid", "trail_targets_n": 0, "ot_age_ms": 0.0, "rc_age_ms": 0.0, "n_wpnts": 65}
5993573000000,{"sm_state": "TRAILING", "path_source": "MPC_OT", "mpc_mode_echo": "avoid", "trail_targets_n": 0, "ot_age_ms": 20.0, "rc_age_ms": 20.0, "n_wpnts": 63}
5993607000000,{"sm_state": "TRAILING", "path_source": "MPC_OT", "mpc_mode_echo": "avoid", "trail_targets_n": 0, "ot_age_ms": 42.0, "rc_age_ms": 42.0, "n_wpnts": 66}
5993607000000,{"sm_state": "TRAILING", "path_source": "MPC_OT", "mpc_mode_echo": "avoid", "trail_targets_n": 0, "ot_age_ms": 42.0, "rc_age_ms": 42.0, "n_wpnts": 66}
5993607000000,{"sm_state": "TRAILING", "path_source": "MPC_OT", "mpc_mode_echo": "avoid", "trail_targets_n": 0, "ot_age_ms": 42.0, "rc_age_ms": 42.0, "n_wpnts": 66}
5993607000000,{"sm_state": "TRAILING", "path_source": "MPC_OT", "mpc_mode_echo": "avoid", "trail_targets_n": 0, "ot_age_ms": 76.0, "rc_age_ms": 76.0, "n_wpnts": 66}
5993624000000,{"sm_state": "TRAILING", "path_source": "MPC_OT", "mpc_mode_echo": "avoid", "trail_targets_n": 0, "ot_age_ms": 76.0, "rc_age_ms": 76.0, "n_wpnts": 66}
5993624000000,{"sm_state": "TRAILING", "path_source": "MPC_OT", "mpc_mode_echo": "avoid", "trail_targets_n": 0, "ot_age_ms": 76.0, "rc_age_ms": 76.0, "n_wpnts": 65}
5993641000000,{"sm_state": "TRAILING", "path_source": "MPC_OT", "mpc_mode_echo": "avoid", "trail_targets_n": 0, "ot_age_ms": 22.0, "rc_age_ms": 22.0, "n_wpnts": 66}
5993675000000,{"sm_state": "TRAILING", "path_source": "MPC_OT", "mpc_mode_echo": "avoid", "trail_targets_n": 0, "ot_age_ms": 22.0, "rc_age_ms": 22.0, "n_wpnts": 66}
5993675000000,{"sm_state": "TRAILING", "path_source": "MPC_OT", "mpc_mode_echo": "avoid", "trail_targets_n": 0, "ot_age_ms": 22.0, "rc_age_ms": 22.0, "n_wpnts": 66}
5993675000000,{"sm_state": "TRAILING", "path_source": "MPC_OT", "mpc_mode_echo": "avoid", "trail_targets_n": 0, "ot_age_ms": 22.0, "rc_age_ms": 22.0, "n_wpnts": 66}
5993709000000,{"sm_state": "TRAILING", "path_source": "MPC_OT", "mpc_mode_echo": "avoid", "trail_targets_n": 0, "ot_age_ms": 39.0, "rc_age_ms": 39.0, "n_wpnts": 66}
5993743000000,{"sm_state": "TRAILING", "path_source": "MPC_OT", "mpc_mode_echo": "avoid", "trail_targets_n": 0, "ot_age_ms": 73.0, "rc_age_ms": 73.0, "n_wpnts": 65}
5993743000000,{"sm_state": "TRAILING", "path_source": "MPC_OT", "mpc_mode_echo": "avoid", "trail_targets_n": 0, "ot_age_ms": 90.0, "rc_age_ms": 90.0, "n_wpnts": 64}
5993743000000,{"sm_state": "TRAILING", "path_source": "MPC_OT", "mpc_mode_echo": "avoid", "trail_targets_n": 0, "ot_age_ms": 90.0, "rc_age_ms": 90.0, "n_wpnts": 64}
5993743000000,{"sm_state": "TRAILING", "path_source": "MPC_OT", "mpc_mode_echo": "avoid", "trail_targets_n": 0, "ot_age_ms": 90.0, "rc_age_ms": 90.0, "n_wpnts": 64}
5993777000000,{"sm_state": "TRAILING", "path_source": "MPC_OT", "mpc_mode_echo": "avoid", "trail_targets_n": 0, "ot_age_ms": 39.0, "rc_age_ms": 39.0, "n_wpnts": 65}
5993777000000,{"sm_state": "TRAILING", "path_source": "MPC_OT", "mpc_mode_echo": "avoid", "trail_targets_n": 0, "ot_age_ms": 39.0, "rc_age_ms": 39.0, "n_wpnts": 65}
5993794000000,{"sm_state": "TRAILING", "path_source": "MPC_OT", "mpc_mode_echo": "avoid", "trail_targets_n": 0, "ot_age_ms": 5.0, "rc_age_ms": 5.0, "n_wpnts": 66}
5993794000000,{"sm_state": "TRAILING", "path_source": "MPC_OT", "mpc_mode_echo": "avoid", "trail_targets_n": 0, "ot_age_ms": 22.0, "rc_age_ms": 22.0, "n_wpnts": 65}
5993811000000,{"sm_state": "TRAILING", "path_source": "MPC_OT", "mpc_mode_echo": "avoid", "trail_targets_n": 0, "ot_age_ms": 22.0, "rc_age_ms": 22.0, "n_wpnts": 65}
5993811000000,{"sm_state": "TRAILING", "path_source": "MPC_OT", "mpc_mode_echo": "avoid", "trail_targets_n": 0, "ot_age_ms": 22.0, "rc_age_ms": 22.0, "n_wpnts": 65}
5993845000000,{"sm_state": "TRAILING", "path_source": "MPC_OT", "mpc_mode_echo": "avoid", "trail_targets_n": 0, "ot_age_ms": 39.0, "rc_age_ms": 39.0, "n_wpnts": 65}
5993845000000,{"sm_state": "TRAILING", "path_source": "MPC_OT", "mpc_mode_echo": "avoid", "trail_targets_n": 0, "ot_age_ms": 22.0, "rc_age_ms": 22.0, "n_wpnts": 67}
5993863000000,{"sm_state": "TRAILING", "path_source": "MPC_OT", "mpc_mode_echo": "avoid", "trail_targets_n": 0, "ot_age_ms": 57.0, "rc_age_ms": 57.0, "n_wpnts": 66}
5993897000000,{"sm_state": "TRAILING", "path_source": "MPC_OT", "mpc_mode_echo": "avoid", "trail_targets_n": 0, "ot_age_ms": 57.0, "rc_age_ms": 57.0, "n_wpnts": 65}
5993897000000,{"sm_state": "TRAILING", "path_source": "MPC_OT", "mpc_mode_echo": "avoid", "trail_targets_n": 0, "ot_age_ms": 57.0, "rc_age_ms": 57.0, "n_wpnts": 65}
5993897000000,{"sm_state": "TRAILING", "path_source": "MPC_OT", "mpc_mode_echo": "avoid", "trail_targets_n": 0, "ot_age_ms": 74.0, "rc_age_ms": 74.0, "n_wpnts": 65}
5993914000000,{"sm_state": "TRAILING", "path_source": "MPC_OT", "mpc_mode_echo": "avoid", "trail_targets_n": 0, "ot_age_ms": 39.0, "rc_age_ms": 39.0, "n_wpnts": 66}
5993914000000,{"sm_state": "TRAILING", "path_source": "MPC_OT", "mpc_mode_echo": "avoid", "trail_targets_n": 0, "ot_age_ms": 56.0, "rc_age_ms": 56.0, "n_wpnts": 66}
5993931000000,{"sm_state": "OVERTAKE", "path_source": "MPC_OT", "mpc_mode_echo": "avoid", "trail_targets_n": 0, "ot_age_ms": 39.0, "rc_age_ms": 39.0, "n_wpnts": 65}
5993966000000,{"sm_state": "OVERTAKE", "path_source": "MPC_OT", "mpc_mode_echo": "avoid", "trail_targets_n": 0, "ot_age_ms": 23.0, "rc_age_ms": 23.0, "n_wpnts": 66}
5993966000000,{"sm_state": "OVERTAKE", "path_source": "MPC_OT", "mpc_mode_echo": "avoid", "trail_targets_n": 0, "ot_age_ms": 23.0, "rc_age_ms": 23.0, "n_wpnts": 66}
5994000000000,{"sm_state": "OVERTAKE", "path_source": "MPC_OT", "mpc_mode_echo": "avoid", "trail_targets_n": 0, "ot_age_ms": 57.0, "rc_age_ms": 57.0, "n_wpnts": 66}
5994000000000,{"sm_state": "OVERTAKE", "path_source": "MPC_OT", "mpc_mode_echo": "avoid", "trail_targets_n": 0, "ot_age_ms": 57.0, "rc_age_ms": 57.0, "n_wpnts": 64}
5994034000000,{"sm_state": "OVERTAKE", "path_source": "MPC_OT", "mpc_mode_echo": "avoid", "trail_targets_n": 0, "ot_age_ms": 22.0, "rc_age_ms": 22.0, "n_wpnts": 65}
5994034000000,{"sm_state": "OVERTAKE", "path_source": "MPC_OT", "mpc_mode_echo": "avoid", "trail_targets_n": 0, "ot_age_ms": 39.0, "rc_age_ms": 39.0, "n_wpnts": 65}
5994051000000,{"sm_state": "OVERTAKE", "path_source": "MPC_OT", "mpc_mode_echo": "avoid", "trail_targets_n": 0, "ot_age_ms": 22.0, "rc_age_ms": 22.0, "n_wpnts": 65}
5994051000000,{"sm_state": "OVERTAKE", "path_source": "MPC_OT", "mpc_mode_echo": "avoid", "trail_targets_n": 0, "ot_age_ms": 22.0, "rc_age_ms": 22.0, "n_wpnts": 65}
5994085000000,{"sm_state": "OVERTAKE", "path_source": "MPC_OT", "mpc_mode_echo": "avoid", "trail_targets_n": 0, "ot_age_ms": 22.0, "rc_age_ms": 22.0, "n_wpnts": 66}
5994085000000,{"sm_state": "OVERTAKE", "path_source": "MPC_OT", "mpc_mode_echo": "avoid", "trail_targets_n": 0, "ot_age_ms": 39.0, "rc_age_ms": 39.0, "n_wpnts": 66}
5994102000000,{"sm_state": "OVERTAKE", "path_source": "MPC_OT", "mpc_mode_echo": "avoid", "trail_targets_n": 0, "ot_age_ms": 39.0, "rc_age_ms": 39.0, "n_wpnts": 64}
5994102000000,{"sm_state": "OVERTAKE", "path_source": "MPC_OT", "mpc_mode_echo": "avoid", "trail_targets_n": 0, "ot_age_ms": 39.0, "rc_age_ms": 39.0, "n_wpnts": 64}
5994119000000,{"sm_state": "OVERTAKE", "path_source": "MPC_OT", "mpc_mode_echo": "avoid", "trail_targets_n": 0, "ot_age_ms": 39.0, "rc_age_ms": 39.0, "n_wpnts": 64}
5994136000000,{"sm_state": "OVERTAKE", "path_source": "MPC_OT", "mpc_mode_echo": "avoid", "trail_targets_n": 0, "ot_age_ms": 73.0, "rc_age_ms": 73.0, "n_wpnts": 63}
5994136000000,{"sm_state": "OVERTAKE", "path_source": "MPC_OT", "mpc_mode_echo": "avoid", "trail_targets_n": 0, "ot_age_ms": 73.0, "rc_age_ms": 73.0, "n_wpnts": 63}
5994170000000,{"sm_state": "OVERTAKE", "path_source": "MPC_OT", "mpc_mode_echo": "avoid", "trail_targets_n": 0, "ot_age_ms": 22.0, "rc_age_ms": 22.0, "n_wpnts": 65}
5994204000000,{"sm_state": "OVERTAKE", "path_source": "MPC_OT", "mpc_mode_echo": "avoid", "trail_targets_n": 0, "ot_age_ms": 56.0, "rc_age_ms": 56.0, "n_wpnts": 64}
5994221000000,{"sm_state": "OVERTAKE", "path_source": "MPC_OT", "mpc_mode_echo": "avoid", "trail_targets_n": 0, "ot_age_ms": 56.0, "rc_age_ms": 56.0, "n_wpnts": 63}
5994221000000,{"sm_state": "OVERTAKE", "path_source": "MPC_OT", "mpc_mode_echo": "avoid", "trail_targets_n": 0, "ot_age_ms": 73.0, "rc_age_ms": 73.0, "n_wpnts": 63}
5994221000000,{"sm_state": "OVERTAKE", "path_source": "MPC_OT", "mpc_mode_echo": "avoid", "trail_targets_n": 0, "ot_age_ms": 73.0, "rc_age_ms": 73.0, "n_wpnts": 63}
5994238000000,{"sm_state": "OVERTAKE", "path_source": "MPC_OT", "mpc_mode_echo": "avoid", "trail_targets_n": 0, "ot_age_ms": 90.0, "rc_age_ms": 90.0, "n_wpnts": 63}
5994255000000,{"sm_state": "OVERTAKE", "path_source": "MPC_OT", "mpc_mode_echo": "avoid", "trail_targets_n": 0, "ot_age_ms": 39.0, "rc_age_ms": 39.0, "n_wpnts": 65}
5994255000000,{"sm_state": "OVERTAKE", "path_source": "MPC_OT", "mpc_mode_echo": "avoid", "trail_targets_n": 0, "ot_age_ms": 56.0, "rc_age_ms": 56.0, "n_wpnts": 63}
5994289000000,{"sm_state": "OVERTAKE", "path_source": "MPC_OT", "mpc_mode_echo": "avoid", "trail_targets_n": 0, "ot_age_ms": 73.0, "rc_age_ms": 73.0, "n_wpnts": 63}
5994306000000,{"sm_state": "OVERTAKE", "path_source": "MPC_OT", "mpc_mode_echo": "avoid", "trail_targets_n": 0, "ot_age_ms": 56.0, "rc_age_ms": 56.0, "n_wpnts": 63}
5994340000000,{"sm_state": "OVERTAKE", "path_source": "MPC_OT", "mpc_mode_echo": "avoid", "trail_targets_n": 0, "ot_age_ms": 73.0, "rc_age_ms": 73.0, "n_wpnts": 63}
5994340000000,{"sm_state": "OVERTAKE", "path_source": "MPC_OT", "mpc_mode_echo": "avoid", "trail_targets_n": 0, "ot_age_ms": 56.0, "rc_age_ms": 56.0, "n_wpnts": 62}
5994348000000,{"sm_state": "OVERTAKE", "path_source": "MPC_OT", "mpc_mode_echo": "avoid", "trail_targets_n": 0, "ot_age_ms": 15.0, "rc_age_ms": 15.0, "n_wpnts": 62}
5994365000000,{"sm_state": "OVERTAKE", "path_source": "MPC_OT", "mpc_mode_echo": "avoid", "trail_targets_n": 0, "ot_age_ms": 32.0, "rc_age_ms": 32.0, "n_wpnts": 61}
5994365000000,{"sm_state": "OVERTAKE", "path_source": "MPC_OT", "mpc_mode_echo": "avoid", "trail_targets_n": 0, "ot_age_ms": 25.0, "rc_age_ms": 25.0, "n_wpnts": 63}
5994416000000,{"sm_state": "OVERTAKE", "path_source": "MPC_OT", "mpc_mode_echo": "avoid", "trail_targets_n": 0, "ot_age_ms": 59.0, "rc_age_ms": 59.0, "n_wpnts": 62}
5994433000000,{"sm_state": "OVERTAKE", "path_source": "MPC_OT", "mpc_mode_echo": "avoid", "trail_targets_n": 0, "ot_age_ms": 59.0, "rc_age_ms": 59.0, "n_wpnts": 62}
5994433000000,{"sm_state": "OVERTAKE", "path_source": "MPC_OT", "mpc_mode_echo": "avoid", "trail_targets_n": 0, "ot_age_ms": 76.0, "rc_age_ms": 76.0, "n_wpnts": 61}
5994467000000,{"sm_state": "OVERTAKE", "path_source": "MPC_OT", "mpc_mode_echo": "avoid", "trail_targets_n": 0, "ot_age_ms": 25.0, "rc_age_ms": 25.0, "n_wpnts": 60}
5994467000000,{"sm_state": "OVERTAKE", "path_source": "MPC_OT", "mpc_mode_echo": "avoid", "trail_targets_n": 0, "ot_age_ms": 25.0, "rc_age_ms": 25.0, "n_wpnts": 60}
5994484000000,{"sm_state": "OVERTAKE", "path_source": "MPC_OT", "mpc_mode_echo": "avoid", "trail_targets_n": 0, "ot_age_ms": 42.0, "rc_age_ms": 42.0, "n_wpnts": 60}
5994501000000,{"sm_state": "OVERTAKE", "path_source": "MPC_OT", "mpc_mode_echo": "avoid", "trail_targets_n": 0, "ot_age_ms": 59.0, "rc_age_ms": 59.0, "n_wpnts": 59}
5994501000000,{"sm_state": "OVERTAKE", "path_source": "MPC_OT", "mpc_mode_echo": "avoid", "trail_targets_n": 0, "ot_age_ms": 59.0, "rc_age_ms": 59.0, "n_wpnts": 59}
5994518000000,{"sm_state": "OVERTAKE", "path_source": "MPC_OT", "mpc_mode_echo": "avoid", "trail_targets_n": 0, "ot_age_ms": 25.0, "rc_age_ms": 25.0, "n_wpnts": 60}
5994535000000,{"sm_state": "OVERTAKE", "path_source": "MPC_OT", "mpc_mode_echo": "avoid", "trail_targets_n": 0, "ot_age_ms": 42.0, "rc_age_ms": 42.0, "n_wpnts": 60}
5994552000000,{"sm_state": "OVERTAKE", "path_source": "MPC_OT", "mpc_mode_echo": "avoid", "trail_targets_n": 0, "ot_age_ms": 25.0, "rc_age_ms": 25.0, "n_wpnts": 58}
5994552000000,{"sm_state": "OVERTAKE", "path_source": "MPC_OT", "mpc_mode_echo": "avoid", "trail_targets_n": 0, "ot_age_ms": 25.0, "rc_age_ms": 25.0, "n_wpnts": 58}
5994569000000,{"sm_state": "OVERTAKE", "path_source": "MPC_OT", "mpc_mode_echo": "avoid", "trail_targets_n": 0, "ot_age_ms": 25.0, "rc_age_ms": 25.0, "n_wpnts": 58}
5994603000000,{"sm_state": "OVERTAKE", "path_source": "MPC_OT", "mpc_mode_echo": "avoid", "trail_targets_n": 0, "ot_age_ms": 42.0, "rc_age_ms": 42.0, "n_wpnts": 57}
5994603000000,{"sm_state": "OVERTAKE", "path_source": "MPC_OT", "mpc_mode_echo": "avoid", "trail_targets_n": 0, "ot_age_ms": 42.0, "rc_age_ms": 42.0, "n_wpnts": 57}
5994637000000,{"sm_state": "OVERTAKE", "path_source": "MPC_OT", "mpc_mode_echo": "avoid", "trail_targets_n": 0, "ot_age_ms": 25.0, "rc_age_ms": 25.0, "n_wpnts": 58}
5994637000000,{"sm_state": "OVERTAKE", "path_source": "MPC_OT", "mpc_mode_echo": "avoid", "trail_targets_n": 0, "ot_age_ms": 25.0, "rc_age_ms": 25.0, "n_wpnts": 57}
5994654000000,{"sm_state": "OVERTAKE", "path_source": "MPC_OT", "mpc_mode_echo": "avoid", "trail_targets_n": 0, "ot_age_ms": 8.0, "rc_age_ms": 8.0, "n_wpnts": 57}
5994671000000,{"sm_state": "OVERTAKE", "path_source": "MPC_OT", "mpc_mode_echo": "avoid", "trail_targets_n": 0, "ot_age_ms": 42.0, "rc_age_ms": 42.0, "n_wpnts": 56}
5994688000000,{"sm_state": "OVERTAKE", "path_source": "MPC_OT", "mpc_mode_echo": "avoid", "trail_targets_n": 0, "ot_age_ms": 42.0, "rc_age_ms": 42.0, "n_wpnts": 55}
5994688000000,{"sm_state": "OVERTAKE", "path_source": "MPC_OT", "mpc_mode_echo": "avoid", "trail_targets_n": 0, "ot_age_ms": 42.0, "rc_age_ms": 42.0, "n_wpnts": 54}
5994705000000,{"sm_state": "OVERTAKE", "path_source": "MPC_OT", "mpc_mode_echo": "avoid", "trail_targets_n": 0, "ot_age_ms": 59.0, "rc_age_ms": 59.0, "n_wpnts": 54}
5994739000000,{"sm_state": "OVERTAKE", "path_source": "MPC_OT", "mpc_mode_echo": "avoid", "trail_targets_n": 0, "ot_age_ms": 42.0, "rc_age_ms": 42.0, "n_wpnts": 55}
5994739000000,{"sm_state": "OVERTAKE", "path_source": "MPC_OT", "mpc_mode_echo": "avoid", "trail_targets_n": 0, "ot_age_ms": 59.0, "rc_age_ms": 59.0, "n_wpnts": 55}
5994739000000,{"sm_state": "OVERTAKE", "path_source": "MPC_OT", "mpc_mode_echo": "avoid", "trail_targets_n": 0, "ot_age_ms": 59.0, "rc_age_ms": 59.0, "n_wpnts": 55}
5994756000000,{"sm_state": "OVERTAKE", "path_source": "MPC_OT", "mpc_mode_echo": "avoid", "trail_targets_n": 0, "ot_age_ms": 29.0, "rc_age_ms": 29.0, "n_wpnts": 55}
5994777000000,{"sm_state": "OVERTAKE", "path_source": "MPC_OT", "mpc_mode_echo": "avoid", "trail_targets_n": 0, "ot_age_ms": 29.0, "rc_age_ms": 29.0, "n_wpnts": 54}
5994777000000,{"sm_state": "OVERTAKE", "path_source": "MPC_OT", "mpc_mode_echo": "avoid", "trail_targets_n": 0, "ot_age_ms": 29.0, "rc_age_ms": 29.0, "n_wpnts": 54}
5994828000000,{"sm_state": "OVERTAKE", "path_source": "MPC_OT", "mpc_mode_echo": "avoid", "trail_targets_n": 0, "ot_age_ms": 46.0, "rc_age_ms": 46.0, "n_wpnts": 53}
5994828000000,{"sm_state": "OVERTAKE", "path_source": "MPC_OT", "mpc_mode_echo": "avoid", "trail_targets_n": 0, "ot_age_ms": 63.0, "rc_age_ms": 63.0, "n_wpnts": 53}
5994828000000,{"sm_state": "OVERTAKE", "path_source": "MPC_OT", "mpc_mode_echo": "avoid", "trail_targets_n": 0, "ot_age_ms": 63.0, "rc_age_ms": 63.0, "n_wpnts": 53}
5994828000000,{"sm_state": "OVERTAKE", "path_source": "MPC_OT", "mpc_mode_echo": "avoid", "trail_targets_n": 0, "ot_age_ms": 42.0, "rc_age_ms": 42.0, "n_wpnts": 54}
5994845000000,{"sm_state": "OVERTAKE", "path_source": "MPC_OT", "mpc_mode_echo": "avoid", "trail_targets_n": 0, "ot_age_ms": 25.0, "rc_age_ms": 25.0, "n_wpnts": 51}
5994896000000,{"sm_state": "OVERTAKE", "path_source": "MPC_OT", "mpc_mode_echo": "avoid", "trail_targets_n": 0, "ot_age_ms": 93.0, "rc_age_ms": 93.0, "n_wpnts": 50}
5994896000000,{"sm_state": "OVERTAKE", "path_source": "MPC_OT", "mpc_mode_echo": "avoid", "trail_targets_n": 0, "ot_age_ms": 93.0, "rc_age_ms": 93.0, "n_wpnts": 50}
5994913000000,{"sm_state": "OVERTAKE", "path_source": "MPC_OT", "mpc_mode_echo": "avoid", "trail_targets_n": 0, "ot_age_ms": 110.0, "rc_age_ms": 110.0, "n_wpnts": 49}
5994947000000,{"sm_state": "OVERTAKE", "path_source": "MPC_OT", "mpc_mode_echo": "avoid", "trail_targets_n": 0, "ot_age_ms": 43.0, "rc_age_ms": 43.0, "n_wpnts": 51}
5994965000000,{"sm_state": "OVERTAKE", "path_source": "MPC_OT", "mpc_mode_echo": "avoid", "trail_targets_n": 0, "ot_age_ms": 26.0, "rc_age_ms": 26.0, "n_wpnts": 50}
5994965000000,{"sm_state": "OVERTAKE", "path_source": "MPC_OT", "mpc_mode_echo": "avoid", "trail_targets_n": 0, "ot_age_ms": 26.0, "rc_age_ms": 26.0, "n_wpnts": 50}
5994965000000,{"sm_state": "OVERTAKE", "path_source": "MPC_OT", "mpc_mode_echo": "avoid", "trail_targets_n": 0, "ot_age_ms": 25.0, "rc_age_ms": 25.0, "n_wpnts": 51}
5995033000000,{"sm_state": "OVERTAKE", "path_source": "MPC_OT", "mpc_mode_echo": "avoid", "trail_targets_n": 0, "ot_age_ms": 59.0, "rc_age_ms": 59.0, "n_wpnts": 49}
5995033000000,{"sm_state": "OVERTAKE", "path_source": "MPC_OT", "mpc_mode_echo": "avoid", "trail_targets_n": 0, "ot_age_ms": 76.0, "rc_age_ms": 76.0, "n_wpnts": 49}
5995053000000,{"sm_state": "OVERTAKE", "path_source": "MPC_OT", "mpc_mode_echo": "avoid", "trail_targets_n": 0, "ot_age_ms": 40.0, "rc_age_ms": 40.0, "n_wpnts": 48}
5995089000000,{"sm_state": "OVERTAKE", "path_source": "MPC_OT", "mpc_mode_echo": "avoid", "trail_targets_n": 0, "ot_age_ms": 38.0, "rc_age_ms": 38.0, "n_wpnts": 47}
5995089000000,{"sm_state": "TRAILING", "path_source": "MPC_OT", "mpc_mode_echo": "avoid", "trail_targets_n": 0, "ot_age_ms": 55.0, "rc_age_ms": 55.0, "n_wpnts": 46}
5995106000000,{"sm_state": "OVERTAKE", "path_source": "MPC_OT", "mpc_mode_echo": "avoid", "trail_targets_n": 0, "ot_age_ms": 55.0, "rc_age_ms": 55.0, "n_wpnts": 46}
5995106000000,{"sm_state": "OVERTAKE", "path_source": "MPC_OT", "mpc_mode_echo": "avoid", "trail_targets_n": 0, "ot_age_ms": 55.0, "rc_age_ms": 55.0, "n_wpnts": 46}
5995106000000,{"sm_state": "OVERTAKE", "path_source": "MPC_OT", "mpc_mode_echo": "avoid", "trail_targets_n": 0, "ot_age_ms": 36.0, "rc_age_ms": 36.0, "n_wpnts": 46}
5995123000000,{"sm_state": "OVERTAKE", "path_source": "MPC_OT", "mpc_mode_echo": "avoid", "trail_targets_n": 0, "ot_age_ms": 36.0, "rc_age_ms": 36.0, "n_wpnts": 46}
5995140000000,{"sm_state": "TRAILING", "path_source": "MPC_OT", "mpc_mode_echo": "avoid", "trail_targets_n": 0, "ot_age_ms": 19.0, "rc_age_ms": 19.0, "n_wpnts": 48}
5995157000000,{"sm_state": "TRAILING", "path_source": "MPC_OT", "mpc_mode_echo": "avoid", "trail_targets_n": 0, "ot_age_ms": 36.0, "rc_age_ms": 36.0, "n_wpnts": 46}
5995157000000,{"sm_state": "TRAILING", "path_source": "MPC_OT", "mpc_mode_echo": "avoid", "trail_targets_n": 0, "ot_age_ms": 36.0, "rc_age_ms": 36.0, "n_wpnts": 46}
5995191000000,{"sm_state": "TRAILING", "path_source": "MPC_OT", "mpc_mode_echo": "avoid", "trail_targets_n": 0, "ot_age_ms": 36.0, "rc_age_ms": 36.0, "n_wpnts": 44}
5995208000000,{"sm_state": "TRAILING", "path_source": "MPC_OT", "mpc_mode_echo": "avoid", "trail_targets_n": 0, "ot_age_ms": 53.0, "rc_age_ms": 53.0, "n_wpnts": 44}
5995208000000,{"sm_state": "TRAILING", "path_source": "MPC_OT", "mpc_mode_echo": "avoid", "trail_targets_n": 0, "ot_age_ms": 53.0, "rc_age_ms": 53.0, "n_wpnts": 44}
5995208000000,{"sm_state": "TRAILING", "path_source": "MPC_OT", "mpc_mode_echo": "avoid", "trail_targets_n": 0, "ot_age_ms": 53.0, "rc_age_ms": 53.0, "n_wpnts": 44}
5995242000000,{"sm_state": "TRAILING", "path_source": "MPC_OT", "mpc_mode_echo": "avoid", "trail_targets_n": 0, "ot_age_ms": 70.0, "rc_age_ms": 70.0, "n_wpnts": 44}
5995242000000,{"sm_state": "TRAILING", "path_source": "MPC_OT", "mpc_mode_echo": "avoid", "trail_targets_n": 0, "ot_age_ms": 87.0, "rc_age_ms": 87.0, "n_wpnts": 42}
5995259000000,{"sm_state": "TRAILING", "path_source": "MPC_OT", "mpc_mode_echo": "avoid", "trail_targets_n": 0, "ot_age_ms": 53.0, "rc_age_ms": 53.0, "n_wpnts": 43}
5995259000000,{"sm_state": "TRAILING", "path_source": "MPC_OT", "mpc_mode_echo": "avoid", "trail_targets_n": 0, "ot_age_ms": 53.0, "rc_age_ms": 53.0, "n_wpnts": 43}
5995276000000,{"sm_state": "TRAILING", "path_source": "MPC_OT", "mpc_mode_echo": "avoid", "trail_targets_n": 0, "ot_age_ms": 36.0, "rc_age_ms": 36.0, "n_wpnts": 43}
5995310000000,{"sm_state": "TRAILING", "path_source": "MPC_OT", "mpc_mode_echo": "avoid", "trail_targets_n": 0, "ot_age_ms": 19.0, "rc_age_ms": 19.0, "n_wpnts": 43}
5995310000000,{"sm_state": "TRAILING", "path_source": "MPC_OT", "mpc_mode_echo": "avoid", "trail_targets_n": 0, "ot_age_ms": 36.0, "rc_age_ms": 36.0, "n_wpnts": 43}
5995344000000,{"sm_state": "TRAILING", "path_source": "MPC_OT", "mpc_mode_echo": "avoid", "trail_targets_n": 0, "ot_age_ms": 70.0, "rc_age_ms": 70.0, "n_wpnts": 42}
5995344000000,{"sm_state": "TRAILING", "path_source": "MPC_OT", "mpc_mode_echo": "avoid", "trail_targets_n": 0, "ot_age_ms": 70.0, "rc_age_ms": 70.0, "n_wpnts": 42}
5995344000000,{"sm_state": "TRAILING", "path_source": "MPC_OT", "mpc_mode_echo": "avoid", "trail_targets_n": 0, "ot_age_ms": 70.0, "rc_age_ms": 70.0, "n_wpnts": 41}
5995344000000,{"sm_state": "TRAILING", "path_source": "MPC_OT", "mpc_mode_echo": "avoid", "trail_targets_n": 0, "ot_age_ms": 36.0, "rc_age_ms": 36.0, "n_wpnts": 40}
5995373000000,{"sm_state": "TRAILING", "path_source": "MPC_OT", "mpc_mode_echo": "avoid", "trail_targets_n": 0, "ot_age_ms": 29.0, "rc_age_ms": 29.0, "n_wpnts": 41}
5995373000000,{"sm_state": "TRAILING", "path_source": "MPC_OT", "mpc_mode_echo": "avoid", "trail_targets_n": 0, "ot_age_ms": 29.0, "rc_age_ms": 29.0, "n_wpnts": 41}
5995390000000,{"sm_state": "TRAILING", "path_source": "MPC_OT", "mpc_mode_echo": "avoid", "trail_targets_n": 0, "ot_age_ms": 34.0, "rc_age_ms": 34.0, "n_wpnts": 41}
5995441000000,{"sm_state": "TRAILING", "path_source": "MPC_OT", "mpc_mode_echo": "avoid", "trail_targets_n": 0, "ot_age_ms": 85.0, "rc_age_ms": 85.0, "n_wpnts": 40}
5995441000000,{"sm_state": "TRAILING", "path_source": "MPC_OT", "mpc_mode_echo": "avoid", "trail_targets_n": 0, "ot_age_ms": 85.0, "rc_age_ms": 85.0, "n_wpnts": 40}
5995463000000,{"sm_state": "TRAILING", "path_source": "MPC_OT", "mpc_mode_echo": "avoid", "trail_targets_n": 0, "ot_age_ms": 22.0, "rc_age_ms": 22.0, "n_wpnts": 39}
5995480000000,{"sm_state": "TRAILING", "path_source": "MPC_OT", "mpc_mode_echo": "avoid", "trail_targets_n": 0, "ot_age_ms": 22.0, "rc_age_ms": 22.0, "n_wpnts": 40}
5995480000000,{"sm_state": "TRAILING", "path_source": "MPC_OT", "mpc_mode_echo": "avoid", "trail_targets_n": 0, "ot_age_ms": 22.0, "rc_age_ms": 22.0, "n_wpnts": 40}
5995497000000,{"sm_state": "TRAILING", "path_source": "MPC_OT", "mpc_mode_echo": "avoid", "trail_targets_n": 0, "ot_age_ms": 39.0, "rc_age_ms": 39.0, "n_wpnts": 40}
5995514000000,{"sm_state": "TRAILING", "path_source": "MPC_OT", "mpc_mode_echo": "avoid", "trail_targets_n": 0, "ot_age_ms": 22.0, "rc_age_ms": 22.0, "n_wpnts": 40}
5995531000000,{"sm_state": "TRAILING", "path_source": "MPC_OT", "mpc_mode_echo": "avoid", "trail_targets_n": 0, "ot_age_ms": 39.0, "rc_age_ms": 39.0, "n_wpnts": 39}
5995531000000,{"sm_state": "TRAILING", "path_source": "MPC_OT", "mpc_mode_echo": "avoid", "trail_targets_n": 0, "ot_age_ms": 39.0, "rc_age_ms": 39.0, "n_wpnts": 39}
5995548000000,{"sm_state": "TRAILING", "path_source": "MPC_OT", "mpc_mode_echo": "avoid", "trail_targets_n": 0, "ot_age_ms": 56.0, "rc_age_ms": 56.0, "n_wpnts": 38}
5995564000000,{"sm_state": "TRAILING", "path_source": "MPC_OT", "mpc_mode_echo": "avoid", "trail_targets_n": 0, "ot_age_ms": 38.0, "rc_age_ms": 38.0, "n_wpnts": 38}
5995581000000,{"sm_state": "TRAILING", "path_source": "MPC_OT", "mpc_mode_echo": "avoid", "trail_targets_n": 0, "ot_age_ms": 21.0, "rc_age_ms": 21.0, "n_wpnts": 37}
5995581000000,{"sm_state": "TRAILING", "path_source": "MPC_OT", "mpc_mode_echo": "avoid", "trail_targets_n": 0, "ot_age_ms": 21.0, "rc_age_ms": 21.0, "n_wpnts": 37}
5995598000000,{"sm_state": "TRAILING", "path_source": "MPC_OT", "mpc_mode_echo": "avoid", "trail_targets_n": 0, "ot_age_ms": 4.0, "rc_age_ms": 4.0, "n_wpnts": 38}
5995615000000,{"sm_state": "TRAILING", "path_source": "MPC_OT", "mpc_mode_echo": "avoid", "trail_targets_n": 0, "ot_age_ms": 21.0, "rc_age_ms": 21.0, "n_wpnts": 38}
5995649000000,{"sm_state": "TRAILING", "path_source": "MPC_OT", "mpc_mode_echo": "avoid", "trail_targets_n": 0, "ot_age_ms": 55.0, "rc_age_ms": 55.0, "n_wpnts": 38}
5995649000000,{"sm_state": "TRAILING", "path_source": "MPC_OT", "mpc_mode_echo": "avoid", "trail_targets_n": 0, "ot_age_ms": 55.0, "rc_age_ms": 55.0, "n_wpnts": 37}
5995649000000,{"sm_state": "TRAILING", "path_source": "MPC_OT", "mpc_mode_echo": "avoid", "trail_targets_n": 0, "ot_age_ms": 55.0, "rc_age_ms": 55.0, "n_wpnts": 37}
5995656000000,{"sm_state": "TRAILING", "path_source": "MPC_OT", "mpc_mode_echo": "avoid", "trail_targets_n": 0, "ot_age_ms": 11.0, "rc_age_ms": 11.0, "n_wpnts": 37}
5995673000000,{"sm_state": "TRAILING", "path_source": "MPC_OT", "mpc_mode_echo": "avoid", "trail_targets_n": 0, "ot_age_ms": 17.0, "rc_age_ms": 17.0, "n_wpnts": 37}
5995707000000,{"sm_state": "TRAILING", "path_source": "MPC_OT", "mpc_mode_echo": "avoid", "trail_targets_n": 0, "ot_age_ms": 51.0, "rc_age_ms": 51.0, "n_wpnts": 37}
5995707000000,{"sm_state": "TRAILING", "path_source": "MPC_OT", "mpc_mode_echo": "avoid", "trail_targets_n": 0, "ot_age_ms": 51.0, "rc_age_ms": 51.0, "n_wpnts": 37}
5995707000000,{"sm_state": "TRAILING", "path_source": "MPC_OT", "mpc_mode_echo": "avoid", "trail_targets_n": 0, "ot_age_ms": 51.0, "rc_age_ms": 51.0, "n_wpnts": 37}
5995724000000,{"sm_state": "TRAILING", "path_source": "MPC_OT", "mpc_mode_echo": "avoid", "trail_targets_n": 0, "ot_age_ms": 68.0, "rc_age_ms": 68.0, "n_wpnts": 36}
5995741000000,{"sm_state": "TRAILING", "path_source": "MPC_OT", "mpc_mode_echo": "avoid", "trail_targets_n": 0, "ot_age_ms": 34.0, "rc_age_ms": 34.0, "n_wpnts": 36}
5995741000000,{"sm_state": "TRAILING", "path_source": "MPC_OT", "mpc_mode_echo": "avoid", "trail_targets_n": 0, "ot_age_ms": 34.0, "rc_age_ms": 34.0, "n_wpnts": 36}
5995758000000,{"sm_state": "TRAILING", "path_source": "MPC_OT", "mpc_mode_echo": "avoid", "trail_targets_n": 0, "ot_age_ms": 17.0, "rc_age_ms": 17.0, "n_wpnts": 36}
5995775000000,{"sm_state": "TRAILING", "path_source": "MPC_OT", "mpc_mode_echo": "avoid", "trail_targets_n": 0, "ot_age_ms": 34.0, "rc_age_ms": 34.0, "n_wpnts": 36}
5995792000000,{"sm_state": "TRAILING", "path_source": "MPC_OT", "mpc_mode_echo": "avoid", "trail_targets_n": 0, "ot_age_ms": 17.0, "rc_age_ms": 17.0, "n_wpnts": 35}
5995792000000,{"sm_state": "TRAILING", "path_source": "MPC_OT", "mpc_mode_echo": "avoid", "trail_targets_n": 0, "ot_age_ms": 17.0, "rc_age_ms": 17.0, "n_wpnts": 35}
5995809000000,{"sm_state": "TRAILING", "path_source": "MPC_OT", "mpc_mode_echo": "avoid", "trail_targets_n": 0, "ot_age_ms": 34.0, "rc_age_ms": 34.0, "n_wpnts": 35}
5995826000000,{"sm_state": "TRAILING", "path_source": "MPC_OT", "mpc_mode_echo": "avoid", "trail_targets_n": 0, "ot_age_ms": 51.0, "rc_age_ms": 51.0, "n_wpnts": 35}
5995843000000,{"sm_state": "TRAILING", "path_source": "MPC_OT", "mpc_mode_echo": "avoid", "trail_targets_n": 0, "ot_age_ms": 51.0, "rc_age_ms": 51.0, "n_wpnts": 34}
5995843000000,{"sm_state": "TRAILING", "path_source": "MPC_OT", "mpc_mode_echo": "avoid", "trail_targets_n": 0, "ot_age_ms": 17.0, "rc_age_ms": 17.0, "n_wpnts": 35}
5995858000000,{"sm_state": "TRAILING", "path_source": "MPC_OT", "mpc_mode_echo": "avoid", "trail_targets_n": 0, "ot_age_ms": 32.0, "rc_age_ms": 32.0, "n_wpnts": 34}
5995875000000,{"sm_state": "TRAILING", "path_source": "MPC_OT", "mpc_mode_echo": "avoid", "trail_targets_n": 0, "ot_age_ms": 17.0, "rc_age_ms": 17.0, "n_wpnts": 35}
5995909000000,{"sm_state": "TRAILING", "path_source": "MPC_OT", "mpc_mode_echo": "avoid", "trail_targets_n": 0, "ot_age_ms": 51.0, "rc_age_ms": 51.0, "n_wpnts": 34}
5995909000000,{"sm_state": "TRAILING", "path_source": "MPC_OT", "mpc_mode_echo": "avoid", "trail_targets_n": 0, "ot_age_ms": 51.0, "rc_age_ms": 51.0, "n_wpnts": 34}
5995909000000,{"sm_state": "TRAILING", "path_source": "MPC_OT", "mpc_mode_echo": "avoid", "trail_targets_n": 0, "ot_age_ms": 51.0, "rc_age_ms": 51.0, "n_wpnts": 33}
5995926000000,{"sm_state": "TRAILING", "path_source": "MPC_OT", "mpc_mode_echo": "avoid", "trail_targets_n": 0, "ot_age_ms": 17.0, "rc_age_ms": 17.0, "n_wpnts": 33}
5995943000000,{"sm_state": "TRAILING", "path_source": "MPC_OT", "mpc_mode_echo": "avoid", "trail_targets_n": 0, "ot_age_ms": 17.0, "rc_age_ms": 17.0, "n_wpnts": 34}
5995943000000,{"sm_state": "TRAILING", "path_source": "MPC_OT", "mpc_mode_echo": "avoid", "trail_targets_n": 0, "ot_age_ms": 17.0, "rc_age_ms": 17.0, "n_wpnts": 34}
5995960000000,{"sm_state": "TRAILING", "path_source": "MPC_OT", "mpc_mode_echo": "avoid", "trail_targets_n": 0, "ot_age_ms": 34.0, "rc_age_ms": 34.0, "n_wpnts": 33}
5995977000000,{"sm_state": "TRAILING", "path_source": "MPC_OT", "mpc_mode_echo": "avoid", "trail_targets_n": 0, "ot_age_ms": 17.0, "rc_age_ms": 17.0, "n_wpnts": 34}
5995994000000,{"sm_state": "TRAILING", "path_source": "MPC_OT", "mpc_mode_echo": "avoid", "trail_targets_n": 0, "ot_age_ms": 34.0, "rc_age_ms": 34.0, "n_wpnts": 34}
5995994000000,{"sm_state": "TRAILING", "path_source": "MPC_OT", "mpc_mode_echo": "avoid", "trail_targets_n": 0, "ot_age_ms": 34.0, "rc_age_ms": 34.0, "n_wpnts": 33}
5996028000000,{"sm_state": "TRAILING", "path_source": "MPC_OT", "mpc_mode_echo": "avoid", "trail_targets_n": 0, "ot_age_ms": 34.0, "rc_age_ms": 34.0, "n_wpnts": 33}
5996028000000,{"sm_state": "TRAILING", "path_source": "MPC_OT", "mpc_mode_echo": "avoid", "trail_targets_n": 0, "ot_age_ms": 34.0, "rc_age_ms": 34.0, "n_wpnts": 33}
5996045000000,{"sm_state": "TRAILING", "path_source": "MPC_OT", "mpc_mode_echo": "avoid", "trail_targets_n": 0, "ot_age_ms": 17.0, "rc_age_ms": 17.0, "n_wpnts": 33}
5996045000000,{"sm_state": "TRAILING", "path_source": "MPC_OT", "mpc_mode_echo": "avoid", "trail_targets_n": 0, "ot_age_ms": 17.0, "rc_age_ms": 17.0, "n_wpnts": 33}
5996062000000,{"sm_state": "TRAILING", "path_source": "MPC_OT", "mpc_mode_echo": "avoid", "trail_targets_n": 0, "ot_age_ms": 34.0, "rc_age_ms": 34.0, "n_wpnts": 32}
5996079000000,{"sm_state": "TRAILING", "path_source": "MPC_OT", "mpc_mode_echo": "avoid", "trail_targets_n": 0, "ot_age_ms": 51.0, "rc_age_ms": 51.0, "n_wpnts": 32}
5996079000000,{"sm_state": "TRAILING", "path_source": "MPC_OT", "mpc_mode_echo": "avoid", "trail_targets_n": 0, "ot_age_ms": 51.0, "rc_age_ms": 51.0, "n_wpnts": 32}
5996079000000,{"sm_state": "TRAILING", "path_source": "MPC_OT", "mpc_mode_echo": "avoid", "trail_targets_n": 0, "ot_age_ms": 51.0, "rc_age_ms": 51.0, "n_wpnts": 32}
5996079000000,{"sm_state": "TRAILING", "path_source": "MPC_OT", "mpc_mode_echo": "avoid", "trail_targets_n": 0, "ot_age_ms": 51.0, "rc_age_ms": 51.0, "n_wpnts": 32}
5996113000000,{"sm_state": "TRAILING", "path_source": "MPC_OT", "mpc_mode_echo": "avoid", "trail_targets_n": 0, "ot_age_ms": 68.0, "rc_age_ms": 68.0, "n_wpnts": 32}
5996113000000,{"sm_state": "TRAILING", "path_source": "MPC_OT", "mpc_mode_echo": "avoid", "trail_targets_n": 0, "ot_age_ms": 17.0, "rc_age_ms": 17.0, "n_wpnts": 32}
5996147000000,{"sm_state": "TRAILING", "path_source": "MPC_OT", "mpc_mode_echo": "avoid", "trail_targets_n": 0, "ot_age_ms": 17.0, "rc_age_ms": 17.0, "n_wpnts": 31}
5996164000000,{"sm_state": "TRAILING", "path_source": "MPC_OT", "mpc_mode_echo": "avoid", "trail_targets_n": 0, "ot_age_ms": 34.0, "rc_age_ms": 34.0, "n_wpnts": 31}
5996181000000,{"sm_state": "TRAILING", "path_source": "MPC_OT", "mpc_mode_echo": "avoid", "trail_targets_n": 0, "ot_age_ms": 51.0, "rc_age_ms": 51.0, "n_wpnts": 31}
5996181000000,{"sm_state": "TRAILING", "path_source": "MPC_OT", "mpc_mode_echo": "avoid", "trail_targets_n": 0, "ot_age_ms": 51.0, "rc_age_ms": 51.0, "n_wpnts": 31}
5996198000000,{"sm_state": "TRAILING", "path_source": "MPC_OT", "mpc_mode_echo": "avoid", "trail_targets_n": 0, "ot_age_ms": 17.0, "rc_age_ms": 17.0, "n_wpnts": 33}
5996232000000,{"sm_state": "TRAILING", "path_source": "MPC_OT", "mpc_mode_echo": "avoid", "trail_targets_n": 0, "ot_age_ms": 34.0, "rc_age_ms": 34.0, "n_wpnts": 32}
5996232000000,{"sm_state": "TRAILING", "path_source": "MPC_OT", "mpc_mode_echo": "avoid", "trail_targets_n": 0, "ot_age_ms": 34.0, "rc_age_ms": 34.0, "n_wpnts": 32}
5996232000000,{"sm_state": "TRAILING", "path_source": "MPC_OT", "mpc_mode_echo": "avoid", "trail_targets_n": 0, "ot_age_ms": 34.0, "rc_age_ms": 34.0, "n_wpnts": 32}
5996249000000,{"sm_state": "TRAILING", "path_source": "MPC_OT", "mpc_mode_echo": "avoid", "trail_targets_n": 0, "ot_age_ms": 51.0, "rc_age_ms": 51.0, "n_wpnts": 32}
5996261000000,{"sm_state": "TRAILING", "path_source": "MPC_OT", "mpc_mode_echo": "avoid", "trail_targets_n": 0, "ot_age_ms": 12.0, "rc_age_ms": 12.0, "n_wpnts": 32}
5996278000000,{"sm_state": "TRAILING", "path_source": "MPC_OT", "mpc_mode_echo": "avoid", "trail_targets_n": 0, "ot_age_ms": 29.0, "rc_age_ms": 29.0, "n_wpnts": 31}
5996312000000,{"sm_state": "TRAILING", "path_source": "MPC_OT", "mpc_mode_echo": "avoid", "trail_targets_n": 0, "ot_age_ms": 63.0, "rc_age_ms": 63.0, "n_wpnts": 30}
5996312000000,{"sm_state": "TRAILING", "path_source": "MPC_OT", "mpc_mode_echo": "avoid", "trail_targets_n": 0, "ot_age_ms": 63.0, "rc_age_ms": 63.0, "n_wpnts": 30}
5996312000000,{"sm_state": "TRAILING", "path_source": "MPC_OT", "mpc_mode_echo": "avoid", "trail_targets_n": 0, "ot_age_ms": 63.0, "rc_age_ms": 63.0, "n_wpnts": 30}
5996329000000,{"sm_state": "TRAILING", "path_source": "MPC_OT", "mpc_mode_echo": "avoid", "trail_targets_n": 0, "ot_age_ms": 80.0, "rc_age_ms": 80.0, "n_wpnts": 30}
5996329000000,{"sm_state": "TRAILING", "path_source": "MPC_OT", "mpc_mode_echo": "avoid", "trail_targets_n": 0, "ot_age_ms": 80.0, "rc_age_ms": 80.0, "n_wpnts": 30}
5996346000000,{"sm_state": "TRAILING", "path_source": "MPC_OT", "mpc_mode_echo": "avoid", "trail_targets_n": 0, "ot_age_ms": 97.0, "rc_age_ms": 97.0, "n_wpnts": 30}
5996361000000,{"sm_state": "TRAILING", "path_source": "MPC_OT", "mpc_mode_echo": "avoid", "trail_targets_n": 0, "ot_age_ms": 15.0, "rc_age_ms": 15.0, "n_wpnts": 31}
5996378000000,{"sm_state": "TRAILING", "path_source": "MPC_OT", "mpc_mode_echo": "avoid", "trail_targets_n": 0, "ot_age_ms": 17.0, "rc_age_ms": 17.0, "n_wpnts": 32}
5996395000000,{"sm_state": "TRAILING", "path_source": "MPC_OT", "mpc_mode_echo": "avoid", "trail_targets_n": 0, "ot_age_ms": 34.0, "rc_age_ms": 34.0, "n_wpnts": 31}
5996395000000,{"sm_state": "TRAILING", "path_source": "MPC_OT", "mpc_mode_echo": "avoid", "trail_targets_n": 0, "ot_age_ms": 34.0, "rc_age_ms": 34.0, "n_wpnts": 31}
5996429000000,{"sm_state": "TRAILING", "path_source": "MPC_OT", "mpc_mode_echo": "avoid", "trail_targets_n": 0, "ot_age_ms": 68.0, "rc_age_ms": 68.0, "n_wpnts": 31}
5996429000000,{"sm_state": "TRAILING", "path_source": "MPC_OT", "mpc_mode_echo": "avoid", "trail_targets_n": 0, "ot_age_ms": 68.0, "rc_age_ms": 68.0, "n_wpnts": 31}
5996429000000,{"sm_state": "TRAILING", "path_source": "MPC_OT", "mpc_mode_echo": "avoid", "trail_targets_n": 0, "ot_age_ms": 34.0, "rc_age_ms": 34.0, "n_wpnts": 32}
5996446000000,{"sm_state": "TRAILING", "path_source": "MPC_OT", "mpc_mode_echo": "avoid", "trail_targets_n": 0, "ot_age_ms": 51.0, "rc_age_ms": 51.0, "n_wpnts": 31}
5996463000000,{"sm_state": "TRAILING", "path_source": "MPC_OT", "mpc_mode_echo": "avoid", "trail_targets_n": 0, "ot_age_ms": 16.0, "rc_age_ms": 16.0, "n_wpnts": 32}
5996480000000,{"sm_state": "TRAILING", "path_source": "MPC_OT", "mpc_mode_echo": "avoid", "trail_targets_n": 0, "ot_age_ms": 17.0, "rc_age_ms": 17.0, "n_wpnts": 32}
5996480000000,{"sm_state": "TRAILING", "path_source": "MPC_OT", "mpc_mode_echo": "avoid", "trail_targets_n": 0, "ot_age_ms": 17.0, "rc_age_ms": 17.0, "n_wpnts": 32}
5996480000000,{"sm_state": "TRAILING", "path_source": "MPC_OT", "mpc_mode_echo": "avoid", "trail_targets_n": 0, "ot_age_ms": 34.0, "rc_age_ms": 34.0, "n_wpnts": 32}
5996514000000,{"sm_state": "TRAILING", "path_source": "MPC_OT", "mpc_mode_echo": "avoid", "trail_targets_n": 0, "ot_age_ms": 17.0, "rc_age_ms": 17.0, "n_wpnts": 33}
5996514000000,{"sm_state": "TRAILING", "path_source": "MPC_OT", "mpc_mode_echo": "avoid", "trail_targets_n": 0, "ot_age_ms": 34.0, "rc_age_ms": 34.0, "n_wpnts": 33}
5996548000000,{"sm_state": "TRAILING", "path_source": "MPC_OT", "mpc_mode_echo": "avoid", "trail_targets_n": 0, "ot_age_ms": 51.0, "rc_age_ms": 51.0, "n_wpnts": 32}
5996548000000,{"sm_state": "TRAILING", "path_source": "MPC_OT", "mpc_mode_echo": "avoid", "trail_targets_n": 0, "ot_age_ms": 51.0, "rc_age_ms": 51.0, "n_wpnts": 32}
5996548000000,{"sm_state": "TRAILING", "path_source": "MPC_OT", "mpc_mode_echo": "avoid", "trail_targets_n": 0, "ot_age_ms": 17.0, "rc_age_ms": 17.0, "n_wpnts": 32}
5996565000000,{"sm_state": "TRAILING", "path_source": "MPC_OT", "mpc_mode_echo": "avoid", "trail_targets_n": 0, "ot_age_ms": 34.0, "rc_age_ms": 34.0, "n_wpnts": 31}
5996565000000,{"sm_state": "TRAILING", "path_source": "MPC_OT", "mpc_mode_echo": "avoid", "trail_targets_n": 0, "ot_age_ms": 34.0, "rc_age_ms": 34.0, "n_wpnts": 31}
5996599000000,{"sm_state": "TRAILING", "path_source": "MPC_OT", "mpc_mode_echo": "avoid", "trail_targets_n": 0, "ot_age_ms": 34.0, "rc_age_ms": 34.0, "n_wpnts": 32}
5996633000000,{"sm_state": "TRAILING", "path_source": "MPC_OT", "mpc_mode_echo": "avoid", "trail_targets_n": 0, "ot_age_ms": 34.0, "rc_age_ms": 34.0, "n_wpnts": 32}
5996633000000,{"sm_state": "TRAILING", "path_source": "MPC_OT", "mpc_mode_echo": "avoid", "trail_targets_n": 0, "ot_age_ms": 34.0, "rc_age_ms": 34.0, "n_wpnts": 32}
5996633000000,{"sm_state": "TRAILING", "path_source": "MPC_OT", "mpc_mode_echo": "avoid", "trail_targets_n": 0, "ot_age_ms": 34.0, "rc_age_ms": 34.0, "n_wpnts": 32}
5996650000000,{"sm_state": "TRAILING", "path_source": "MPC_OT", "mpc_mode_echo": "avoid", "trail_targets_n": 0, "ot_age_ms": 17.0, "rc_age_ms": 17.0, "n_wpnts": 33}
5996667000000,{"sm_state": "TRAILING", "path_source": "MPC_OT", "mpc_mode_echo": "avoid", "trail_targets_n": 0, "ot_age_ms": 17.0, "rc_age_ms": 17.0, "n_wpnts": 32}
5996667000000,{"sm_state": "TRAILING", "path_source": "MPC_OT", "mpc_mode_echo": "avoid", "trail_targets_n": 0, "ot_age_ms": 17.0, "rc_age_ms": 17.0, "n_wpnts": 32}
5996684000000,{"sm_state": "TRAILING", "path_source": "MPC_OT", "mpc_mode_echo": "avoid", "trail_targets_n": 0, "ot_age_ms": 34.0, "rc_age_ms": 34.0, "n_wpnts": 32}
5996718000000,{"sm_state": "TRAILING", "path_source": "MPC_OT", "mpc_mode_echo": "avoid", "trail_targets_n": 0, "ot_age_ms": 68.0, "rc_age_ms": 68.0, "n_wpnts": 31}
5996718000000,{"sm_state": "TRAILING", "path_source": "MPC_OT", "mpc_mode_echo": "avoid", "trail_targets_n": 0, "ot_age_ms": 68.0, "rc_age_ms": 68.0, "n_wpnts": 31}
5996718000000,{"sm_state": "TRAILING", "path_source": "MPC_OT", "mpc_mode_echo": "avoid", "trail_targets_n": 0, "ot_age_ms": 68.0, "rc_age_ms": 68.0, "n_wpnts": 31}
5996735000000,{"sm_state": "TRAILING", "path_source": "MPC_OT", "mpc_mode_echo": "avoid", "trail_targets_n": 0, "ot_age_ms": 51.0, "rc_age_ms": 51.0, "n_wpnts": 34}
5996735000000,{"sm_state": "TRAILING", "path_source": "MPC_OT", "mpc_mode_echo": "avoid", "trail_targets_n": 0, "ot_age_ms": 51.0, "rc_age_ms": 51.0, "n_wpnts": 34}
5996752000000,{"sm_state": "TRAILING", "path_source": "MPC_OT", "mpc_mode_echo": "avoid", "trail_targets_n": 0, "ot_age_ms": 11.0, "rc_age_ms": 11.0, "n_wpnts": 33}
5996788000000,{"sm_state": "TRAILING", "path_source": "MPC_OT", "mpc_mode_echo": "avoid", "trail_targets_n": 0, "ot_age_ms": 28.0, "rc_age_ms": 28.0, "n_wpnts": 33}
5996788000000,{"sm_state": "TRAILING", "path_source": "MPC_OT", "mpc_mode_echo": "avoid", "trail_targets_n": 0, "ot_age_ms": 62.0, "rc_age_ms": 62.0, "n_wpnts": 32}
5996788000000,{"sm_state": "TRAILING", "path_source": "MPC_OT", "mpc_mode_echo": "avoid", "trail_targets_n": 0, "ot_age_ms": 62.0, "rc_age_ms": 62.0, "n_wpnts": 32}
5996788000000,{"sm_state": "TRAILING", "path_source": "MPC_OT", "mpc_mode_echo": "avoid", "trail_targets_n": 0, "ot_age_ms": 62.0, "rc_age_ms": 62.0, "n_wpnts": 32}
5996805000000,{"sm_state": "TRAILING", "path_source": "MPC_OT", "mpc_mode_echo": "avoid", "trail_targets_n": 0, "ot_age_ms": 79.0, "rc_age_ms": 79.0, "n_wpnts": 32}
5996805000000,{"sm_state": "TRAILING", "path_source": "MPC_OT", "mpc_mode_echo": "avoid", "trail_targets_n": 0, "ot_age_ms": 79.0, "rc_age_ms": 79.0, "n_wpnts": 32}
5996856000000,{"sm_state": "TRAILING", "path_source": "MPC_OT", "mpc_mode_echo": "avoid", "trail_targets_n": 0, "ot_age_ms": 17.0, "rc_age_ms": 17.0, "n_wpnts": 36}
5996856000000,{"sm_state": "TRAILING", "path_source": "MPC_OT", "mpc_mode_echo": "avoid", "trail_targets_n": 0, "ot_age_ms": 34.0, "rc_age_ms": 34.0, "n_wpnts": 35}
5996873000000,{"sm_state": "TRAILING", "path_source": "MPC_OT", "mpc_mode_echo": "avoid", "trail_targets_n": 0, "ot_age_ms": 51.0, "rc_age_ms": 51.0, "n_wpnts": 35}
5996873000000,{"sm_state": "TRAILING", "path_source": "MPC_OT", "mpc_mode_echo": "avoid", "trail_targets_n": 0, "ot_age_ms": 51.0, "rc_age_ms": 51.0, "n_wpnts": 35}
5996907000000,{"sm_state": "TRAILING", "path_source": "MPC_OT", "mpc_mode_echo": "avoid", "trail_targets_n": 0, "ot_age_ms": 34.0, "rc_age_ms": 34.0, "n_wpnts": 36}
5996924000000,{"sm_state": "TRAILING", "path_source": "MPC_OT", "mpc_mode_echo": "avoid", "trail_targets_n": 0, "ot_age_ms": 51.0, "rc_age_ms": 51.0, "n_wpnts": 36}
5996924000000,{"sm_state": "TRAILING", "path_source": "MPC_OT", "mpc_mode_echo": "avoid", "trail_targets_n": 0, "ot_age_ms": 68.0, "rc_age_ms": 68.0, "n_wpnts": 36}
5996924000000,{"sm_state": "TRAILING", "path_source": "MPC_OT", "mpc_mode_echo": "avoid", "trail_targets_n": 0, "ot_age_ms": 68.0, "rc_age_ms": 68.0, "n_wpnts": 36}
5996941000000,{"sm_state": "TRAILING", "path_source": "MPC_OT", "mpc_mode_echo": "avoid", "trail_targets_n": 0, "ot_age_ms": 34.0, "rc_age_ms": 34.0, "n_wpnts": 36}
5996958000000,{"sm_state": "TRAILING", "path_source": "MPC_OT", "mpc_mode_echo": "avoid", "trail_targets_n": 0, "ot_age_ms": 17.0, "rc_age_ms": 17.0, "n_wpnts": 38}
5996992000000,{"sm_state": "TRAILING", "path_source": "MPC_OT", "mpc_mode_echo": "avoid", "trail_targets_n": 0, "ot_age_ms": 34.0, "rc_age_ms": 34.0, "n_wpnts": 37}
5996992000000,{"sm_state": "TRAILING", "path_source": "MPC_OT", "mpc_mode_echo": "avoid", "trail_targets_n": 0, "ot_age_ms": 51.0, "rc_age_ms": 51.0, "n_wpnts": 37}
5997009000000,{"sm_state": "TRAILING", "path_source": "MPC_OT", "mpc_mode_echo": "avoid", "trail_targets_n": 0, "ot_age_ms": 51.0, "rc_age_ms": 51.0, "n_wpnts": 37}
5997009000000,{"sm_state": "TRAILING", "path_source": "MPC_OT", "mpc_mode_echo": "avoid", "trail_targets_n": 0, "ot_age_ms": 17.0, "rc_age_ms": 17.0, "n_wpnts": 39}
5997009000000,{"sm_state": "TRAILING", "path_source": "MPC_OT", "mpc_mode_echo": "avoid", "trail_targets_n": 0, "ot_age_ms": 17.0, "rc_age_ms": 17.0, "n_wpnts": 39}
5997026000000,{"sm_state": "TRAILING", "path_source": "MPC_OT", "mpc_mode_echo": "avoid", "trail_targets_n": 0, "ot_age_ms": 17.0, "rc_age_ms": 17.0, "n_wpnts": 39}
5997043000000,{"sm_state": "TRAILING", "path_source": "MPC_OT", "mpc_mode_echo": "avoid", "trail_targets_n": 0, "ot_age_ms": 34.0, "rc_age_ms": 34.0, "n_wpnts": 38}
5997060000000,{"sm_state": "TRAILING", "path_source": "MPC_OT", "mpc_mode_echo": "avoid", "trail_targets_n": 0, "ot_age_ms": 17.0, "rc_age_ms": 17.0, "n_wpnts": 38}
5997060000000,{"sm_state": "TRAILING", "path_source": "MPC_OT", "mpc_mode_echo": "avoid", "trail_targets_n": 0, "ot_age_ms": 17.0, "rc_age_ms": 17.0, "n_wpnts": 38}
5997077000000,{"sm_state": "TRAILING", "path_source": "MPC_OT", "mpc_mode_echo": "avoid", "trail_targets_n": 0, "ot_age_ms": 34.0, "rc_age_ms": 34.0, "n_wpnts": 38}
5997094000000,{"sm_state": "TRAILING", "path_source": "MPC_OT", "mpc_mode_echo": "avoid", "trail_targets_n": 0, "ot_age_ms": 51.0, "rc_age_ms": 51.0, "n_wpnts": 37}
5997128000000,{"sm_state": "TRAILING", "path_source": "MPC_OT", "mpc_mode_echo": "avoid", "trail_targets_n": 0, "ot_age_ms": 17.0, "rc_age_ms": 17.0, "n_wpnts": 39}
5997128000000,{"sm_state": "TRAILING", "path_source": "MPC_OT", "mpc_mode_echo": "avoid", "trail_targets_n": 0, "ot_age_ms": 17.0, "rc_age_ms": 17.0, "n_wpnts": 39}
5997145000000,{"sm_state": "TRAILING", "path_source": "MPC_OT", "mpc_mode_echo": "avoid", "trail_targets_n": 0, "ot_age_ms": 17.0, "rc_age_ms": 17.0, "n_wpnts": 40}
5997145000000,{"sm_state": "TRAILING", "path_source": "MPC_OT", "mpc_mode_echo": "avoid", "trail_targets_n": 0, "ot_age_ms": 34.0, "rc_age_ms": 34.0, "n_wpnts": 40}
5997162000000,{"sm_state": "TRAILING", "path_source": "MPC_OT", "mpc_mode_echo": "avoid", "trail_targets_n": 0, "ot_age_ms": 51.0, "rc_age_ms": 51.0, "n_wpnts": 39}
5997162000000,{"sm_state": "TRAILING", "path_source": "MPC_OT", "mpc_mode_echo": "avoid", "trail_targets_n": 0, "ot_age_ms": 17.0, "rc_age_ms": 17.0, "n_wpnts": 41}
5997179000000,{"sm_state": "TRAILING", "path_source": "MPC_OT", "mpc_mode_echo": "avoid", "trail_targets_n": 0, "ot_age_ms": 34.0, "rc_age_ms": 34.0, "n_wpnts": 41}
5997213000000,{"sm_state": "TRAILING", "path_source": "MPC_OT", "mpc_mode_echo": "avoid", "trail_targets_n": 0, "ot_age_ms": 68.0, "rc_age_ms": 68.0, "n_wpnts": 41}
5997213000000,{"sm_state": "TRAILING", "path_source": "MPC_OT", "mpc_mode_echo": "avoid", "trail_targets_n": 0, "ot_age_ms": 68.0, "rc_age_ms": 68.0, "n_wpnts": 41}
5997213000000,{"sm_state": "TRAILING", "path_source": "MPC_OT", "mpc_mode_echo": "avoid", "trail_targets_n": 0, "ot_age_ms": 68.0, "rc_age_ms": 68.0, "n_wpnts": 41}
5997247000000,{"sm_state": "TRAILING", "path_source": "MPC_OT", "mpc_mode_echo": "avoid", "trail_targets_n": 0, "ot_age_ms": 17.0, "rc_age_ms": 17.0, "n_wpnts": 43}
5997267000000,{"sm_state": "TRAILING", "path_source": "MPC_OT", "mpc_mode_echo": "avoid", "trail_targets_n": 0, "ot_age_ms": 34.0, "rc_age_ms": 34.0, "n_wpnts": 42}
5997267000000,{"sm_state": "TRAILING", "path_source": "MPC_OT", "mpc_mode_echo": "avoid", "trail_targets_n": 0, "ot_age_ms": 34.0, "rc_age_ms": 34.0, "n_wpnts": 42}
5997267000000,{"sm_state": "TRAILING", "path_source": "MPC_OT", "mpc_mode_echo": "avoid", "trail_targets_n": 0, "ot_age_ms": 17.0, "rc_age_ms": 17.0, "n_wpnts": 45}
5997267000000,{"sm_state": "TRAILING", "path_source": "MPC_OT", "mpc_mode_echo": "avoid", "trail_targets_n": 0, "ot_age_ms": 17.0, "rc_age_ms": 17.0, "n_wpnts": 45}
5997267000000,{"sm_state": "TRAILING", "path_source": "MPC_OT", "mpc_mode_echo": "avoid", "trail_targets_n": 0, "ot_age_ms": 17.0, "rc_age_ms": 17.0, "n_wpnts": 45}
5997301000000,{"sm_state": "TRAILING", "path_source": "MPC_OT", "mpc_mode_echo": "avoid", "trail_targets_n": 0, "ot_age_ms": 17.0, "rc_age_ms": 17.0, "n_wpnts": 45}
5997335000000,{"sm_state": "TRAILING", "path_source": "MPC_OT", "mpc_mode_echo": "avoid", "trail_targets_n": 0, "ot_age_ms": 51.0, "rc_age_ms": 51.0, "n_wpnts": 45}
5997335000000,{"sm_state": "TRAILING", "path_source": "MPC_OT", "mpc_mode_echo": "avoid", "trail_targets_n": 0, "ot_age_ms": 51.0, "rc_age_ms": 51.0, "n_wpnts": 45}
5997335000000,{"sm_state": "TRAILING", "path_source": "MPC_OT", "mpc_mode_echo": "avoid", "trail_targets_n": 0, "ot_age_ms": 51.0, "rc_age_ms": 51.0, "n_wpnts": 45}
5997369000000,{"sm_state": "TRAILING", "path_source": "MPC_OT", "mpc_mode_echo": "avoid", "trail_targets_n": 0, "ot_age_ms": 17.0, "rc_age_ms": 17.0, "n_wpnts": 45}
5997386000000,{"sm_state": "TRAILING", "path_source": "MPC_OT", "mpc_mode_echo": "avoid", "trail_targets_n": 0, "ot_age_ms": 17.0, "rc_age_ms": 17.0, "n_wpnts": 45}
5997403000000,{"sm_state": "TRAILING", "path_source": "MPC_OT", "mpc_mode_echo": "avoid", "trail_targets_n": 0, "ot_age_ms": 51.0, "rc_age_ms": 51.0, "n_wpnts": 45}
5997403000000,{"sm_state": "TRAILING", "path_source": "MPC_OT", "mpc_mode_echo": "avoid", "trail_targets_n": 0, "ot_age_ms": 51.0, "rc_age_ms": 51.0, "n_wpnts": 45}
5997420000000,{"sm_state": "TRAILING", "path_source": "MPC_OT", "mpc_mode_echo": "avoid", "trail_targets_n": 0, "ot_age_ms": 51.0, "rc_age_ms": 51.0, "n_wpnts": 45}
5997420000000,{"sm_state": "TRAILING", "path_source": "MPC_OT", "mpc_mode_echo": "avoid", "trail_targets_n": 0, "ot_age_ms": 68.0, "rc_age_ms": 68.0, "n_wpnts": 44}
5997437000000,{"sm_state": "TRAILING", "path_source": "MPC_OT", "mpc_mode_echo": "avoid", "trail_targets_n": 0, "ot_age_ms": 34.0, "rc_age_ms": 34.0, "n_wpnts": 48}
5997437000000,{"sm_state": "TRAILING", "path_source": "MPC_OT", "mpc_mode_echo": "avoid", "trail_targets_n": 0, "ot_age_ms": 34.0, "rc_age_ms": 34.0, "n_wpnts": 48}
5997454000000,{"sm_state": "TRAILING", "path_source": "MPC_OT", "mpc_mode_echo": "avoid", "trail_targets_n": 0, "ot_age_ms": 34.0, "rc_age_ms": 34.0, "n_wpnts": 48}
5997488000000,{"sm_state": "TRAILING", "path_source": "MPC_OT", "mpc_mode_echo": "avoid", "trail_targets_n": 0, "ot_age_ms": 17.0, "rc_age_ms": 17.0, "n_wpnts": 49}
5997488000000,{"sm_state": "TRAILING", "path_source": "MPC_OT", "mpc_mode_echo": "avoid", "trail_targets_n": 0, "ot_age_ms": 17.0, "rc_age_ms": 17.0, "n_wpnts": 49}
5997488000000,{"sm_state": "TRAILING", "path_source": "MPC_OT", "mpc_mode_echo": "avoid", "trail_targets_n": 0, "ot_age_ms": 34.0, "rc_age_ms": 34.0, "n_wpnts": 49}
5997505000000,{"sm_state": "TRAILING", "path_source": "MPC_OT", "mpc_mode_echo": "avoid", "trail_targets_n": 0, "ot_age_ms": 51.0, "rc_age_ms": 51.0, "n_wpnts": 49}
5997522000000,{"sm_state": "TRAILING", "path_source": "MPC_OT", "mpc_mode_echo": "avoid", "trail_targets_n": 0, "ot_age_ms": 17.0, "rc_age_ms": 17.0, "n_wpnts": 50}
5997539000000,{"sm_state": "TRAILING", "path_source": "MPC_OT", "mpc_mode_echo": "avoid", "trail_targets_n": 0, "ot_age_ms": 17.0, "rc_age_ms": 17.0, "n_wpnts": 50}
5997539000000,{"sm_state": "TRAILING", "path_source": "MPC_OT", "mpc_mode_echo": "avoid", "trail_targets_n": 0, "ot_age_ms": 34.0, "rc_age_ms": 34.0, "n_wpnts": 49}
5997556000000,{"sm_state": "TRAILING", "path_source": "MPC_OT", "mpc_mode_echo": "avoid", "trail_targets_n": 0, "ot_age_ms": 17.0, "rc_age_ms": 17.0, "n_wpnts": 49}
5997607000000,{"sm_state": "TRAILING", "path_source": "MPC_OT", "mpc_mode_echo": "avoid", "trail_targets_n": 0, "ot_age_ms": 34.0, "rc_age_ms": 34.0, "n_wpnts": 51}
5997607000000,{"sm_state": "TRAILING", "path_source": "MPC_OT", "mpc_mode_echo": "avoid", "trail_targets_n": 0, "ot_age_ms": 34.0, "rc_age_ms": 34.0, "n_wpnts": 51}
5997607000000,{"sm_state": "TRAILING", "path_source": "MPC_OT", "mpc_mode_echo": "avoid", "trail_targets_n": 0, "ot_age_ms": 51.0, "rc_age_ms": 51.0, "n_wpnts": 51}
5997607000000,{"sm_state": "TRAILING", "path_source": "MPC_OT", "mpc_mode_echo": "avoid", "trail_targets_n": 0, "ot_age_ms": 51.0, "rc_age_ms": 51.0, "n_wpnts": 51}
5997624000000,{"sm_state": "TRAILING", "path_source": "MPC_OT", "mpc_mode_echo": "avoid", "trail_targets_n": 0, "ot_age_ms": 17.0, "rc_age_ms": 17.0, "n_wpnts": 52}
5997641000000,{"sm_state": "TRAILING", "path_source": "MPC_OT", "mpc_mode_echo": "avoid", "trail_targets_n": 0, "ot_age_ms": 17.0, "rc_age_ms": 17.0, "n_wpnts": 52}
5997658000000,{"sm_state": "TRAILING", "path_source": "MPC_OT", "mpc_mode_echo": "avoid", "trail_targets_n": 0, "ot_age_ms": 17.0, "rc_age_ms": 17.0, "n_wpnts": 51}
5997692000000,{"sm_state": "TRAILING", "path_source": "MPC_OT", "mpc_mode_echo": "avoid", "trail_targets_n": 0, "ot_age_ms": 51.0, "rc_age_ms": 51.0, "n_wpnts": 52}
5997692000000,{"sm_state": "TRAILING", "path_source": "MPC_OT", "mpc_mode_echo": "avoid", "trail_targets_n": 0, "ot_age_ms": 51.0, "rc_age_ms": 51.0, "n_wpnts": 52}
5997726000000,{"sm_state": "TRAILING", "path_source": "MPC_OT", "mpc_mode_echo": "avoid", "trail_targets_n": 0, "ot_age_ms": 17.0, "rc_age_ms": 17.0, "n_wpnts": 53}
5997726000000,{"sm_state": "TRAILING", "path_source": "MPC_OT", "mpc_mode_echo": "avoid", "trail_targets_n": 0, "ot_age_ms": 34.0, "rc_age_ms": 34.0, "n_wpnts": 52}
5997743000000,{"sm_state": "OVERTAKE", "path_source": "MPC_OT", "mpc_mode_echo": "avoid", "trail_targets_n": 0, "ot_age_ms": 34.0, "rc_age_ms": 34.0, "n_wpnts": 54}
5997743000000,{"sm_state": "OVERTAKE", "path_source": "MPC_OT", "mpc_mode_echo": "avoid", "trail_targets_n": 0, "ot_age_ms": 34.0, "rc_age_ms": 34.0, "n_wpnts": 54}
5997760000000,{"sm_state": "OVERTAKE", "path_source": "MPC_OT", "mpc_mode_echo": "avoid", "trail_targets_n": 0, "ot_age_ms": 17.0, "rc_age_ms": 17.0, "n_wpnts": 55}
5997777000000,{"sm_state": "TRAILING", "path_source": "MPC_OT", "mpc_mode_echo": "avoid", "trail_targets_n": 0, "ot_age_ms": 34.0, "rc_age_ms": 34.0, "n_wpnts": 54}
5997794000000,{"sm_state": "TRAILING", "path_source": "MPC_OT", "mpc_mode_echo": "avoid", "trail_targets_n": 0, "ot_age_ms": 51.0, "rc_age_ms": 51.0, "n_wpnts": 54}
5997794000000,{"sm_state": "TRAILING", "path_source": "MPC_OT", "mpc_mode_echo": "avoid", "trail_targets_n": 0, "ot_age_ms": 51.0, "rc_age_ms": 51.0, "n_wpnts": 54}
5997811000000,{"sm_state": "TRAILING", "path_source": "MPC_OT", "mpc_mode_echo": "avoid", "trail_targets_n": 0, "ot_age_ms": 17.0, "rc_age_ms": 17.0, "n_wpnts": 56}
5997828000000,{"sm_state": "TRAILING", "path_source": "MPC_OT", "mpc_mode_echo": "avoid", "trail_targets_n": 0, "ot_age_ms": 34.0, "rc_age_ms": 34.0, "n_wpnts": 56}
5997845000000,{"sm_state": "TRAILING", "path_source": "MPC_OT", "mpc_mode_echo": "avoid", "trail_targets_n": 0, "ot_age_ms": 51.0, "rc_age_ms": 51.0, "n_wpnts": 56}
5997845000000,{"sm_state": "TRAILING", "path_source": "MPC_OT", "mpc_mode_echo": "avoid", "trail_targets_n": 0, "ot_age_ms": 17.0, "rc_age_ms": 17.0, "n_wpnts": 57}
5997862000000,{"sm_state": "TRAILING", "path_source": "MPC_OT", "mpc_mode_echo": "avoid", "trail_targets_n": 0, "ot_age_ms": 17.0, "rc_age_ms": 17.0, "n_wpnts": 57}
5997896000000,{"sm_state": "TRAILING", "path_source": "MPC_OT", "mpc_mode_echo": "avoid", "trail_targets_n": 0, "ot_age_ms": 34.0, "rc_age_ms": 34.0, "n_wpnts": 56}
5997930000000,{"sm_state": "TRAILING", "path_source": "MPC_OT", "mpc_mode_echo": "avoid", "trail_targets_n": 0, "ot_age_ms": 68.0, "rc_age_ms": 68.0, "n_wpnts": 56}
5997947000000,{"sm_state": "TRAILING", "path_source": "MPC_OT", "mpc_mode_echo": "avoid", "trail_targets_n": 0, "ot_age_ms": 51.0, "rc_age_ms": 51.0, "n_wpnts": 57}
5997947000000,{"sm_state": "TRAILING", "path_source": "MPC_OT", "mpc_mode_echo": "avoid", "trail_targets_n": 0, "ot_age_ms": 68.0, "rc_age_ms": 68.0, "n_wpnts": 57}
5997947000000,{"sm_state": "TRAILING", "path_source": "MPC_OT", "mpc_mode_echo": "avoid", "trail_targets_n": 0, "ot_age_ms": 68.0, "rc_age_ms": 68.0, "n_wpnts": 57}
5997964000000,{"sm_state": "TRAILING", "path_source": "MPC_OT", "mpc_mode_echo": "avoid", "trail_targets_n": 0, "ot_age_ms": 23.0, "rc_age_ms": 23.0, "n_wpnts": 61}
5997964000000,{"sm_state": "OVERTAKE", "path_source": "MPC_OT", "mpc_mode_echo": "avoid", "trail_targets_n": 0, "ot_age_ms": 23.0, "rc_age_ms": 23.0, "n_wpnts": 61}
5997981000000,{"sm_state": "OVERTAKE", "path_source": "MPC_OT", "mpc_mode_echo": "avoid", "trail_targets_n": 0, "ot_age_ms": 40.0, "rc_age_ms": 40.0, "n_wpnts": 61}
5998015000000,{"sm_state": "OVERTAKE", "path_source": "MPC_OT", "mpc_mode_echo": "avoid", "trail_targets_n": 0, "ot_age_ms": 57.0, "rc_age_ms": 57.0, "n_wpnts": 61}
5998015000000,{"sm_state": "OVERTAKE", "path_source": "MPC_OT", "mpc_mode_echo": "avoid", "trail_targets_n": 0, "ot_age_ms": 74.0, "rc_age_ms": 74.0, "n_wpnts": 60}
5998015000000,{"sm_state": "OVERTAKE", "path_source": "MPC_OT", "mpc_mode_echo": "avoid", "trail_targets_n": 0, "ot_age_ms": 74.0, "rc_age_ms": 74.0, "n_wpnts": 60}
5998032000000,{"sm_state": "OVERTAKE", "path_source": "MPC_OT", "mpc_mode_echo": "avoid", "trail_targets_n": 0, "ot_age_ms": 40.0, "rc_age_ms": 40.0, "n_wpnts": 61}
5998071000000,{"sm_state": "OVERTAKE", "path_source": "MPC_OT", "mpc_mode_echo": "avoid", "trail_targets_n": 0, "ot_age_ms": 28.0, "rc_age_ms": 28.0, "n_wpnts": 60}
5998071000000,{"sm_state": "OVERTAKE", "path_source": "MPC_OT", "mpc_mode_echo": "avoid", "trail_targets_n": 0, "ot_age_ms": 28.0, "rc_age_ms": 28.0, "n_wpnts": 60}
5998071000000,{"sm_state": "OVERTAKE", "path_source": "MPC_OT", "mpc_mode_echo": "avoid", "trail_targets_n": 0, "ot_age_ms": 45.0, "rc_age_ms": 45.0, "n_wpnts": 59}
5998122000000,{"sm_state": "OVERTAKE", "path_source": "MPC_OT", "mpc_mode_echo": "avoid", "trail_targets_n": 0, "ot_age_ms": 23.0, "rc_age_ms": 23.0, "n_wpnts": 63}
5998122000000,{"sm_state": "OVERTAKE", "path_source": "MPC_OT", "mpc_mode_echo": "avoid", "trail_targets_n": 0, "ot_age_ms": 23.0, "rc_age_ms": 23.0, "n_wpnts": 63}
5998139000000,{"sm_state": "OVERTAKE", "path_source": "MPC_OT", "mpc_mode_echo": "avoid", "trail_targets_n": 0, "ot_age_ms": 40.0, "rc_age_ms": 40.0, "n_wpnts": 63}
5998156000000,{"sm_state": "OVERTAKE", "path_source": "MPC_OT", "mpc_mode_echo": "avoid", "trail_targets_n": 0, "ot_age_ms": 6.0, "rc_age_ms": 6.0, "n_wpnts": 65}
5998156000000,{"sm_state": "TRAILING", "path_source": "MPC_OT", "mpc_mode_echo": "avoid", "trail_targets_n": 0, "ot_age_ms": 6.0, "rc_age_ms": 6.0, "n_wpnts": 65}
5998156000000,{"sm_state": "TRAILING", "path_source": "MPC_OT", "mpc_mode_echo": "avoid", "trail_targets_n": 0, "ot_age_ms": 23.0, "rc_age_ms": 23.0, "n_wpnts": 65}
5998190000000,{"sm_state": "OVERTAKE", "path_source": "MPC_OT", "mpc_mode_echo": "avoid", "trail_targets_n": 0, "ot_age_ms": 40.0, "rc_age_ms": 40.0, "n_wpnts": 64}
5998190000000,{"sm_state": "OVERTAKE", "path_source": "MPC_OT", "mpc_mode_echo": "avoid", "trail_targets_n": 0, "ot_age_ms": 40.0, "rc_age_ms": 40.0, "n_wpnts": 64}
5998207000000,{"sm_state": "OVERTAKE", "path_source": "MPC_OT", "mpc_mode_echo": "avoid", "trail_targets_n": 0, "ot_age_ms": 57.0, "rc_age_ms": 57.0, "n_wpnts": 64}
5998241000000,{"sm_state": "OVERTAKE", "path_source": "MPC_OT", "mpc_mode_echo": "avoid", "trail_targets_n": 0, "ot_age_ms": 40.0, "rc_age_ms": 40.0, "n_wpnts": 66}
5998258000000,{"sm_state": "OVERTAKE", "path_source": "MPC_OT", "mpc_mode_echo": "avoid", "trail_targets_n": 0, "ot_age_ms": 6.0, "rc_age_ms": 6.0, "n_wpnts": 66}
5998275000000,{"sm_state": "OVERTAKE", "path_source": "MPC_OT", "mpc_mode_echo": "avoid", "trail_targets_n": 0, "ot_age_ms": 23.0, "rc_age_ms": 23.0, "n_wpnts": 66}
5998292000000,{"sm_state": "OVERTAKE", "path_source": "MPC_OT", "mpc_mode_echo": "avoid", "trail_targets_n": 0, "ot_age_ms": 6.0, "rc_age_ms": 6.0, "n_wpnts": 68}
5998292000000,{"sm_state": "OVERTAKE", "path_source": "MPC_OT", "mpc_mode_echo": "avoid", "trail_targets_n": 0, "ot_age_ms": 6.0, "rc_age_ms": 6.0, "n_wpnts": 68}
5998309000000,{"sm_state": "OVERTAKE", "path_source": "MPC_OT", "mpc_mode_echo": "avoid", "trail_targets_n": 0, "ot_age_ms": 23.0, "rc_age_ms": 23.0, "n_wpnts": 67}
5998326000000,{"sm_state": "OVERTAKE", "path_source": "MPC_OT", "mpc_mode_echo": "avoid", "trail_targets_n": 0, "ot_age_ms": 40.0, "rc_age_ms": 40.0, "n_wpnts": 67}
5998343000000,{"sm_state": "OVERTAKE", "path_source": "MPC_OT", "mpc_mode_echo": "avoid", "trail_targets_n": 0, "ot_age_ms": 57.0, "rc_age_ms": 57.0, "n_wpnts": 67}
5998360000000,{"sm_state": "OVERTAKE", "path_source": "MPC_OT", "mpc_mode_echo": "avoid", "trail_targets_n": 0, "ot_age_ms": 23.0, "rc_age_ms": 23.0, "n_wpnts": 69}
5998377000000,{"sm_state": "OVERTAKE", "path_source": "MPC_OT", "mpc_mode_echo": "avoid", "trail_targets_n": 0, "ot_age_ms": 25.0, "rc_age_ms": 25.0, "n_wpnts": 70}
5998411000000,{"sm_state": "OVERTAKE", "path_source": "MPC_OT", "mpc_mode_echo": "avoid", "trail_targets_n": 0, "ot_age_ms": 25.0, "rc_age_ms": 25.0, "n_wpnts": 72}
5998411000000,{"sm_state": "OVERTAKE", "path_source": "MPC_OT", "mpc_mode_echo": "avoid", "trail_targets_n": 0, "ot_age_ms": 25.0, "rc_age_ms": 25.0, "n_wpnts": 72}
5998411000000,{"sm_state": "OVERTAKE", "path_source": "MPC_OT", "mpc_mode_echo": "avoid", "trail_targets_n": 0, "ot_age_ms": 42.0, "rc_age_ms": 42.0, "n_wpnts": 71}
5998428000000,{"sm_state": "OVERTAKE", "path_source": "MPC_OT", "mpc_mode_echo": "avoid", "trail_targets_n": 0, "ot_age_ms": 59.0, "rc_age_ms": 59.0, "n_wpnts": 71}
5998428000000,{"sm_state": "OVERTAKE", "path_source": "MPC_OT", "mpc_mode_echo": "avoid", "trail_targets_n": 0, "ot_age_ms": 59.0, "rc_age_ms": 59.0, "n_wpnts": 71}
5998445000000,{"sm_state": "OVERTAKE", "path_source": "MPC_OT", "mpc_mode_echo": "avoid", "trail_targets_n": 0, "ot_age_ms": 8.0, "rc_age_ms": 8.0, "n_wpnts": 72}
5998462000000,{"sm_state": "OVERTAKE", "path_source": "MPC_OT", "mpc_mode_echo": "avoid", "trail_targets_n": 0, "ot_age_ms": 25.0, "rc_age_ms": 25.0, "n_wpnts": 72}
5998496000000,{"sm_state": "OVERTAKE", "path_source": "MPC_OT", "mpc_mode_echo": "avoid", "trail_targets_n": 0, "ot_age_ms": 42.0, "rc_age_ms": 42.0, "n_wpnts": 71}
5998547000000,{"sm_state": "OVERTAKE", "path_source": "MPC_OT", "mpc_mode_echo": "avoid", "trail_targets_n": 0, "ot_age_ms": 59.0, "rc_age_ms": 59.0, "n_wpnts": 70}
5998547000000,{"sm_state": "OVERTAKE", "path_source": "MPC_OT", "mpc_mode_echo": "avoid", "trail_targets_n": 0, "ot_age_ms": 42.0, "rc_age_ms": 42.0, "n_wpnts": 72}
5998547000000,{"sm_state": "OVERTAKE", "path_source": "MPC_OT", "mpc_mode_echo": "avoid", "trail_targets_n": 0, "ot_age_ms": 42.0, "rc_age_ms": 42.0, "n_wpnts": 72}
5998547000000,{"sm_state": "OVERTAKE", "path_source": "MPC_OT", "mpc_mode_echo": "avoid", "trail_targets_n": 0, "ot_age_ms": 42.0, "rc_age_ms": 42.0, "n_wpnts": 71}
5998564000000,{"sm_state": "OVERTAKE", "path_source": "MPC_OT", "mpc_mode_echo": "avoid", "trail_targets_n": 0, "ot_age_ms": 25.0, "rc_age_ms": 25.0, "n_wpnts": 73}
5998564000000,{"sm_state": "OVERTAKE", "path_source": "MPC_OT", "mpc_mode_echo": "avoid", "trail_targets_n": 0, "ot_age_ms": 25.0, "rc_age_ms": 25.0, "n_wpnts": 73}
5998598000000,{"sm_state": "OVERTAKE", "path_source": "MPC_OT", "mpc_mode_echo": "avoid", "trail_targets_n": 0, "ot_age_ms": 42.0, "rc_age_ms": 42.0, "n_wpnts": 73}
5998615000000,{"sm_state": "OVERTAKE", "path_source": "MPC_OT", "mpc_mode_echo": "avoid", "trail_targets_n": 0, "ot_age_ms": 42.0, "rc_age_ms": 42.0, "n_wpnts": 73}
5998615000000,{"sm_state": "OVERTAKE", "path_source": "MPC_OT", "mpc_mode_echo": "avoid", "trail_targets_n": 0, "ot_age_ms": 42.0, "rc_age_ms": 42.0, "n_wpnts": 73}
5998649000000,{"sm_state": "OVERTAKE", "path_source": "MPC_OT", "mpc_mode_echo": "avoid", "trail_targets_n": 0, "ot_age_ms": 59.0, "rc_age_ms": 59.0, "n_wpnts": 73}
5998662000000,{"sm_state": "OVERTAKE", "path_source": "MPC_OT", "mpc_mode_echo": "avoid", "trail_targets_n": 0, "ot_age_ms": 9.0, "rc_age_ms": 9.0, "n_wpnts": 73}
5998662000000,{"sm_state": "OVERTAKE", "path_source": "MPC_OT", "mpc_mode_echo": "avoid", "trail_targets_n": 0, "ot_age_ms": 9.0, "rc_age_ms": 9.0, "n_wpnts": 73}
5998680000000,{"sm_state": "OVERTAKE", "path_source": "MPC_OT", "mpc_mode_echo": "avoid", "trail_targets_n": 0, "ot_age_ms": 43.0, "rc_age_ms": 43.0, "n_wpnts": 73}
5998714000000,{"sm_state": "OVERTAKE", "path_source": "MPC_OT", "mpc_mode_echo": "avoid", "trail_targets_n": 0, "ot_age_ms": 60.0, "rc_age_ms": 60.0, "n_wpnts": 72}
5998714000000,{"sm_state": "OVERTAKE", "path_source": "MPC_OT", "mpc_mode_echo": "avoid", "trail_targets_n": 0, "ot_age_ms": 60.0, "rc_age_ms": 60.0, "n_wpnts": 72}
5998731000000,{"sm_state": "OVERTAKE", "path_source": "MPC_OT", "mpc_mode_echo": "avoid", "trail_targets_n": 0, "ot_age_ms": 77.0, "rc_age_ms": 77.0, "n_wpnts": 71}
5998748000000,{"sm_state": "TRAILING", "path_source": "MPC_OT", "mpc_mode_echo": "avoid", "trail_targets_n": 0, "ot_age_ms": 59.0, "rc_age_ms": 59.0, "n_wpnts": 72}
5998765000000,{"sm_state": "TRAILING", "path_source": "MPC_OT", "mpc_mode_echo": "avoid", "trail_targets_n": 0, "ot_age_ms": 42.0, "rc_age_ms": 42.0, "n_wpnts": 73}
5998765000000,{"sm_state": "TRAILING", "path_source": "MPC_OT", "mpc_mode_echo": "avoid", "trail_targets_n": 0, "ot_age_ms": 42.0, "rc_age_ms": 42.0, "n_wpnts": 73}
5998782000000,{"sm_state": "TRAILING", "path_source": "MPC_OT", "mpc_mode_echo": "avoid", "trail_targets_n": 0, "ot_age_ms": 25.0, "rc_age_ms": 25.0, "n_wpnts": 73}
5998799000000,{"sm_state": "TRAILING", "path_source": "MPC_OT", "mpc_mode_echo": "avoid", "trail_targets_n": 0, "ot_age_ms": 42.0, "rc_age_ms": 42.0, "n_wpnts": 72}
5998833000000,{"sm_state": "OVERTAKE", "path_source": "MPC_OT", "mpc_mode_echo": "avoid", "trail_targets_n": 0, "ot_age_ms": 76.0, "rc_age_ms": 76.0, "n_wpnts": 72}
5998833000000,{"sm_state": "OVERTAKE", "path_source": "MPC_OT", "mpc_mode_echo": "avoid", "trail_targets_n": 0, "ot_age_ms": 76.0, "rc_age_ms": 76.0, "n_wpnts": 72}
5998833000000,{"sm_state": "OVERTAKE", "path_source": "MPC_OT", "mpc_mode_echo": "avoid", "trail_targets_n": 0, "ot_age_ms": 42.0, "rc_age_ms": 42.0, "n_wpnts": 72}
5998850000000,{"sm_state": "OVERTAKE", "path_source": "MPC_OT", "mpc_mode_echo": "avoid", "trail_targets_n": 0, "ot_age_ms": 25.0, "rc_age_ms": 25.0, "n_wpnts": 74}
5998850000000,{"sm_state": "OVERTAKE", "path_source": "MPC_OT", "mpc_mode_echo": "avoid", "trail_targets_n": 0, "ot_age_ms": 25.0, "rc_age_ms": 25.0, "n_wpnts": 74}
5998867000000,{"sm_state": "OVERTAKE", "path_source": "MPC_OT", "mpc_mode_echo": "avoid", "trail_targets_n": 0, "ot_age_ms": 42.0, "rc_age_ms": 42.0, "n_wpnts": 73}
5998884000000,{"sm_state": "OVERTAKE", "path_source": "MPC_OT", "mpc_mode_echo": "avoid", "trail_targets_n": 0, "ot_age_ms": 25.0, "rc_age_ms": 25.0, "n_wpnts": 74}
5998901000000,{"sm_state": "OVERTAKE", "path_source": "MPC_OT", "mpc_mode_echo": "avoid", "trail_targets_n": 0, "ot_age_ms": 42.0, "rc_age_ms": 42.0, "n_wpnts": 73}
5998935000000,{"sm_state": "OVERTAKE", "path_source": "MPC_OT", "mpc_mode_echo": "avoid", "trail_targets_n": 0, "ot_age_ms": 42.0, "rc_age_ms": 42.0, "n_wpnts": 74}
5998935000000,{"sm_state": "OVERTAKE", "path_source": "MPC_OT", "mpc_mode_echo": "avoid", "trail_targets_n": 0, "ot_age_ms": 42.0, "rc_age_ms": 42.0, "n_wpnts": 73}
5998959000000,{"sm_state": "OVERTAKE", "path_source": "MPC_OT", "mpc_mode_echo": "avoid", "trail_targets_n": 0, "ot_age_ms": 32.0, "rc_age_ms": 32.0, "n_wpnts": 74}
5998959000000,{"sm_state": "OVERTAKE", "path_source": "MPC_OT", "mpc_mode_echo": "avoid", "trail_targets_n": 0, "ot_age_ms": 32.0, "rc_age_ms": 32.0, "n_wpnts": 73}
5998993000000,{"sm_state": "OVERTAKE", "path_source": "MPC_OT", "mpc_mode_echo": "avoid", "trail_targets_n": 0, "ot_age_ms": 66.0, "rc_age_ms": 66.0, "n_wpnts": 73}
5998993000000,{"sm_state": "OVERTAKE", "path_source": "MPC_OT", "mpc_mode_echo": "avoid", "trail_targets_n": 0, "ot_age_ms": 66.0, "rc_age_ms": 66.0, "n_wpnts": 73}
5999010000000,{"sm_state": "TRAILING", "path_source": "MPC_OT", "mpc_mode_echo": "avoid", "trail_targets_n": 0, "ot_age_ms": 83.0, "rc_age_ms": 83.0, "n_wpnts": 72}
5999044000000,{"sm_state": "TRAILING", "path_source": "MPC_OT", "mpc_mode_echo": "avoid", "trail_targets_n": 0, "ot_age_ms": 59.0, "rc_age_ms": 59.0, "n_wpnts": 73}
5999044000000,{"sm_state": "TRAILING", "path_source": "MPC_OT", "mpc_mode_echo": "avoid", "trail_targets_n": 0, "ot_age_ms": 59.0, "rc_age_ms": 59.0, "n_wpnts": 73}
5999044000000,{"sm_state": "TRAILING", "path_source": "MPC_OT", "mpc_mode_echo": "avoid", "trail_targets_n": 0, "ot_age_ms": 25.0, "rc_age_ms": 25.0, "n_wpnts": 74}
5999061000000,{"sm_state": "TRAILING", "path_source": "MPC_OT", "mpc_mode_echo": "avoid", "trail_targets_n": 0, "ot_age_ms": 42.0, "rc_age_ms": 42.0, "n_wpnts": 73}
5999095000000,{"sm_state": "TRAILING", "path_source": "MPC_OT", "mpc_mode_echo": "avoid", "trail_targets_n": 0, "ot_age_ms": 42.0, "rc_age_ms": 42.0, "n_wpnts": 74}
5999095000000,{"sm_state": "OVERTAKE", "path_source": "MPC_OT", "mpc_mode_echo": "avoid", "trail_targets_n": 0, "ot_age_ms": 42.0, "rc_age_ms": 42.0, "n_wpnts": 74}
5999112000000,{"sm_state": "OVERTAKE", "path_source": "MPC_OT", "mpc_mode_echo": "avoid", "trail_targets_n": 0, "ot_age_ms": 59.0, "rc_age_ms": 59.0, "n_wpnts": 73}
5999129000000,{"sm_state": "TRAILING", "path_source": "MPC_OT", "mpc_mode_echo": "avoid", "trail_targets_n": 0, "ot_age_ms": 42.0, "rc_age_ms": 42.0, "n_wpnts": 72}
5999146000000,{"sm_state": "TRAILING", "path_source": "MPC_OT", "mpc_mode_echo": "avoid", "trail_targets_n": 0, "ot_age_ms": 25.0, "rc_age_ms": 25.0, "n_wpnts": 73}
5999163000000,{"sm_state": "TRAILING", "path_source": "MPC_OT", "mpc_mode_echo": "avoid", "trail_targets_n": 0, "ot_age_ms": 42.0, "rc_age_ms": 42.0, "n_wpnts": 71}
5999163000000,{"sm_state": "TRAILING", "path_source": "MPC_OT", "mpc_mode_echo": "avoid", "trail_targets_n": 0, "ot_age_ms": 42.0, "rc_age_ms": 42.0, "n_wpnts": 71}
5999180000000,{"sm_state": "TRAILING", "path_source": "MPC_OT", "mpc_mode_echo": "avoid", "trail_targets_n": 0, "ot_age_ms": 59.0, "rc_age_ms": 59.0, "n_wpnts": 71}
5999214000000,{"sm_state": "TRAILING", "path_source": "MPC_OT", "mpc_mode_echo": "avoid", "trail_targets_n": 0, "ot_age_ms": 59.0, "rc_age_ms": 59.0, "n_wpnts": 73}
5999214000000,{"sm_state": "TRAILING", "path_source": "MPC_OT", "mpc_mode_echo": "avoid", "trail_targets_n": 0, "ot_age_ms": 59.0, "rc_age_ms": 59.0, "n_wpnts": 73}
5999214000000,{"sm_state": "TRAILING", "path_source": "MPC_OT", "mpc_mode_echo": "avoid", "trail_targets_n": 0, "ot_age_ms": 59.0, "rc_age_ms": 59.0, "n_wpnts": 73}
5999231000000,{"sm_state": "TRAILING", "path_source": "MPC_OT", "mpc_mode_echo": "avoid", "trail_targets_n": 0, "ot_age_ms": 25.0, "rc_age_ms": 25.0, "n_wpnts": 72}
5999248000000,{"sm_state": "TRAILING", "path_source": "MPC_OT", "mpc_mode_echo": "avoid", "trail_targets_n": 0, "ot_age_ms": 42.0, "rc_age_ms": 42.0, "n_wpnts": 72}
5999265000000,{"sm_state": "TRAILING", "path_source": "MPC_OT", "mpc_mode_echo": "avoid", "trail_targets_n": 0, "ot_age_ms": 25.0, "rc_age_ms": 25.0, "n_wpnts": 73}
5999265000000,{"sm_state": "TRAILING", "path_source": "MPC_OT", "mpc_mode_echo": "avoid", "trail_targets_n": 0, "ot_age_ms": 25.0, "rc_age_ms": 25.0, "n_wpnts": 72}
5999299000000,{"sm_state": "TRAILING", "path_source": "MPC_OT", "mpc_mode_echo": "avoid", "trail_targets_n": 0, "ot_age_ms": 59.0, "rc_age_ms": 59.0, "n_wpnts": 72}
5999333000000,{"sm_state": "TRAILING", "path_source": "MPC_OT", "mpc_mode_echo": "avoid", "trail_targets_n": 0, "ot_age_ms": 59.0, "rc_age_ms": 59.0, "n_wpnts": 73}
5999333000000,{"sm_state": "TRAILING", "path_source": "MPC_OT", "mpc_mode_echo": "avoid", "trail_targets_n": 0, "ot_age_ms": 76.0, "rc_age_ms": 76.0, "n_wpnts": 71}
5999350000000,{"sm_state": "TRAILING", "path_source": "MPC_OT", "mpc_mode_echo": "avoid", "trail_targets_n": 0, "ot_age_ms": 93.0, "rc_age_ms": 93.0, "n_wpnts": 71}
5999350000000,{"sm_state": "TRAILING", "path_source": "MPC_OT", "mpc_mode_echo": "avoid", "trail_targets_n": 0, "ot_age_ms": 93.0, "rc_age_ms": 93.0, "n_wpnts": 71}
5999368000000,{"sm_state": "TRAILING", "path_source": "MPC_OT", "mpc_mode_echo": "avoid", "trail_targets_n": 0, "ot_age_ms": 43.0, "rc_age_ms": 43.0, "n_wpnts": 72}
5999385000000,{"sm_state": "TRAILING", "path_source": "MPC_OT", "mpc_mode_echo": "avoid", "trail_targets_n": 0, "ot_age_ms": 8.0, "rc_age_ms": 8.0, "n_wpnts": 74}
5999402000000,{"sm_state": "TRAILING", "path_source": "MPC_OT", "mpc_mode_echo": "avoid", "trail_targets_n": 0, "ot_age_ms": 8.0, "rc_age_ms": 8.0, "n_wpnts": 73}
5999419000000,{"sm_state": "TRAILING", "path_source": "MPC_OT", "mpc_mode_echo": "avoid", "trail_targets_n": 0, "ot_age_ms": 8.0, "rc_age_ms": 8.0, "n_wpnts": 71}
5999453000000,{"sm_state": "TRAILING", "path_source": "MPC_OT", "mpc_mode_echo": "avoid", "trail_targets_n": 0, "ot_age_ms": 42.0, "rc_age_ms": 42.0, "n_wpnts": 71}
5999453000000,{"sm_state": "TRAILING", "path_source": "MPC_OT", "mpc_mode_echo": "avoid", "trail_targets_n": 0, "ot_age_ms": 42.0, "rc_age_ms": 42.0, "n_wpnts": 71}
5999453000000,{"sm_state": "TRAILING", "path_source": "MPC_OT", "mpc_mode_echo": "avoid", "trail_targets_n": 0, "ot_age_ms": 8.0, "rc_age_ms": 8.0, "n_wpnts": 72}
5999453000000,{"sm_state": "TRAILING", "path_source": "MPC_OT", "mpc_mode_echo": "avoid", "trail_targets_n": 0, "ot_age_ms": 8.0, "rc_age_ms": 8.0, "n_wpnts": 72}
5999471000000,{"sm_state": "TRAILING", "path_source": "MPC_OT", "mpc_mode_echo": "avoid", "trail_targets_n": 0, "ot_age_ms": 26.0, "rc_age_ms": 26.0, "n_wpnts": 71}
5999505000000,{"sm_state": "TRAILING", "path_source": "MPC_OT", "mpc_mode_echo": "avoid", "trail_targets_n": 0, "ot_age_ms": 42.0, "rc_age_ms": 42.0, "n_wpnts": 73}
5999505000000,{"sm_state": "TRAILING", "path_source": "MPC_OT", "mpc_mode_echo": "avoid", "trail_targets_n": 0, "ot_age_ms": 42.0, "rc_age_ms": 42.0, "n_wpnts": 73}
5999505000000,{"sm_state": "TRAILING", "path_source": "MPC_OT", "mpc_mode_echo": "avoid", "trail_targets_n": 0, "ot_age_ms": 42.0, "rc_age_ms": 42.0, "n_wpnts": 73}
5999522000000,{"sm_state": "TRAILING", "path_source": "MPC_OT", "mpc_mode_echo": "avoid", "trail_targets_n": 0, "ot_age_ms": 59.0, "rc_age_ms": 59.0, "n_wpnts": 71}
5999522000000,{"sm_state": "TRAILING", "path_source": "MPC_OT", "mpc_mode_echo": "avoid", "trail_targets_n": 0, "ot_age_ms": 42.0, "rc_age_ms": 42.0, "n_wpnts": 71}
5999556000000,{"sm_state": "TRAILING", "path_source": "MPC_OT", "mpc_mode_echo": "avoid", "trail_targets_n": 0, "ot_age_ms": 59.0, "rc_age_ms": 59.0, "n_wpnts": 71}
5999556000000,{"sm_state": "TRAILING", "path_source": "MPC_OT", "mpc_mode_echo": "avoid", "trail_targets_n": 0, "ot_age_ms": 59.0, "rc_age_ms": 59.0, "n_wpnts": 70}
5999573000000,{"sm_state": "TRAILING", "path_source": "MPC_OT", "mpc_mode_echo": "avoid", "trail_targets_n": 0, "ot_age_ms": 25.0, "rc_age_ms": 25.0, "n_wpnts": 72}
5999590000000,{"sm_state": "TRAILING", "path_source": "MPC_OT", "mpc_mode_echo": "avoid", "trail_targets_n": 0, "ot_age_ms": 42.0, "rc_age_ms": 42.0, "n_wpnts": 72}
5999590000000,{"sm_state": "TRAILING", "path_source": "MPC_OT", "mpc_mode_echo": "avoid", "trail_targets_n": 0, "ot_age_ms": 42.0, "rc_age_ms": 42.0, "n_wpnts": 72}
5999607000000,{"sm_state": "TRAILING", "path_source": "MPC_OT", "mpc_mode_echo": "avoid", "trail_targets_n": 0, "ot_age_ms": 59.0, "rc_age_ms": 59.0, "n_wpnts": 72}
5999641000000,{"sm_state": "TRAILING", "path_source": "MPC_OT", "mpc_mode_echo": "avoid", "trail_targets_n": 0, "ot_age_ms": 43.0, "rc_age_ms": 43.0, "n_wpnts": 71}
5999641000000,{"sm_state": "TRAILING", "path_source": "MPC_OT", "mpc_mode_echo": "avoid", "trail_targets_n": 0, "ot_age_ms": 43.0, "rc_age_ms": 43.0, "n_wpnts": 70}
5999641000000,{"sm_state": "TRAILING", "path_source": "MPC_OT", "mpc_mode_echo": "avoid", "trail_targets_n": 0, "ot_age_ms": 43.0, "rc_age_ms": 43.0, "n_wpnts": 70}
5999658000000,{"sm_state": "TRAILING", "path_source": "MPC_OT", "mpc_mode_echo": "avoid", "trail_targets_n": 0, "ot_age_ms": 56.0, "rc_age_ms": 56.0, "n_wpnts": 70}
5999675000000,{"sm_state": "TRAILING", "path_source": "MPC_OT", "mpc_mode_echo": "avoid", "trail_targets_n": 0, "ot_age_ms": 22.0, "rc_age_ms": 22.0, "n_wpnts": 72}
5999692000000,{"sm_state": "TRAILING", "path_source": "MPC_OT", "mpc_mode_echo": "avoid", "trail_targets_n": 0, "ot_age_ms": 39.0, "rc_age_ms": 39.0, "n_wpnts": 73}
5999692000000,{"sm_state": "TRAILING", "path_source": "MPC_OT", "mpc_mode_echo": "avoid", "trail_targets_n": 0, "ot_age_ms": 39.0, "rc_age_ms": 39.0, "n_wpnts": 73}
5999726000000,{"sm_state": "TRAILING", "path_source": "MPC_OT", "mpc_mode_echo": "avoid", "trail_targets_n": 0, "ot_age_ms": 39.0, "rc_age_ms": 39.0, "n_wpnts": 73}
5999726000000,{"sm_state": "TRAILING", "path_source": "MPC_OT", "mpc_mode_echo": "avoid", "trail_targets_n": 0, "ot_age_ms": 39.0, "rc_age_ms": 39.0, "n_wpnts": 71}
5999743000000,{"sm_state": "TRAILING", "path_source": "MPC_OT", "mpc_mode_echo": "avoid", "trail_targets_n": 0, "ot_age_ms": 56.0, "rc_age_ms": 56.0, "n_wpnts": 71}
5999743000000,{"sm_state": "TRAILING", "path_source": "MPC_OT", "mpc_mode_echo": "avoid", "trail_targets_n": 0, "ot_age_ms": 56.0, "rc_age_ms": 56.0, "n_wpnts": 70}
5999743000000,{"sm_state": "TRAILING", "path_source": "MPC_OT", "mpc_mode_echo": "avoid", "trail_targets_n": 0, "ot_age_ms": 73.0, "rc_age_ms": 73.0, "n_wpnts": 70}
5999777000000,{"sm_state": "TRAILING", "path_source": "MPC_OT", "mpc_mode_echo": "avoid", "trail_targets_n": 0, "ot_age_ms": 22.0, "rc_age_ms": 22.0, "n_wpnts": 70}
5999777000000,{"sm_state": "TRAILING", "path_source": "MPC_OT", "mpc_mode_echo": "avoid", "trail_targets_n": 0, "ot_age_ms": 39.0, "rc_age_ms": 39.0, "n_wpnts": 70}
5999777000000,{"sm_state": "TRAILING", "path_source": "MPC_OT", "mpc_mode_echo": "avoid", "trail_targets_n": 0, "ot_age_ms": 39.0, "rc_age_ms": 39.0, "n_wpnts": 70}
5999811000000,{"sm_state": "TRAILING", "path_source": "MPC_OT", "mpc_mode_echo": "avoid", "trail_targets_n": 0, "ot_age_ms": 22.0, "rc_age_ms": 22.0, "n_wpnts": 69}
5999828000000,{"sm_state": "TRAILING", "path_source": "MPC_OT", "mpc_mode_echo": "avoid", "trail_targets_n": 0, "ot_age_ms": 39.0, "rc_age_ms": 39.0, "n_wpnts": 69}
5999845000000,{"sm_state": "TRAILING", "path_source": "MPC_OT", "mpc_mode_echo": "avoid", "trail_targets_n": 0, "ot_age_ms": 56.0, "rc_age_ms": 56.0, "n_wpnts": 69}
5999845000000,{"sm_state": "TRAILING", "path_source": "MPC_OT", "mpc_mode_echo": "avoid", "trail_targets_n": 0, "ot_age_ms": 56.0, "rc_age_ms": 56.0, "n_wpnts": 67}
5999862000000,{"sm_state": "TRAILING", "path_source": "MPC_OT", "mpc_mode_echo": "avoid", "trail_targets_n": 0, "ot_age_ms": 39.0, "rc_age_ms": 39.0, "n_wpnts": 69}
5999896000000,{"sm_state": "TRAILING", "path_source": "MPC_OT", "mpc_mode_echo": "avoid", "trail_targets_n": 0, "ot_age_ms": 39.0, "rc_age_ms": 39.0, "n_wpnts": 70}
5999913000000,{"sm_state": "TRAILING", "path_source": "MPC_OT", "mpc_mode_echo": "avoid", "trail_targets_n": 0, "ot_age_ms": 39.0, "rc_age_ms": 39.0, "n_wpnts": 70}
5999930000000,{"sm_state": "TRAILING", "path_source": "MPC_OT", "mpc_mode_echo": "avoid", "trail_targets_n": 0, "ot_age_ms": 73.0, "rc_age_ms": 73.0, "n_wpnts": 67}
5999930000000,{"sm_state": "GB_TRACK", "path_source": "GB", "mpc_mode_echo": "avoid", "trail_targets_n": 0, "ot_age_ms": 73.0, "rc_age_ms": 73.0, "n_wpnts": 80}
5999947000000,{"sm_state": "GB_TRACK", "path_source": "GB", "mpc_mode_echo": "avoid", "trail_targets_n": 0, "ot_age_ms": 56.0, "rc_age_ms": 56.0, "n_wpnts": 80}
5999964000000,{"sm_state": "GB_TRACK", "path_source": "GB", "mpc_mode_echo": "avoid", "trail_targets_n": 0, "ot_age_ms": 39.0, "rc_age_ms": 39.0, "n_wpnts": 80}
5999981000000,{"sm_state": "GB_TRACK", "path_source": "GB", "mpc_mode_echo": "avoid", "trail_targets_n": 0, "ot_age_ms": 56.0, "rc_age_ms": 56.0, "n_wpnts": 80}
5999981000000,{"sm_state": "GB_TRACK", "path_source": "GB", "mpc_mode_echo": "avoid", "trail_targets_n": 0, "ot_age_ms": 56.0, "rc_age_ms": 56.0, "n_wpnts": 80}
5999998000000,{"sm_state": "GB_TRACK", "path_source": "GB", "mpc_mode_echo": "avoid", "trail_targets_n": 0, "ot_age_ms": 73.0, "rc_age_ms": 73.0, "n_wpnts": 80}
6000015000000,{"sm_state": "GB_TRACK", "path_source": "GB", "mpc_mode_echo": "avoid", "trail_targets_n": 0, "ot_age_ms": 56.0, "rc_age_ms": 56.0, "n_wpnts": 80}
6000032000000,{"sm_state": "TRAILING", "path_source": "MPC_OT", "mpc_mode_echo": "avoid", "trail_targets_n": 0, "ot_age_ms": 56.0, "rc_age_ms": 56.0, "n_wpnts": 68}
6000049000000,{"sm_state": "TRAILING", "path_source": "MPC_OT", "mpc_mode_echo": "avoid", "trail_targets_n": 0, "ot_age_ms": 73.0, "rc_age_ms": 73.0, "n_wpnts": 68}
6000049000000,{"sm_state": "TRAILING", "path_source": "MPC_OT", "mpc_mode_echo": "avoid", "trail_targets_n": 0, "ot_age_ms": 56.0, "rc_age_ms": 56.0, "n_wpnts": 69}
6000066000000,{"sm_state": "TRAILING", "path_source": "MPC_OT", "mpc_mode_echo": "avoid", "trail_targets_n": 0, "ot_age_ms": 5.0, "rc_age_ms": 5.0, "n_wpnts": 69}
6000066000000,{"sm_state": "GB_TRACK", "path_source": "GB", "mpc_mode_echo": "avoid", "trail_targets_n": 0, "ot_age_ms": 22.0, "rc_age_ms": 22.0, "n_wpnts": 80}
6000083000000,{"sm_state": "GB_TRACK", "path_source": "GB", "mpc_mode_echo": "avoid", "trail_targets_n": 0, "ot_age_ms": 22.0, "rc_age_ms": 22.0, "n_wpnts": 80}
6000100000000,{"sm_state": "GB_TRACK", "path_source": "GB", "mpc_mode_echo": "avoid", "trail_targets_n": 0, "ot_age_ms": 39.0, "rc_age_ms": 39.0, "n_wpnts": 80}
6000100000000,{"sm_state": "GB_TRACK", "path_source": "GB", "mpc_mode_echo": "avoid", "trail_targets_n": 0, "ot_age_ms": 73.0, "rc_age_ms": 73.0, "n_wpnts": 80}
6000100000000,{"sm_state": "GB_TRACK", "path_source": "GB", "mpc_mode_echo": "avoid", "trail_targets_n": 0, "ot_age_ms": 73.0, "rc_age_ms": 73.0, "n_wpnts": 80}
6000100000000,{"sm_state": "GB_TRACK", "path_source": "GB", "mpc_mode_echo": "avoid", "trail_targets_n": 0, "ot_age_ms": 73.0, "rc_age_ms": 73.0, "n_wpnts": 80}
6000134000000,{"sm_state": "GB_TRACK", "path_source": "GB", "mpc_mode_echo": "avoid", "trail_targets_n": 0, "ot_age_ms": 90.0, "rc_age_ms": 90.0, "n_wpnts": 80}
6000151000000,{"sm_state": "GB_TRACK", "path_source": "GB", "mpc_mode_echo": "avoid", "trail_targets_n": 0, "ot_age_ms": 56.0, "rc_age_ms": 56.0, "n_wpnts": 80}
6000168000000,{"sm_state": "GB_TRACK", "path_source": "GB", "mpc_mode_echo": "avoid", "trail_targets_n": 0, "ot_age_ms": 39.0, "rc_age_ms": 39.0, "n_wpnts": 80}
6000168000000,{"sm_state": "GB_TRACK", "path_source": "GB", "mpc_mode_echo": "avoid", "trail_targets_n": 0, "ot_age_ms": 39.0, "rc_age_ms": 39.0, "n_wpnts": 80}
6000168000000,{"sm_state": "GB_TRACK", "path_source": "GB", "mpc_mode_echo": "avoid", "trail_targets_n": 0, "ot_age_ms": 56.0, "rc_age_ms": 56.0, "n_wpnts": 80}
6000202000000,{"sm_state": "GB_TRACK", "path_source": "GB", "mpc_mode_echo": "avoid", "trail_targets_n": 0, "ot_age_ms": 73.0, "rc_age_ms": 73.0, "n_wpnts": 80}
6000202000000,{"sm_state": "GB_TRACK", "path_source": "GB", "mpc_mode_echo": "avoid", "trail_targets_n": 0, "ot_age_ms": 39.0, "rc_age_ms": 39.0, "n_wpnts": 80}
6000236000000,{"sm_state": "GB_TRACK", "path_source": "GB", "mpc_mode_echo": "avoid", "trail_targets_n": 0, "ot_age_ms": 56.0, "rc_age_ms": 56.0, "n_wpnts": 80}
6000253000000,{"sm_state": "GB_TRACK", "path_source": "GB", "mpc_mode_echo": "avoid", "trail_targets_n": 0, "ot_age_ms": 39.0, "rc_age_ms": 39.0, "n_wpnts": 80}
6000275000000,{"sm_state": "GB_TRACK", "path_source": "GB", "mpc_mode_echo": "avoid", "trail_targets_n": 0, "ot_age_ms": 44.0, "rc_age_ms": 44.0, "n_wpnts": 80}
6000275000000,{"sm_state": "GB_TRACK", "path_source": "GB", "mpc_mode_echo": "avoid", "trail_targets_n": 0, "ot_age_ms": 44.0, "rc_age_ms": 44.0, "n_wpnts": 80}
6000309000000,{"sm_state": "GB_TRACK", "path_source": "GB", "mpc_mode_echo": "avoid", "trail_targets_n": 0, "ot_age_ms": 39.0, "rc_age_ms": 39.0, "n_wpnts": 80}
6000309000000,{"sm_state": "GB_TRACK", "path_source": "GB", "mpc_mode_echo": "avoid", "trail_targets_n": 0, "ot_age_ms": 39.0, "rc_age_ms": 39.0, "n_wpnts": 80}
6000309000000,{"sm_state": "GB_TRACK", "path_source": "GB", "mpc_mode_echo": "avoid", "trail_targets_n": 0, "ot_age_ms": 5.0, "rc_age_ms": 5.0, "n_wpnts": 80}
6000343000000,{"sm_state": "GB_TRACK", "path_source": "GB", "mpc_mode_echo": "avoid", "trail_targets_n": 0, "ot_age_ms": 39.0, "rc_age_ms": 39.0, "n_wpnts": 80}
6000343000000,{"sm_state": "GB_TRACK", "path_source": "GB", "mpc_mode_echo": "avoid", "trail_targets_n": 0, "ot_age_ms": 22.0, "rc_age_ms": 22.0, "n_wpnts": 80}
6000343000000,{"sm_state": "GB_TRACK", "path_source": "GB", "mpc_mode_echo": "avoid", "trail_targets_n": 0, "ot_age_ms": 22.0, "rc_age_ms": 22.0, "n_wpnts": 80}
6000360000000,{"sm_state": "GB_TRACK", "path_source": "GB", "mpc_mode_echo": "avoid", "trail_targets_n": 0, "ot_age_ms": 39.0, "rc_age_ms": 39.0, "n_wpnts": 80}
6000377000000,{"sm_state": "GB_TRACK", "path_source": "GB", "mpc_mode_echo": "avoid", "trail_targets_n": 0, "ot_age_ms": 56.0, "rc_age_ms": 56.0, "n_wpnts": 80}
6000394000000,{"sm_state": "GB_TRACK", "path_source": "GB", "mpc_mode_echo": "avoid", "trail_targets_n": 0, "ot_age_ms": 39.0, "rc_age_ms": 39.0, "n_wpnts": 80}
6000394000000,{"sm_state": "GB_TRACK", "path_source": "GB", "mpc_mode_echo": "avoid", "trail_targets_n": 0, "ot_age_ms": 56.0, "rc_age_ms": 56.0, "n_wpnts": 80}
6000394000000,{"sm_state": "GB_TRACK", "path_source": "GB", "mpc_mode_echo": "avoid", "trail_targets_n": 0, "ot_age_ms": 56.0, "rc_age_ms": 56.0, "n_wpnts": 80}
6000428000000,{"sm_state": "GB_TRACK", "path_source": "GB", "mpc_mode_echo": "avoid", "trail_targets_n": 0, "ot_age_ms": 39.0, "rc_age_ms": 39.0, "n_wpnts": 80}
6000445000000,{"sm_state": "GB_TRACK", "path_source": "GB", "mpc_mode_echo": "avoid", "trail_targets_n": 0, "ot_age_ms": 5.0, "rc_age_ms": 5.0, "n_wpnts": 80}
6000445000000,{"sm_state": "GB_TRACK", "path_source": "GB", "mpc_mode_echo": "avoid", "trail_targets_n": 0, "ot_age_ms": 5.0, "rc_age_ms": 5.0, "n_wpnts": 80}
6000462000000,{"sm_state": "GB_TRACK", "path_source": "GB", "mpc_mode_echo": "avoid", "trail_targets_n": 0, "ot_age_ms": 22.0, "rc_age_ms": 22.0, "n_wpnts": 80}
6000462000000,{"sm_state": "GB_TRACK", "path_source": "GB", "mpc_mode_echo": "avoid", "trail_targets_n": 0, "ot_age_ms": 22.0, "rc_age_ms": 22.0, "n_wpnts": 80}
6000479000000,{"sm_state": "GB_TRACK", "path_source": "GB", "mpc_mode_echo": "avoid", "trail_targets_n": 0, "ot_age_ms": 39.0, "rc_age_ms": 39.0, "n_wpnts": 80}
6000479000000,{"sm_state": "GB_TRACK", "path_source": "GB", "mpc_mode_echo": "avoid", "trail_targets_n": 0, "ot_age_ms": 39.0, "rc_age_ms": 39.0, "n_wpnts": 80}
6000479000000,{"sm_state": "GB_TRACK", "path_source": "GB", "mpc_mode_echo": "avoid", "trail_targets_n": 0, "ot_age_ms": 22.0, "rc_age_ms": 22.0, "n_wpnts": 80}
6000513000000,{"sm_state": "GB_TRACK", "path_source": "GB", "mpc_mode_echo": "avoid", "trail_targets_n": 0, "ot_age_ms": 39.0, "rc_age_ms": 39.0, "n_wpnts": 80}
6000513000000,{"sm_state": "GB_TRACK", "path_source": "GB", "mpc_mode_echo": "avoid", "trail_targets_n": 0, "ot_age_ms": 56.0, "rc_age_ms": 56.0, "n_wpnts": 80}
6000564000000,{"sm_state": "GB_TRACK", "path_source": "GB", "mpc_mode_echo": "avoid", "trail_targets_n": 0, "ot_age_ms": 73.0, "rc_age_ms": 73.0, "n_wpnts": 80}
6000564000000,{"sm_state": "GB_TRACK", "path_source": "GB", "mpc_mode_echo": "avoid", "trail_targets_n": 0, "ot_age_ms": 90.0, "rc_age_ms": 90.0, "n_wpnts": 80}
6000564000000,{"sm_state": "GB_TRACK", "path_source": "GB", "mpc_mode_echo": "avoid", "trail_targets_n": 0, "ot_age_ms": 90.0, "rc_age_ms": 90.0, "n_wpnts": 80}
6000581000000,{"sm_state": "GB_TRACK", "path_source": "GB", "mpc_mode_echo": "avoid", "trail_targets_n": 0, "ot_age_ms": 90.0, "rc_age_ms": 90.0, "n_wpnts": 80}
6000598000000,{"sm_state": "GB_TRACK", "path_source": "GB", "mpc_mode_echo": "avoid", "trail_targets_n": 0, "ot_age_ms": 90.0, "rc_age_ms": 90.0, "n_wpnts": 80}
6000598000000,{"sm_state": "GB_TRACK", "path_source": "GB", "mpc_mode_echo": "avoid", "trail_targets_n": 0, "ot_age_ms": 90.0, "rc_age_ms": 90.0, "n_wpnts": 80}
6000615000000,{"sm_state": "GB_TRACK", "path_source": "GB", "mpc_mode_echo": "avoid", "trail_targets_n": 0, "ot_age_ms": 56.0, "rc_age_ms": 56.0, "n_wpnts": 80}
6000632000000,{"sm_state": "GB_TRACK", "path_source": "GB", "mpc_mode_echo": "avoid", "trail_targets_n": 0, "ot_age_ms": 56.0, "rc_age_ms": 56.0, "n_wpnts": 80}
6000649000000,{"sm_state": "GB_TRACK", "path_source": "GB", "mpc_mode_echo": "avoid", "trail_targets_n": 0, "ot_age_ms": 22.0, "rc_age_ms": 22.0, "n_wpnts": 80}
6000666000000,{"sm_state": "GB_TRACK", "path_source": "GB", "mpc_mode_echo": "avoid", "trail_targets_n": 0, "ot_age_ms": 39.0, "rc_age_ms": 39.0, "n_wpnts": 80}
6000666000000,{"sm_state": "GB_TRACK", "path_source": "GB", "mpc_mode_echo": "avoid", "trail_targets_n": 0, "ot_age_ms": 22.0, "rc_age_ms": 22.0, "n_wpnts": 80}
6000666000000,{"sm_state": "GB_TRACK", "path_source": "GB", "mpc_mode_echo": "avoid", "trail_targets_n": 0, "ot_age_ms": 22.0, "rc_age_ms": 22.0, "n_wpnts": 80}
6000700000000,{"sm_state": "GB_TRACK", "path_source": "GB", "mpc_mode_echo": "avoid", "trail_targets_n": 0, "ot_age_ms": 39.0, "rc_age_ms": 39.0, "n_wpnts": 80}
6000700000000,{"sm_state": "GB_TRACK", "path_source": "GB", "mpc_mode_echo": "avoid", "trail_targets_n": 0, "ot_age_ms": 56.0, "rc_age_ms": 56.0, "n_wpnts": 80}
6000751000000,{"sm_state": "GB_TRACK", "path_source": "GB", "mpc_mode_echo": "avoid", "trail_targets_n": 0, "ot_age_ms": 56.0, "rc_age_ms": 56.0, "n_wpnts": 80}
6000751000000,{"sm_state": "GB_TRACK", "path_source": "GB", "mpc_mode_echo": "avoid", "trail_targets_n": 0, "ot_age_ms": 56.0, "rc_age_ms": 56.0, "n_wpnts": 80}
6000751000000,{"sm_state": "GB_TRACK", "path_source": "GB", "mpc_mode_echo": "avoid", "trail_targets_n": 0, "ot_age_ms": 56.0, "rc_age_ms": 56.0, "n_wpnts": 80}
6000768000000,{"sm_state": "GB_TRACK", "path_source": "GB", "mpc_mode_echo": "avoid", "trail_targets_n": 0, "ot_age_ms": 73.0, "rc_age_ms": 73.0, "n_wpnts": 80}
6000768000000,{"sm_state": "GB_TRACK", "path_source": "GB", "mpc_mode_echo": "avoid", "trail_targets_n": 0, "ot_age_ms": 39.0, "rc_age_ms": 39.0, "n_wpnts": 80}
6000802000000,{"sm_state": "GB_TRACK", "path_source": "GB", "mpc_mode_echo": "avoid", "trail_targets_n": 0, "ot_age_ms": 22.0, "rc_age_ms": 22.0, "n_wpnts": 80}
6000802000000,{"sm_state": "GB_TRACK", "path_source": "GB", "mpc_mode_echo": "avoid", "trail_targets_n": 0, "ot_age_ms": 39.0, "rc_age_ms": 39.0, "n_wpnts": 80}
6000836000000,{"sm_state": "GB_TRACK", "path_source": "GB", "mpc_mode_echo": "avoid", "trail_targets_n": 0, "ot_age_ms": 22.0, "rc_age_ms": 22.0, "n_wpnts": 80}
6000836000000,{"sm_state": "GB_TRACK", "path_source": "GB", "mpc_mode_echo": "avoid", "trail_targets_n": 0, "ot_age_ms": 22.0, "rc_age_ms": 22.0, "n_wpnts": 80}
6000836000000,{"sm_state": "GB_TRACK", "path_source": "GB", "mpc_mode_echo": "avoid", "trail_targets_n": 0, "ot_age_ms": 22.0, "rc_age_ms": 22.0, "n_wpnts": 80}
6000853000000,{"sm_state": "GB_TRACK", "path_source": "GB", "mpc_mode_echo": "avoid", "trail_targets_n": 0, "ot_age_ms": 39.0, "rc_age_ms": 39.0, "n_wpnts": 80}
6000870000000,{"sm_state": "GB_TRACK", "path_source": "GB", "mpc_mode_echo": "avoid", "trail_targets_n": 0, "ot_age_ms": 5.0, "rc_age_ms": 5.0, "n_wpnts": 80}
6000870000000,{"sm_state": "GB_TRACK", "path_source": "GB", "mpc_mode_echo": "avoid", "trail_targets_n": 0, "ot_age_ms": 22.0, "rc_age_ms": 22.0, "n_wpnts": 80}
6000870000000,{"sm_state": "GB_TRACK", "path_source": "GB", "mpc_mode_echo": "avoid", "trail_targets_n": 0, "ot_age_ms": 22.0, "rc_age_ms": 22.0, "n_wpnts": 80}
6000904000000,{"sm_state": "GB_TRACK", "path_source": "GB", "mpc_mode_echo": "avoid", "trail_targets_n": 0, "ot_age_ms": 39.0, "rc_age_ms": 39.0, "n_wpnts": 80}
6000938000000,{"sm_state": "GB_TRACK", "path_source": "GB", "mpc_mode_echo": "avoid", "trail_targets_n": 0, "ot_age_ms": 73.0, "rc_age_ms": 73.0, "n_wpnts": 80}
6000938000000,{"sm_state": "GB_TRACK", "path_source": "GB", "mpc_mode_echo": "avoid", "trail_targets_n": 0, "ot_age_ms": 73.0, "rc_age_ms": 73.0, "n_wpnts": 80}
6000956000000,{"sm_state": "GB_TRACK", "path_source": "GB", "mpc_mode_echo": "avoid", "trail_targets_n": 0, "ot_age_ms": 91.0, "rc_age_ms": 91.0, "n_wpnts": 80}
6000956000000,{"sm_state": "GB_TRACK", "path_source": "GB", "mpc_mode_echo": "avoid", "trail_targets_n": 0, "ot_age_ms": 91.0, "rc_age_ms": 91.0, "n_wpnts": 80}
6000956000000,{"sm_state": "GB_TRACK", "path_source": "GB", "mpc_mode_echo": "avoid", "trail_targets_n": 0, "ot_age_ms": 91.0, "rc_age_ms": 91.0, "n_wpnts": 80}
6000973000000,{"sm_state": "GB_TRACK", "path_source": "GB", "mpc_mode_echo": "avoid", "trail_targets_n": 0, "ot_age_ms": 23.0, "rc_age_ms": 23.0, "n_wpnts": 80}
6000990000000,{"sm_state": "GB_TRACK", "path_source": "GB", "mpc_mode_echo": "avoid", "trail_targets_n": 0, "ot_age_ms": 40.0, "rc_age_ms": 40.0, "n_wpnts": 80}
6000990000000,{"sm_state": "GB_TRACK", "path_source": "GB", "mpc_mode_echo": "avoid", "trail_targets_n": 0, "ot_age_ms": 57.0, "rc_age_ms": 57.0, "n_wpnts": 80}
6000990000000,{"sm_state": "GB_TRACK", "path_source": "GB", "mpc_mode_echo": "avoid", "trail_targets_n": 0, "ot_age_ms": 57.0, "rc_age_ms": 57.0, "n_wpnts": 80}
6001024000000,{"sm_state": "GB_TRACK", "path_source": "GB", "mpc_mode_echo": "avoid", "trail_targets_n": 0, "ot_age_ms": 22.0, "rc_age_ms": 22.0, "n_wpnts": 80}
6001041000000,{"sm_state": "GB_TRACK", "path_source": "GB", "mpc_mode_echo": "avoid", "trail_targets_n": 0, "ot_age_ms": 39.0, "rc_age_ms": 39.0, "n_wpnts": 80}
6001065000000,{"sm_state": "GB_TRACK", "path_source": "GB", "mpc_mode_echo": "recover", "trail_targets_n": 0, "ot_age_ms": 29.0, "rc_age_ms": 29.0, "n_wpnts": 80}
6001065000000,{"sm_state": "GB_TRACK", "path_source": "GB", "mpc_mode_echo": "recover", "trail_targets_n": 0, "ot_age_ms": 29.0, "rc_age_ms": 29.0, "n_wpnts": 80}
6001082000000,{"sm_state": "GB_TRACK", "path_source": "GB", "mpc_mode_echo": "recover", "trail_targets_n": 0, "ot_age_ms": 22.0, "rc_age_ms": 22.0, "n_wpnts": 80}
6001082000000,{"sm_state": "GB_TRACK", "path_source": "GB", "mpc_mode_echo": "recover", "trail_targets_n": 0, "ot_age_ms": 22.0, "rc_age_ms": 22.0, "n_wpnts": 80}
6001099000000,{"sm_state": "GB_TRACK", "path_source": "GB", "mpc_mode_echo": "recover", "trail_targets_n": 0, "ot_age_ms": 39.0, "rc_age_ms": 39.0, "n_wpnts": 80}
6001099000000,{"sm_state": "GB_TRACK", "path_source": "GB", "mpc_mode_echo": "recover", "trail_targets_n": 0, "ot_age_ms": 56.0, "rc_age_ms": 56.0, "n_wpnts": 80}
6001133000000,{"sm_state": "GB_TRACK", "path_source": "GB", "mpc_mode_echo": "recover", "trail_targets_n": 0, "ot_age_ms": 22.0, "rc_age_ms": 22.0, "n_wpnts": 80}
6001133000000,{"sm_state": "GB_TRACK", "path_source": "GB", "mpc_mode_echo": "recover", "trail_targets_n": 0, "ot_age_ms": 39.0, "rc_age_ms": 39.0, "n_wpnts": 80}
6001133000000,{"sm_state": "GB_TRACK", "path_source": "GB", "mpc_mode_echo": "recover", "trail_targets_n": 0, "ot_age_ms": 39.0, "rc_age_ms": 39.0, "n_wpnts": 80}
6001150000000,{"sm_state": "GB_TRACK", "path_source": "GB", "mpc_mode_echo": "recover", "trail_targets_n": 0, "ot_age_ms": 41.0, "rc_age_ms": 41.0, "n_wpnts": 80}
6001150000000,{"sm_state": "GB_TRACK", "path_source": "GB", "mpc_mode_echo": "recover", "trail_targets_n": 0, "ot_age_ms": 41.0, "rc_age_ms": 41.0, "n_wpnts": 80}
6001186000000,{"sm_state": "GB_TRACK", "path_source": "GB", "mpc_mode_echo": "recover", "trail_targets_n": 0, "ot_age_ms": 22.0, "rc_age_ms": 22.0, "n_wpnts": 80}
6001186000000,{"sm_state": "GB_TRACK", "path_source": "GB", "mpc_mode_echo": "recover", "trail_targets_n": 0, "ot_age_ms": 39.0, "rc_age_ms": 39.0, "n_wpnts": 80}
6001220000000,{"sm_state": "GB_TRACK", "path_source": "GB", "mpc_mode_echo": "recover", "trail_targets_n": 0, "ot_age_ms": 73.0, "rc_age_ms": 73.0, "n_wpnts": 80}
6001220000000,{"sm_state": "GB_TRACK", "path_source": "GB", "mpc_mode_echo": "recover", "trail_targets_n": 0, "ot_age_ms": 73.0, "rc_age_ms": 73.0, "n_wpnts": 80}
6001237000000,{"sm_state": "GB_TRACK", "path_source": "GB", "mpc_mode_echo": "recover", "trail_targets_n": 0, "ot_age_ms": 73.0, "rc_age_ms": 73.0, "n_wpnts": 80}
6001237000000,{"sm_state": "GB_TRACK", "path_source": "GB", "mpc_mode_echo": "recover", "trail_targets_n": 0, "ot_age_ms": 90.0, "rc_age_ms": 90.0, "n_wpnts": 80}
6001254000000,{"sm_state": "GB_TRACK", "path_source": "GB", "mpc_mode_echo": "recover", "trail_targets_n": 0, "ot_age_ms": 39.0, "rc_age_ms": 39.0, "n_wpnts": 80}
6001288000000,{"sm_state": "GB_TRACK", "path_source": "GB", "mpc_mode_echo": "recover", "trail_targets_n": 0, "ot_age_ms": 39.0, "rc_age_ms": 39.0, "n_wpnts": 80}
6001288000000,{"sm_state": "GB_TRACK", "path_source": "GB", "mpc_mode_echo": "recover", "trail_targets_n": 0, "ot_age_ms": 56.0, "rc_age_ms": 56.0, "n_wpnts": 80}
6001305000000,{"sm_state": "GB_TRACK", "path_source": "GB", "mpc_mode_echo": "recover", "trail_targets_n": 0, "ot_age_ms": 56.0, "rc_age_ms": 56.0, "n_wpnts": 80}
6001322000000,{"sm_state": "GB_TRACK", "path_source": "GB", "mpc_mode_echo": "recover", "trail_targets_n": 0, "ot_age_ms": 56.0, "rc_age_ms": 56.0, "n_wpnts": 80}
6001322000000,{"sm_state": "GB_TRACK", "path_source": "GB", "mpc_mode_echo": "recover", "trail_targets_n": 0, "ot_age_ms": 56.0, "rc_age_ms": 56.0, "n_wpnts": 80}
6001339000000,{"sm_state": "GB_TRACK", "path_source": "GB", "mpc_mode_echo": "recover", "trail_targets_n": 0, "ot_age_ms": 73.0, "rc_age_ms": 73.0, "n_wpnts": 80}
6001339000000,{"sm_state": "GB_TRACK", "path_source": "GB", "mpc_mode_echo": "recover", "trail_targets_n": 0, "ot_age_ms": 39.0, "rc_age_ms": 39.0, "n_wpnts": 80}
6001339000000,{"sm_state": "GB_TRACK", "path_source": "GB", "mpc_mode_echo": "recover", "trail_targets_n": 0, "ot_age_ms": 39.0, "rc_age_ms": 39.0, "n_wpnts": 80}
6001373000000,{"sm_state": "GB_TRACK", "path_source": "GB", "mpc_mode_echo": "recover", "trail_targets_n": 0, "ot_age_ms": 22.0, "rc_age_ms": 22.0, "n_wpnts": 80}
6001407000000,{"sm_state": "GB_TRACK", "path_source": "GB", "mpc_mode_echo": "recover", "trail_targets_n": 0, "ot_age_ms": 56.0, "rc_age_ms": 56.0, "n_wpnts": 80}
6001424000000,{"sm_state": "GB_TRACK", "path_source": "GB", "mpc_mode_echo": "recover", "trail_targets_n": 0, "ot_age_ms": 73.0, "rc_age_ms": 73.0, "n_wpnts": 80}
6001424000000,{"sm_state": "GB_TRACK", "path_source": "GB", "mpc_mode_echo": "recover", "trail_targets_n": 0, "ot_age_ms": 56.0, "rc_age_ms": 56.0, "n_wpnts": 80}
6001424000000,{"sm_state": "GB_TRACK", "path_source": "GB", "mpc_mode_echo": "recover", "trail_targets_n": 0, "ot_age_ms": 56.0, "rc_age_ms": 56.0, "n_wpnts": 80}
6001441000000,{"sm_state": "GB_TRACK", "path_source": "GB", "mpc_mode_echo": "recover", "trail_targets_n": 0, "ot_age_ms": 73.0, "rc_age_ms": 73.0, "n_wpnts": 80}
6001459000000,{"sm_state": "GB_TRACK", "path_source": "GB", "mpc_mode_echo": "recover", "trail_targets_n": 0, "ot_age_ms": 23.0, "rc_age_ms": 23.0, "n_wpnts": 80}
6001459000000,{"sm_state": "GB_TRACK", "path_source": "GB", "mpc_mode_echo": "recover", "trail_targets_n": 0, "ot_age_ms": 23.0, "rc_age_ms": 23.0, "n_wpnts": 80}
6001476000000,{"sm_state": "GB_TRACK", "path_source": "GB", "mpc_mode_echo": "recover", "trail_targets_n": 0, "ot_age_ms": 40.0, "rc_age_ms": 40.0, "n_wpnts": 80}
6001493000000,{"sm_state": "GB_TRACK", "path_source": "GB", "mpc_mode_echo": "recover", "trail_targets_n": 0, "ot_age_ms": 40.0, "rc_age_ms": 40.0, "n_wpnts": 80}
6001493000000,{"sm_state": "GB_TRACK", "path_source": "GB", "mpc_mode_echo": "recover", "trail_targets_n": 0, "ot_age_ms": 40.0, "rc_age_ms": 40.0, "n_wpnts": 80}
6001527000000,{"sm_state": "GB_TRACK", "path_source": "GB", "mpc_mode_echo": "recover", "trail_targets_n": 0, "ot_age_ms": 39.0, "rc_age_ms": 39.0, "n_wpnts": 80}
6001527000000,{"sm_state": "GB_TRACK", "path_source": "GB", "mpc_mode_echo": "recover", "trail_targets_n": 0, "ot_age_ms": 39.0, "rc_age_ms": 39.0, "n_wpnts": 80}
6001544000000,{"sm_state": "GB_TRACK", "path_source": "GB", "mpc_mode_echo": "recover", "trail_targets_n": 0, "ot_age_ms": 56.0, "rc_age_ms": 56.0, "n_wpnts": 80}
6001544000000,{"sm_state": "GB_TRACK", "path_source": "GB", "mpc_mode_echo": "recover", "trail_targets_n": 0, "ot_age_ms": 56.0, "rc_age_ms": 56.0, "n_wpnts": 80}
6001561000000,{"sm_state": "GB_TRACK", "path_source": "GB", "mpc_mode_echo": "recover", "trail_targets_n": 0, "ot_age_ms": 39.0, "rc_age_ms": 39.0, "n_wpnts": 80}
6001595000000,{"sm_state": "GB_TRACK", "path_source": "GB", "mpc_mode_echo": "recover", "trail_targets_n": 0, "ot_age_ms": 73.0, "rc_age_ms": 73.0, "n_wpnts": 80}
6001595000000,{"sm_state": "GB_TRACK", "path_source": "GB", "mpc_mode_echo": "recover", "trail_targets_n": 0, "ot_age_ms": 39.0, "rc_age_ms": 39.0, "n_wpnts": 80}
6001595000000,{"sm_state": "GB_TRACK", "path_source": "GB", "mpc_mode_echo": "recover", "trail_targets_n": 0, "ot_age_ms": 39.0, "rc_age_ms": 39.0, "n_wpnts": 80}
6001629000000,{"sm_state": "GB_TRACK", "path_source": "GB", "mpc_mode_echo": "recover", "trail_targets_n": 0, "ot_age_ms": 39.0, "rc_age_ms": 39.0, "n_wpnts": 80}
6001629000000,{"sm_state": "GB_TRACK", "path_source": "GB", "mpc_mode_echo": "recover", "trail_targets_n": 0, "ot_age_ms": 39.0, "rc_age_ms": 39.0, "n_wpnts": 80}
6001646000000,{"sm_state": "GB_TRACK", "path_source": "GB", "mpc_mode_echo": "recover", "trail_targets_n": 0, "ot_age_ms": 56.0, "rc_age_ms": 56.0, "n_wpnts": 80}
6001646000000,{"sm_state": "GB_TRACK", "path_source": "GB", "mpc_mode_echo": "recover", "trail_targets_n": 0, "ot_age_ms": 56.0, "rc_age_ms": 56.0, "n_wpnts": 80}
6001663000000,{"sm_state": "GB_TRACK", "path_source": "GB", "mpc_mode_echo": "recover", "trail_targets_n": 0, "ot_age_ms": 39.0, "rc_age_ms": 39.0, "n_wpnts": 80}
6001663000000,{"sm_state": "GB_TRACK", "path_source": "GB", "mpc_mode_echo": "recover", "trail_targets_n": 0, "ot_age_ms": 39.0, "rc_age_ms": 39.0, "n_wpnts": 80}
6001663000000,{"sm_state": "GB_TRACK", "path_source": "GB", "mpc_mode_echo": "recover", "trail_targets_n": 0, "ot_age_ms": 39.0, "rc_age_ms": 39.0, "n_wpnts": 80}
6001697000000,{"sm_state": "GB_TRACK", "path_source": "GB", "mpc_mode_echo": "recover", "trail_targets_n": 0, "ot_age_ms": 39.0, "rc_age_ms": 39.0, "n_wpnts": 80}
6001731000000,{"sm_state": "GB_TRACK", "path_source": "GB", "mpc_mode_echo": "recover", "trail_targets_n": 0, "ot_age_ms": 39.0, "rc_age_ms": 39.0, "n_wpnts": 80}
6001731000000,{"sm_state": "GB_TRACK", "path_source": "GB", "mpc_mode_echo": "recover", "trail_targets_n": 0, "ot_age_ms": 39.0, "rc_age_ms": 39.0, "n_wpnts": 80}
6001748000000,{"sm_state": "GB_TRACK", "path_source": "GB", "mpc_mode_echo": "recover", "trail_targets_n": 0, "ot_age_ms": 39.0, "rc_age_ms": 39.0, "n_wpnts": 80}
6001748000000,{"sm_state": "GB_TRACK", "path_source": "GB", "mpc_mode_echo": "recover", "trail_targets_n": 0, "ot_age_ms": 22.0, "rc_age_ms": 22.0, "n_wpnts": 80}
6001765000000,{"sm_state": "GB_TRACK", "path_source": "GB", "mpc_mode_echo": "recover", "trail_targets_n": 0, "ot_age_ms": 39.0, "rc_age_ms": 39.0, "n_wpnts": 80}
6001799000000,{"sm_state": "GB_TRACK", "path_source": "GB", "mpc_mode_echo": "recover", "trail_targets_n": 0, "ot_age_ms": 73.0, "rc_age_ms": 73.0, "n_wpnts": 80}
6001799000000,{"sm_state": "GB_TRACK", "path_source": "GB", "mpc_mode_echo": "recover", "trail_targets_n": 0, "ot_age_ms": 22.0, "rc_age_ms": 22.0, "n_wpnts": 80}
6001799000000,{"sm_state": "GB_TRACK", "path_source": "GB", "mpc_mode_echo": "recover", "trail_targets_n": 0, "ot_age_ms": 22.0, "rc_age_ms": 22.0, "n_wpnts": 80}
6001816000000,{"sm_state": "GB_TRACK", "path_source": "GB", "mpc_mode_echo": "recover", "trail_targets_n": 0, "ot_age_ms": 22.0, "rc_age_ms": 22.0, "n_wpnts": 80}
6001850000000,{"sm_state": "GB_TRACK", "path_source": "GB", "mpc_mode_echo": "recover", "trail_targets_n": 0, "ot_age_ms": 56.0, "rc_age_ms": 56.0, "n_wpnts": 80}
6001850000000,{"sm_state": "GB_TRACK", "path_source": "GB", "mpc_mode_echo": "recover", "trail_targets_n": 0, "ot_age_ms": 56.0, "rc_age_ms": 56.0, "n_wpnts": 80}
6001850000000,{"sm_state": "GB_TRACK", "path_source": "GB", "mpc_mode_echo": "recover", "trail_targets_n": 0, "ot_age_ms": 56.0, "rc_age_ms": 56.0, "n_wpnts": 80}
6001867000000,{"sm_state": "GB_TRACK", "path_source": "GB", "mpc_mode_echo": "recover", "trail_targets_n": 0, "ot_age_ms": 22.0, "rc_age_ms": 22.0, "n_wpnts": 80}
6001884000000,{"sm_state": "GB_TRACK", "path_source": "GB", "mpc_mode_echo": "recover", "trail_targets_n": 0, "ot_age_ms": 22.0, "rc_age_ms": 22.0, "n_wpnts": 80}
6001884000000,{"sm_state": "GB_TRACK", "path_source": "GB", "mpc_mode_echo": "recover", "trail_targets_n": 0, "ot_age_ms": 22.0, "rc_age_ms": 22.0, "n_wpnts": 80}
6001918000000,{"sm_state": "GB_TRACK", "path_source": "GB", "mpc_mode_echo": "recover", "trail_targets_n": 0, "ot_age_ms": 56.0, "rc_age_ms": 56.0, "n_wpnts": 80}
6001918000000,{"sm_state": "GB_TRACK", "path_source": "GB", "mpc_mode_echo": "recover", "trail_targets_n": 0, "ot_age_ms": 56.0, "rc_age_ms": 56.0, "n_wpnts": 80}
6001918000000,{"sm_state": "GB_TRACK", "path_source": "GB", "mpc_mode_echo": "recover", "trail_targets_n": 0, "ot_age_ms": 56.0, "rc_age_ms": 56.0, "n_wpnts": 80}
6001935000000,{"sm_state": "GB_TRACK", "path_source": "GB", "mpc_mode_echo": "recover", "trail_targets_n": 0, "ot_age_ms": 73.0, "rc_age_ms": 73.0, "n_wpnts": 80}
6001935000000,{"sm_state": "GB_TRACK", "path_source": "GB", "mpc_mode_echo": "recover", "trail_targets_n": 0, "ot_age_ms": 39.0, "rc_age_ms": 39.0, "n_wpnts": 80}
6001969000000,{"sm_state": "GB_TRACK", "path_source": "GB", "mpc_mode_echo": "recover", "trail_targets_n": 0, "ot_age_ms": 22.0, "rc_age_ms": 22.0, "n_wpnts": 80}
6001969000000,{"sm_state": "GB_TRACK", "path_source": "GB", "mpc_mode_echo": "recover", "trail_targets_n": 0, "ot_age_ms": 22.0, "rc_age_ms": 22.0, "n_wpnts": 80}
6001969000000,{"sm_state": "GB_TRACK", "path_source": "GB", "mpc_mode_echo": "recover", "trail_targets_n": 0, "ot_age_ms": 39.0, "rc_age_ms": 39.0, "n_wpnts": 80}
6002003000000,{"sm_state": "GB_TRACK", "path_source": "GB", "mpc_mode_echo": "recover", "trail_targets_n": 0, "ot_age_ms": 56.0, "rc_age_ms": 56.0, "n_wpnts": 80}
6002003000000,{"sm_state": "GB_TRACK", "path_source": "GB", "mpc_mode_echo": "recover", "trail_targets_n": 0, "ot_age_ms": 56.0, "rc_age_ms": 56.0, "n_wpnts": 80}
6002020000000,{"sm_state": "GB_TRACK", "path_source": "GB", "mpc_mode_echo": "recover", "trail_targets_n": 0, "ot_age_ms": 73.0, "rc_age_ms": 73.0, "n_wpnts": 80}
6002037000000,{"sm_state": "GB_TRACK", "path_source": "GB", "mpc_mode_echo": "recover", "trail_targets_n": 0, "ot_age_ms": 73.0, "rc_age_ms": 73.0, "n_wpnts": 80}
6002054000000,{"sm_state": "GB_TRACK", "path_source": "GB", "mpc_mode_echo": "recover", "trail_targets_n": 0, "ot_age_ms": 90.0, "rc_age_ms": 90.0, "n_wpnts": 80}
6002071000000,{"sm_state": "GB_TRACK", "path_source": "GB", "mpc_mode_echo": "recover", "trail_targets_n": 0, "ot_age_ms": 22.0, "rc_age_ms": 22.0, "n_wpnts": 80}
6002071000000,{"sm_state": "GB_TRACK", "path_source": "GB", "mpc_mode_echo": "recover", "trail_targets_n": 0, "ot_age_ms": 22.0, "rc_age_ms": 22.0, "n_wpnts": 80}
6002088000000,{"sm_state": "GB_TRACK", "path_source": "GB", "mpc_mode_echo": "recover", "trail_targets_n": 0, "ot_age_ms": 22.0, "rc_age_ms": 22.0, "n_wpnts": 80}
6002105000000,{"sm_state": "GB_TRACK", "path_source": "GB", "mpc_mode_echo": "recover", "trail_targets_n": 0, "ot_age_ms": 39.0, "rc_age_ms": 39.0, "n_wpnts": 80}
6002139000000,{"sm_state": "GB_TRACK", "path_source": "GB", "mpc_mode_echo": "recover", "trail_targets_n": 0, "ot_age_ms": 73.0, "rc_age_ms": 73.0, "n_wpnts": 80}
6002139000000,{"sm_state": "GB_TRACK", "path_source": "GB", "mpc_mode_echo": "recover", "trail_targets_n": 0, "ot_age_ms": 39.0, "rc_age_ms": 39.0, "n_wpnts": 80}
6002139000000,{"sm_state": "GB_TRACK", "path_source": "GB", "mpc_mode_echo": "recover", "trail_targets_n": 0, "ot_age_ms": 39.0, "rc_age_ms": 39.0, "n_wpnts": 80}
6002161000000,{"sm_state": "GB_TRACK", "path_source": "GB", "mpc_mode_echo": "recover", "trail_targets_n": 0, "ot_age_ms": 27.0, "rc_age_ms": 27.0, "n_wpnts": 80}
6002161000000,{"sm_state": "GB_TRACK", "path_source": "GB", "mpc_mode_echo": "recover", "trail_targets_n": 0, "ot_age_ms": 27.0, "rc_age_ms": 27.0, "n_wpnts": 80}
6002161000000,{"sm_state": "GB_TRACK", "path_source": "GB", "mpc_mode_echo": "recover", "trail_targets_n": 0, "ot_age_ms": 44.0, "rc_age_ms": 44.0, "n_wpnts": 80}
